"hull","shao"
4.6818231351956,429.946546769493
1.25103139581871,20.4108100278682
1.39820525039433,29.1987016329699
2.03736739894311,41.0817291287538
0.29665503509062,0.993406473611646
1.26071007641325,6.67824888712894
0.93584109843558,18.0344846858383
2.37002187269373,64.8632446105125
0.768771944918581,2.92676092682723
0.639016712799056,2.31774067936311
1.88195376012208,62.7570730342553
0.984797199002159,8.15712519811518
2.75460957213637,95.8049387033044
0.938563393124052,10.7222041721997
2.07891543500221,35.5723950432926
0.374622708477455,1.49512302187032
0.425269818961337,4.14745597061738
0.772303626573615,10.080255030364
2.16852891267084,56.5569863983269
1.08526706473737,8.01994890947214
1.31608075899896,19.7038009724029
0.605695901116271,2.55992736241103
1.95759173077422,26.2520416328549
1.30498977623913,18.2281753274642
1.39262683814555,21.5809741370771
1.12857353879547,18.801027042625
0.138690514779227,0.51565087556231
1.05321287026137,17.0989659557252
0.563368402699683,1.43456922204831
1.4483209850532,24.2810510290265
0.98629306865893,7.51793465274653
1.24231890121256,6.02276294413947
3.67495011242817,158.086633248011
1.13491549921463,16.0728402199012
0.976302525315939,19.366328239189
0.902936837380857,3.21280747400695
1.19699676700423,5.78217436700827
1.25516774080965,33.8406094118318
1.58953942140611,45.8607323860036
1.06557720643207,10.5078203868605
1.4870076839727,53.5238491397251
1.78595231655026,33.2869878033952
1.35909540021279,37.5593272053082
1.30901143233935,35.7884949439077
1.30386813665605,25.243226675849
1.66107740456477,19.4582950615815
1.88108605349963,57.6761539616954
1.87135379168277,40.8302026066185
0.555851338552433,2.54070059569947
1.06606912499548,13.5973858972578
0.303050669531909,1.6753874452884
0.572750956866846,3.1469190273356
2.20642176798253,31.8786735532281
1.43398090791397,44.8595437811765
1.34703909531749,8.396006101514
0.649466226405475,5.86651101005288
1.2741097674117,13.6523838351796
0.867779945970283,8.9109884689801
1.91028093901205,27.5699248665417
1.14594912425315,15.5962151444771
0.799394224327204,13.0644173128813
0.58417590366322,4.26569249464906
1.82083834150384,39.5012880553734
1.57720140457995,10.7243501541791
0.612630490296074,4.38637523694617
1.25379761236368,15.8721386402486
0.58272084522984,3.16107874337142
1.38164647710857,22.9019287586469
1.36723802310587,30.5729073360251
0.394362448521034,2.47946938960644
0.708010321817138,10.8686513914711
2.29977842044558,86.2058214482652
0.611186648975299,2.00420270458304
2.36910063754482,97.3541027180023
1.27162466283914,29.9810107242124
0.517663363138744,3.8311620997402
0.635168316606493,7.58901550872437
1.5467692226993,27.9743279421965
1.65786981213944,34.3229920121833
1.72850604752741,35.7589055948743
1.15879859214885,13.8413987292793
1.32030644058036,22.7696810578697
3.7345512047654,140.916910898865
0.924569605025669,8.79584983702575
1.51663501822177,46.7308581986477
1.39560528125451,45.1557053554639
1.01081623987701,5.79204422724357
0.75870059580464,1.6502080324913
1.79176394093033,51.0279452412289
0.675845202946905,7.1049695894017
0.384896762504223,1.13863315667456
1.09321457517541,19.2381194065155
1.40642761628671,12.0898319514442
1.8317548018752,43.364434222137
2.4388596928723,149.197091353819
0.379713992765526,0.763221717018865
0.884607934125487,14.147097307145
1.06844346544422,16.7834242681326
1.23197027108118,24.3932429523613
0.89461535552032,16.4378057751693
2.94794526600238,212.156372425183
1.70767183338887,42.936382162585
1.19376999412324,6.8695162186018
1.60613186208845,34.7492101356966
0.544319714236517,1.81181011585237
1.15057015215362,28.0744903315659
2.28260489190465,91.3366175949463
1.50274167195211,57.399719331275
0.86473464069289,13.9375333658246
1.22454446360142,20.2315027419048
1.24970003689855,36.9639979741993
3.42978384599489,125.924443627542
1.18702977364443,7.30265818625012
1.56820842832387,41.0403114986512
0.56402194977813,4.86753099214404
1.15898499137678,15.0575819976101
1.70490475312096,48.4063030022935
1.2407158146944,18.068319595781
0.886332654263149,17.521489955393
0.081232308452589,0.0898115189418525
2.34623959980299,107.192230388665
0.907161149837218,10.9568002824479
2.02245555672953,24.7963795767087
0.677662051277358,7.20307328941132
1.52374694264306,35.2702246646723
1.03847713514002,11.9271992917429
1.38389485788284,22.4076899787081
2.21250870676435,43.8831269373108
0.636108978603548,2.79329064902971
1.75707251711295,28.2831995867648
1.89025850014767,69.7359502907678
1.47259357448367,37.1062428542529
1.35021321048883,25.3561162352594
0.713962993714814,12.0302623934274
0.568252256781295,4.20322190497123
1.69062061182698,47.5544666616054
0.915625994766788,14.6288945045185
1.03338474442249,8.74840202488192
1.65346263890417,46.8660281509408
0.727087992038819,7.91109660053037
1.84052911353364,41.2287052201633
0.986414776750618,3.76538194235731
0.917593765541765,8.71020525016963
0.946133793191006,13.8583012394781
1.70118748150246,24.2745987063307
1.276987886678,18.6822760270367
0.880993771548052,6.2944283877632
0.806685887014146,8.53255472263376
1.2172397890894,6.55312821594272
1.39181612520126,25.6888473246302
0.466303787491498,3.56753606155772
1.1091848733906,23.6666973075854
0.936884211022134,16.174873703864
0.991771204666535,20.4441816575735
2.32643979847033,109.111012919597
2.29190727830643,85.284044491916
1.48347165829385,39.1774295139356
0.60118767803783,7.37169842737263
0.967591060155157,4.44696371714106
2.42001282235094,123.013567170317
0.829326210681799,5.87975310856301
0.624879461681243,5.30955071281652
1.38716657505874,40.2675167450724
0.380520372979431,2.10036818244771
1.64789867253364,45.2371569786844
1.24165390149765,9.39443523845178
2.87177700341907,157.135176156515
1.34228059326894,35.902584716845
0.867238276595582,13.7797610956108
0.868689076122901,10.2634201229521
1.60011429261934,48.3410556839444
1.13743900125023,18.2897821337422
0.735458165083356,5.10453332295465
2.71358651889188,64.0621104483735
1.8740989741596,35.8484947186456
0.660094967057749,3.17011853406851
2.04238177579021,46.4685269466499
1.12920066487109,12.3879735901254
0.79592677382742,2.68925470786964
1.99239555512827,58.2510672454663
1.48281041277014,17.2897783085693
2.99759057320868,124.85600453803
0.65652524949571,8.58249160577379
1.3770140722568,15.2557591501413
1.30047572420131,4.42353301466161
1.45787658115724,31.6365833478644
1.36164769064424,29.5894561612641
2.08077291026965,81.8299567796702
0.456480028831246,2.79298292463044
0.650163777873725,7.39145104378122
0.577137515859722,9.19094829441527
1.2457507617291,34.0409412608212
0.099160698577469,0.158183537551887
0.906205467270245,13.3867713767309
0.115319672753856,0.075047322328311
1.31169617790289,20.1813286774976
0.469660209219303,2.99933363962491
1.77946940859476,41.3352355042425
0.8881073372709,7.21549351725501
0.681294857278657,8.38439812717771
0.468799748477827,2.8406069860227
0.676485850066642,3.91978168486536
0.130173286045051,0.326683288309789
1.49286751950923,34.8545000680243
1.28237899582657,5.5504833169569
1.33856659320037,10.6576934632863
1.14166410328938,19.2884142328975
1.77280901926922,15.2366656535845
0.447482080591182,1.48481816332075
2.43625862876814,69.5996908153781
0.272466039414049,1.26405509960326
1.3688020881491,24.2723691373837
1.73643427706137,15.783560165698
2.06602302466285,14.5260508522344
1.35730672664656,16.3193824942358
0.507353293795646,0.606543873294168
1.20907598747137,17.5173328406927
2.08209450905477,14.3564003796153
0.933510508285108,5.76937510018821
0.896404735716781,14.840003712047
0.902274277350141,3.81655849847843
0.979043939912832,19.2195914551083
1.03631697019472,10.7879636192078
0.897794883153344,12.6451940010217
2.14226792533531,90.8554277407756
1.86635546169718,17.6691526410167
2.1918445472997,100.104399568896
2.15299733328602,103.279060973736
1.16956775693307,32.4877245802135
1.21268568876667,31.5157330761179
1.06405109021042,18.8487891240397
1.11328220235829,22.3113240305154
1.3752239087926,11.6850454090414
2.52461151637858,59.3483540791672
1.44887674614895,36.8510092253366
0.886717646973053,6.71812356419329
0.436069922273706,3.34969727229537
1.63060807383477,63.4546396673924
0.140766797500652,0.210933312106763
1.42234054054672,39.7095077929592
1.17334905906147,8.46863669660597
0.302899657647724,0.683171702764722
0.349577024253017,1.7129766175653
1.53218863613616,9.28041892547073
2.37432971167895,70.8045654692658
0.895802060533099,3.53593379884936
1.12986299544754,10.392643341989
0.995032948979542,9.42423070410491
1.47965457929007,19.8938382940704
2.27165805374605,68.9098710354286
3.61480798062916,193.275691018566
2.20067510189898,50.8448242503595
0.608310428436389,1.79067475074491
0.629539776883419,2.68257629694391
0.753283815719177,4.6420356024067
0.941247734756024,14.5236030264849
1.2148114729764,7.70437172444865
0.673236718222043,4.07408368632578
0.513347630001466,2.33857825975367
0.672662429919546,5.92955148378571
0.403598247772766,2.9798797735078
1.2691973306556,26.4075597878028
1.25644659618867,20.4644677374088
0.601884209419379,6.91096496752842
1.1222818037012,6.64907891112583
1.23896208985541,21.5744001475879
0.362245280974458,2.24650856219206
0.702559288448959,5.51335319609699
1.37599383237205,31.6734812994264
1.21119993926422,18.8892997360424
0.845054542539248,9.33761274877238
1.517658439611,21.4511032202793
0.837516499403228,6.49864251945926
0.568853579636857,4.11858073236475
2.09965596805583,44.5099292161961
1.4335477963433,12.409011060931
0.766514379517442,6.6700377563543
0.677858081790562,7.33319833461625
1.24005113852091,30.4360094069616
1.45436621481087,24.1479692377875
0.388206115944669,1.77944928031182
0.444321263964433,1.90899829938845
1.27335501393287,30.5276470426442
1.22986319836644,15.042889362284
2.52943843486844,45.0738451367338
2.2835885570911,104.278157838892
1.48429267895479,44.5554799563582
0.657026092896494,8.0837733128328
1.94128292066236,60.2913099690012
2.40771544867319,84.5588526012477
1.61043104769472,69.0204912491897
2.18147762206046,68.7586814845541
1.90649976546939,53.0519070295257
0.865347601286415,8.95996589289275
0.82608738756955,13.5921145773242
0.507870722341376,1.35391210853043
2.10557782688237,39.3983064087301
0.19251546811599,0.531747744982983
2.34585233600233,82.8550947529872
0.767245862647318,8.45744532459317
2.40916646812605,47.3031163905918
0.593994103315094,5.12748531025754
1.10828489273556,6.16716523203156
0.354892099107979,1.77113611672463
0.407312904359858,2.85356071495746
1.05249345652925,19.4413712200967
2.00969797999735,103.527494691243
0.713504047771704,9.08345124563304
2.02760077254735,78.1178094907012
0.41803116785075,2.63469999128175
0.275627817936385,1.01083673021813
0.788828480871093,11.2504380359767
0.980642673506022,23.2461166944392
1.81347796824069,29.0430379650625
0.341692406324355,2.31479319736456
0.535807085779077,4.80647449697349
0.7590047986339,10.2990660462193
0.484063147945284,2.47794380003329
1.00328443994791,14.911475880964
1.96080704413898,71.7365088393483
1.74560137090468,41.1704369366929
2.97905597836365,142.7061993681
0.275166438807237,1.00805889459748
1.28974174398867,19.5129295425049
1.072779353933,15.7056598960252
1.36662894585328,22.2848735964871
0.860291312346451,17.255538263952
0.888059009607467,18.3350437179624
0.7020362220484,11.6784201873516
1.27339476089731,22.5439488760185
0.721146266409128,6.24979333011352
2.53087233080766,75.7913060153769
1.26442444877066,9.53523195083132
1.3317490611293,29.4612063189923
0.907609806131369,16.6210362932234
1.76955313096461,45.3649134069534
0.503650284970529,3.49832461063405
2.58440879554119,31.478444461375
1.72385062068287,54.2785079960272
1.105538754137,12.9526724054973
2.07733217420606,63.0572994669401
1.22894562339464,16.3298868990235
1.04454751025183,14.3854532012314
1.13340917758056,18.1472666436282
0.565519304771573,5.52610952640439
0.686633850040271,8.72836173879151
1.00394005735126,17.0212736067912
1.30396226635207,23.1262517395148
2.29935447204728,78.2815712251157
0.1258761356658,0.101448941449551
0.0681860290725085,0.0454223583669176
2.14965365648937,62.1922722018177
1.1843057817419,4.52175734112051
1.45042325851791,52.0700704100019
0.307555515322545,1.55598201003051
2.03365376481051,46.9073477042951
1.20475845487264,8.71401077389836
0.0801708087066617,0.122909975777698
1.34200341052271,24.7268905335917
0.788327744194063,9.52526075129367
0.803290884007545,4.74226871164151
0.709966339014969,7.08140098105011
1.96408680809272,27.3688604945619
1.12703901629705,12.623394142327
1.18959728857649,9.80738049264289
1.42094347510251,28.034652164734
0.740631906672762,8.72228516667495
0.937464867039787,14.3997588542675
0.905252893668713,15.7746883751076
1.70264229551682,22.7030212694855
1.50493616704199,53.1125361471585
0.489367247025028,6.88430764362729
0.511217674044116,0.989534820061365
1.25152813924973,28.7269965788066
1.21333894724429,24.1690763043577
1.98140613044732,57.5429422290077
0.609427808021113,5.40415599474331
1.88654810298402,48.7871647223539
0.595054152147603,4.93789744134947
0.5025560811385,1.74253608769107
1.76907387439791,65.1674315783443
0.0891082828605197,0.0921133802571116
1.21145079544684,12.325796075083
0.173624678475761,0.221001366068074
0.552708042799408,3.75450961151585
0.997050191280909,6.75929925433375
1.11555294395826,26.7714369141495
1.47786515844205,24.0941878445172
0.998854809999925,7.85785277523871
0.11545357903258,0.123622393475069
0.884412582094337,14.1348386910016
1.27733044993219,23.4088799717177
0.93687289427439,11.0191841909198
0.825521676266454,15.9908156966626
1.13598138237133,30.3573052025641
0.855736394342697,17.6506008026419
1.64945037565088,61.675264739663
1.64046009521285,24.0180414027766
1.88358573570959,21.097355838691
1.75138465547632,44.4737081176215
0.723013459130363,1.51593920910216
2.59452176151094,173.526089939804
1.05841577838314,18.9231828818487
1.42939043592024,32.2298690295827
0.195134932352311,0.776889627894222
0.156599976409513,0.495575187326397
1.10286181861511,10.4043015400675
0.690799345352645,8.65009820937075
1.07133371444331,12.0407168091753
2.30927546910829,51.2397375319477
1.25070165552924,22.0419757564826
0.841896539315761,9.05769749855207
0.943706205882971,17.1908524473694
0.526737742990392,3.19122486381942
1.96954042892569,83.6592784641404
0.643241643859632,1.2550646146658
1.02286951164789,23.0245767094784
0.445698096152803,2.80326238800656
2.56192647293736,61.9964547320099
0.725490852927267,7.46948700480944
1.54376063817387,32.473648934833
2.15636245073423,103.36155119228
1.07578110617223,12.6337002399595
0.884321321443784,5.91261834388366
2.48064329722576,127.420539774592
1.9252878621556,28.0707133264467
1.53631488249335,33.7160363875306
1.00198131614441,11.7260023122968
0.607685140576479,4.24782611221638
1.6547683087183,27.7486556665479
1.56226460660174,40.7312011675985
1.24640675682242,36.3401121879724
0.265070327967682,1.14966092506926
1.27820035759359,21.6831873527809
1.28641384348836,34.1593701920194
0.394039722031666,0.609886071968062
1.96300770509976,22.8533619514347
2.82698584295515,196.006814609173
1.34482430970244,39.7864177314607
0.528334785369305,4.82147903174997
0.945932515185148,19.7542432791997
0.817654674376757,10.6796513835166
2.08726761988945,58.4658891729738
0.583169645465735,3.13584428112647
1.8201661181221,41.3351021784556
1.81632016713849,54.3120061131998
1.61864874069096,16.3152489225792
2.7099180600989,64.4868567140435
2.64634537159572,48.0781167855048
0.114646237882939,0.338708797717287
0.881702535565167,11.8171573364364
2.6290219131968,116.017792527979
0.593718782058086,5.69709153766087
0.205504588673983,0.37705235399682
2.20754341465485,16.0158986251907
0.928852761827105,2.3478450798394
1.13767640667599,13.5959334341867
0.94719806997725,8.52079906699776
1.42491991833894,17.199522549325
1.48977335969711,11.115270319677
0.757428020204349,2.54429221649594
1.26930452691694,13.4830226828259
1.78342065897795,68.4068211532684
0.510257417853389,0.975516654533151
1.46445199536955,35.8759095057595
1.82972311820118,54.9872487485799
0.93005752803589,12.894111274718
2.14884858006756,58.7126784260852
0.646848139042724,4.64235485924827
1.13772274973354,8.5609727042488
0.556725577566733,1.9096964727095
1.91554858409856,34.7514216614777
1.32853842948517,24.479449463842
0.746096248918434,7.18718847175587
1.14812038982745,11.5536415049261
3.32665219185952,99.0869606991125
0.788112931755366,16.1789102690128
0.375956889617877,2.39622514907585
0.552594365938982,4.77849546655306
0.426881266973763,1.26290088288166
1.75376253013297,16.3217472257339
2.99554844770806,158.900492147671
1.60192700996961,38.6476277901566
1.62465309173788,18.6404225804571
0.781812460500097,6.70928004997184
1.94149134747667,80.6224253504166
2.12384637168254,45.806737187617
1.97849173213863,81.0680810353788
1.7611799169386,53.0057028568075
1.19829201524085,31.2913290547836
0.199214531031436,0.758265333410963
0.391465981862907,1.68414730074921
0.966375785339591,15.7048613640062
0.552385015043826,6.53556823748587
2.35348404354177,83.1577238492244
0.874409126305194,11.7294783337803
1.98198595992375,85.4184512072884
0.614764266618922,5.50809257856138
0.977163826801632,13.863612345985
0.160393631270199,0.328029211402425
0.957451403457031,8.3723554656199
0.866332522440136,12.6894961415694
2.77864325438366,166.857374109098
1.66356711926854,58.9161130036917
0.448453443027196,2.25277432025024
2.42084404043824,43.6533755291285
0.567362869692484,3.60969104684344
1.37439264836098,16.4800841334823
2.06859543344294,68.5634256742162
1.1480881584274,10.9123618258578
1.29259060082946,30.8078109769597
1.79829661765721,36.4123900230193
0.509940063221258,4.60473619205328
3.12453317009456,102.924700332017
1.13704016024163,21.6904003308597
2.41021839085435,41.5608735337871
0.770911031708284,9.0844889370671
2.4635698498871,74.1300743521959
0.398535557919172,2.56948524123907
2.00905023439125,67.4093227681664
1.65203459510519,13.3702826602313
0.799170692673574,7.25505915011957
0.649760589932623,5.59997117141068
0.693368771251475,9.09454848711456
1.52065148941112,22.902475065156
3.92615989980974,256.441074075698
1.24154072555347,10.9080227131799
0.85183703420766,17.6220174931807
0.46879260722682,5.2500125688365
1.09683190503662,13.1153341341893
0.35323527103287,1.8469828496118
2.09166673758891,47.6382804502487
0.669317800977647,9.03904139853606
1.4143021647552,21.3028052938878
0.342988753129293,1.83712092514635
1.48545594489287,15.3149004008336
0.956216158853802,16.665334611402
0.866422642101222,10.9234414750915
2.49227699915917,113.474223866779
2.61067823096374,111.97648023636
1.30310681029046,17.1130074905457
1.53699778213516,41.0996535520707
1.70311271062853,40.9648480659624
0.605343353182985,8.03987739439487
0.553876093251069,2.68369212340098
0.9139873741483,8.75554837169404
0.791626575429472,4.42736806574867
1.87455854336907,38.4116630724915
1.74225448269816,52.6324086427658
2.10677446983766,99.9962168003173
0.640499481093708,6.68154395635161
0.644962401592711,9.73602444479555
1.93483847204841,79.5791563798664
1.23874363071429,20.987419349158
1.42266307572564,8.12321214340612
1.49637849715625,44.3460028100781
2.70384171019193,74.314912523457
1.60175348833731,61.4054582517847
0.157762327861892,0.827312944965158
0.603938849050621,2.97113322036842
0.673757788985279,2.52907155736603
0.668745544245235,7.91890563573548
1.1051690986914,13.4939728443455
0.440697741205735,1.32215626337222
2.06128102559661,60.3463866860227
0.342213194295138,0.927852070921741
1.3886471259663,29.201075345757
1.63463404287522,27.8704917716404
1.43890325768828,36.1145489523171
2.11035299579656,72.7171351209788
1.67476387642203,39.6020989874835
3.10565326530641,130.208803884529
0.884458849160177,8.55865122922487
0.48099954964889,3.76363286699848
2.87462090821807,188.607521990952
0.922019479561947,14.4754473704377
1.01508928194278,13.0256407375663
0.886092703549726,6.72187030236239
0.608209898078626,5.85916504610688
0.774453626714232,1.55014762131876
0.802481822147333,11.2907578841326
0.903872153564817,5.09547312050679
1.21397653835564,19.2049067744855
0.755293467200777,9.43833459817607
1.50516809671551,14.9177871641575
0.612946260757897,5.47144015367333
0.507172607629488,3.6274393553501
0.763480007631353,6.51057273714099
0.757865812995599,9.12636322157852
0.916784601695266,4.77741254476212
0.749400969415921,6.98271383961919
2.53791235200482,52.3056075338103
0.226699508560285,0.890305176941766
0.747461742016468,12.863815981835
1.98498620701029,73.7482826224614
0.584027823859841,5.84765202779483
1.2930305273736,22.444333310017
0.762056534404716,8.37608035553399
2.6192932732232,68.9253362018873
1.65880550124074,52.7009943998501
1.01170288567614,11.9728701163982
1.39781824047878,33.6998057397315
1.69104560240309,37.5665183346742
1.45314131986155,14.070501845517
1.71434125375604,14.2395761791248
0.693017876725933,3.56417496912545
0.985823143889529,13.0043797128277
2.55570487854856,50.0273291234302
0.210212811442698,0.870228101550308
1.12026269220563,20.6284168714312
1.15759733103263,15.6541270949024
1.02473172118085,12.0391059570008
3.07167947615425,107.392232151509
0.673800851761692,7.04969286341188
1.4910600817117,26.1212968560992
0.534039415592372,4.14818525207269
0.899040680742663,13.6180803787092
1.44652338581212,50.9548012992485
1.22978255480652,26.4237139412864
1.76090248631569,35.630965346655
1.15764946990075,24.2007725387694
0.790591684396536,4.77228469761127
1.27983033461808,22.4197839527758
2.4417162858957,152.623215683996
2.15858723831141,20.8691981494483
1.27148719931766,9.89148970522321
2.12678862610444,41.3261723214559
0.575590341709512,3.37512566171926
0.512486398193415,2.94540366643143
1.51516042940082,10.0929828303071
0.639983466926745,3.18566395902371
0.883773242146095,5.31822021845512
0.658739661588137,10.7700185413242
0.706273206022003,5.11058873705161
1.99298650454007,54.9974819866867
2.64081095843059,88.6936085982357
0.484943980411662,3.87846460160823
1.66273052861032,14.0089571092379
2.58053728739484,157.229436233102
3.15799140081259,155.015780988936
1.81929174508275,59.1317017501769
1.15851846788713,25.7228020344273
2.14175782863208,53.8095371644493
0.663810287930975,2.69360406805836
0.802892687600585,7.69941748815336
1.03371322344835,18.1491644005776
1.07322179339881,15.2829159026009
1.52216109426078,8.63442981911317
2.52234369466068,125.815158095634
0.676140408479739,10.3459931523489
0.415889216750984,2.10060852886683
1.40937323858822,12.8356834317381
1.75691258540963,33.4683272862582
0.190336897952867,0.221337109677473
0.825218682328119,5.3195244163479
0.414609260493649,3.40942767482016
0.701938077019785,9.10957014621362
0.782428627120833,2.78813544896796
0.878385764638201,4.6502398800185
0.942165575029611,5.10230981175308
1.733268537781,16.6601614995961
2.38705558708962,20.618444012537
1.84121866677478,31.5194864002564
1.75066481802314,35.7144195918158
2.13740540724168,103.73143924106
1.43939998134622,25.4349359901111
0.593775743622108,2.00639171384058
1.6481333388928,44.1412946638121
2.11359597463549,41.8145198502986
0.505357053663453,6.68054406343521
0.639269341254391,7.73540121265859
0.527118986350993,4.01707746723454
0.180850947651241,0.331783261620357
0.816451490409574,10.2342243714527
1.6585849703595,33.2366883612391
1.16348311172242,27.2422065878195
0.646123564528295,5.45526222391748
0.748114107884357,10.7318141400546
1.12867149234698,19.646758638093
1.83501386351748,22.6258940142341
1.04603654626728,9.34654486263414
1.15868697438854,18.2210482685334
0.458859427828396,3.44629909186854
0.252111880143745,0.382627301618731
0.331388896227218,1.44102333373846
0.984800250129907,15.9625355159513
0.957115856661796,7.94784048477213
0.943884283075351,13.1936888106633
0.370548101775488,2.05000248033548
1.3997679661958,15.6332069993774
0.811866023759843,5.85090746366648
1.1707162206989,10.1966813434139
0.42480890512671,0.414468464640608
1.1630072969605,25.0182430868421
2.27062449008257,52.397761031921
0.564275232646211,2.55529117476985
0.531693692549643,2.27316337794305
1.09413685162144,14.809105737751
1.23438897410482,24.56117431738
1.90287120682887,41.6626295370396
1.03502152158395,6.33976551287612
0.409071888212517,1.18381483713118
2.32050380874901,124.590184760056
0.759386305540183,8.50492685557846
1.32842404654234,5.36221677285848
0.611444697383174,1.63801070957361
0.168561715466318,0.0962968679654397
1.08975857713207,22.1910126480167
0.879074352101368,6.444688607663
1.51685787217071,5.95274687553579
0.398772589389999,2.58418458219475
1.45167708454815,23.9984582365155
2.84618503192521,198.756259427634
1.27914115181594,25.260268124911
1.3898937608506,16.4635477479453
1.63957786305541,47.7710200816474
1.19510128220774,23.4376453091149
1.64810609036241,71.6109849566216
1.4655822581817,28.5588037724608
0.437727392561322,2.35770233229991
0.410898247587871,1.97960631485846
1.56175905600541,33.369589806929
0.729311620926429,7.86047682411342
1.40673317762131,38.0761928650253
1.13599246149277,16.1978841135305
1.52220255663255,26.1332086928592
1.39740753733368,22.6640656595051
0.700379242577105,9.92236979082034
2.0217465974214,89.7241096780815
1.04493940649432,13.2587670987126
0.263486915280928,1.40337057577032
0.947861748897993,3.64432259637827
2.51207524055426,41.8941773789711
0.708126331492,11.2261523269964
0.777322993422807,15.9944371526172
1.08296626158557,6.52957907851618
0.564594548568138,5.73554322363631
0.328409127083913,2.27411207853602
0.275593652330598,1.14961332957852
2.40219401325679,124.083656423761
1.93263716523081,89.215367850246
0.357859883514144,2.04791429035044
0.476312162802127,0.815907542268087
0.702026656389915,7.50186452799824
2.3600617972732,39.000069711794
0.846790094974559,10.033926326465
0.167334804633933,0.385682887940308
0.713135814462094,9.231556870611
0.656802355628031,6.88076469857922
1.58910419882372,33.8610961255936
1.15000097787647,20.8671437381213
1.11372511981792,13.1264566727304
0.707894316324922,7.6245248023629
1.99397248628109,48.2479347774973
0.853010067395403,3.02875232368045
1.68118807933781,31.3088732726477
0.178483108305025,0.314709593958472
0.822449378298439,12.4901758132349
0.434224947553172,2.067416786463
1.01470512488531,17.9474613929526
1.21255852106883,31.3278547433053
2.05080845653671,27.9807729851711
2.24189835939143,130.08639896779
0.05444971082509,0.0420671973855983
0.563409286603154,4.24679851350716
1.24778436262656,28.2005753079892
2.46940265561726,77.1146196178259
1.19928855284893,17.504871494453
1.32629029325333,9.16103555222433
0.675172119884678,7.50811021123334
1.56454885375181,66.5148244080702
0.0726867686781444,0.0614598916756059
1.4694886716114,19.054607326977
2.47526103483134,56.1077362307432
2.11451688215457,86.6670322938209
1.39973511984493,39.7796081455422
0.857127186619363,18.8209926763713
2.45380719356366,60.556024497121
0.362588242803865,2.12695569185007
1.01411521837314,21.9481078317817
1.09382234862544,22.9881226422987
0.781766531760979,16.7465870667449
1.62401062076209,51.5356232723209
1.19297172931664,19.0380034311462
1.17136465230888,21.1333731489031
1.92351053615905,66.5924453273597
1.31051247213929,14.570438317492
1.02903726312867,11.0919692767046
1.13510518593842,25.1547301141951
0.364579438717419,0.997166481309633
0.500411761215904,6.18542320650558
1.70121770309479,62.6877763097443
0.866661472165153,10.5784238555608
1.08491455160139,6.52655216509892
1.42540899121092,6.37329572510412
0.846103101796531,3.50460464833492
2.6506017216802,147.795080421383
1.23761660522306,23.8449848479201
1.02254649954886,12.1957835095157
1.14216832779449,18.8566037235899
0.975521001617693,14.4384269414174
0.941600207432107,10.2986612470544
0.892201907058885,8.36158107835311
3.54328697668181,216.799221745788
0.530588339089738,5.33778286944757
0.51565274594898,5.09599496980865
1.61880406303354,13.6302303975784
0.846139327058308,14.7380901003721
1.06329155424558,18.7730294282584
1.83026799299615,63.692664155842
1.7591493663276,64.8885499862381
1.27922288321827,25.5803461044389
1.24646730252412,29.6444945915816
1.06935394953803,16.0278054656426
1.26446417639844,8.80960346534661
0.948145246904431,11.3129676311943
0.661840547149931,4.7115301113047
0.554759615910403,5.0947294780369
1.78362269596444,28.1147284043989
1.85164189467993,12.3661462735453
1.05232964232768,21.9170570196864
0.880483347383948,6.0196662686624
1.60799937737813,20.6354886997146
0.568113925969069,2.60350720270882
1.51592252701123,53.8732660275122
0.848314815234446,3.59908169810865
0.501052069776072,2.73842758872527
1.74683427476034,57.2579340293955
0.180271787488868,0.710802826932625
0.446709491138202,2.78963722206537
1.5747253918045,34.0500999362304
1.3803388164007,25.7576062050825
0.788950591401449,11.0562889285386
1.91460382272126,71.424401355587
2.79923415457273,69.6885000241017
3.09178432852446,125.530825393048
0.345582399765748,2.26912814084382
2.87560138446067,54.7377158043764
0.689870849019785,6.76056157243471
2.91641901457885,77.7023691039744
0.946701889129778,12.9854357164176
0.921653286697852,12.8460042084326
1.48980105431976,28.2068551918228
1.20386127385422,34.3385363411555
1.79450428187993,18.1014993603647
0.457362968447959,4.81310184955145
0.40430467938493,1.18810364220896
0.73769591979407,4.38000980143171
0.735109695107909,8.43615872402146
0.95100501007322,3.33828322938615
2.07562288441592,67.3521094529948
1.89295845079128,9.7059776219075
0.830841078309398,14.2725705269746
1.48324914832336,29.4767016746592
1.2904164185297,24.8574322804747
1.15805159091293,20.891507725755
1.88671684220541,87.5377207127995
0.74540223223731,6.75393910192853
0.939128013632668,6.59893265182491
2.06563381926548,81.190305800015
0.464997295288752,3.34050100336393
0.930164061560164,7.89968123016014
0.722486720247852,9.68230028394246
0.993238101501094,15.087432843493
0.137369148604875,0.405153355299212
1.05105913522461,22.7613905877954
0.500970186616053,4.65643396202125
2.03828303267455,98.6120869695567
0.706773243946406,9.12041066931584
2.01559265543306,71.7194532621072
2.12206157904616,66.7852077695583
0.600647580065151,2.25782668089771
1.77897009776913,46.7266999928171
0.691875773920405,4.4520749903455
0.22759027817098,0.221948758700832
1.39186802134453,35.0920927051157
0.37742393219462,2.33879169196272
1.82189606594935,82.0957836854235
1.28090910237211,11.4114508354812
0.932960238014212,8.0836870348015
0.554005255956483,4.34172309772151
1.16257025451287,7.8014575048252
0.703035808884216,2.93037546565145
2.07028552696024,80.2052811870963
0.305401574990392,0.654898994323547
1.0155810649904,17.4357020806524
0.978975126642998,9.43998432083884
0.751109754756786,2.10803096989147
2.5333144426922,102.156369632715
0.728876352040493,1.9032544957517
1.87478140987574,57.9655650651573
1.47304843136025,30.6561836289287
0.587248531053798,8.2202221310741
1.57799318289237,46.4518545588282
0.33346724660104,1.69026611964581
1.62123458249382,45.7699891274042
0.823862300687156,9.16342062868235
2.22735705613674,35.1263855993631
0.829932594725083,7.14991196659555
0.310101162591123,1.5512689113833
0.830779046057245,4.09188065633395
0.806389340439198,4.13781384087693
0.760350015797325,8.94811577452614
1.74027893946696,37.8485882837896
1.14605672398691,8.78228640795085
0.480251870707416,2.49191713828109
0.92970751792886,13.9056393555576
0.988863073287797,15.0587905425401
1.07936922821663,4.31412172478358
0.875813724271191,6.77108709290974
2.09516798159778,41.4305951922383
1.91578653560971,64.9686976369263
0.0748287574687612,0.0755458253395258
1.3102701610301,14.3953719726074
1.00304823488126,18.5008273339271
3.6664407001225,190.961925978465
2.57655753901318,72.8702192781455
0.617974937794577,6.84363627008186
1.90438236022505,57.6451872354754
0.563657574941582,4.74206382390144
0.173994252351382,0.148079427412978
2.40863502174741,84.7304975303707
1.20752042226606,21.3487275452498
1.54222324463838,16.696576943321
0.912399751341043,11.3812737887784
0.579498199361022,3.90229535240053
1.76978557376872,34.2061612932607
0.710062931693365,3.37456624898848
1.27253004136326,10.7647077983432
0.919665462791105,5.09847981682255
1.05647723537802,4.95291763258987
1.03025120386849,17.7096500348014
1.2694874068458,12.094351090661
2.87683113054938,133.537869449276
2.29490932755045,77.3717947760149
0.461750413481209,2.01262973634872
1.71191392715339,53.7497785897937
0.189127748804558,0.731552648529455
2.25266622570828,76.3727640458979
0.95073589697607,4.30395014280106
0.979942638265141,12.3211467765619
2.09385756801498,70.145655145453
1.39810578022414,7.93342448817095
2.26071291538641,74.8743264191416
2.08481097152708,94.3138219738402
0.64763905562497,1.99056356940279
3.61133536297719,263.263599179783
1.03757036688709,14.4835168185262
2.18020157282042,114.910697033905
2.05543500132966,124.09798821668
0.695117738344441,5.43899088189333
1.18619166488342,16.5026712016545
1.18186351941808,21.9952559029033
0.121458167247497,0.175928234893363
0.871012653693781,11.5761760062608
1.01698654202513,19.0156623983718
1.63928911304778,78.833318486102
0.906679234179026,7.66545587420485
0.689899499921708,8.81671833054532
0.501742760718712,2.60721034195446
2.77828874947564,139.399044800272
0.94627284398975,12.417987920613
0.651099415131132,9.55327479317913
1.10629131431648,22.7239717021833
1.3053015654179,19.4001707193041
2.67654099665726,77.73751408007
1.60382025114847,46.5904716120996
1.16578193118291,19.594485209466
0.452258290297003,2.56019835187801
1.00560179698305,19.918894422271
0.632168480281601,6.70432610670882
1.52016427450144,15.1194224124218
2.39699463072123,94.2109502835388
0.130444581741111,0.119666959621517
2.61662439940673,87.0307583988689
2.437442695828,145.260470779999
0.262992859683689,0.262983866996245
0.948127453945971,19.6260265569655
0.730426978907948,9.51051476753669
0.241850662294022,0.776406983957019
1.32855988830614,16.4234230730478
1.55943880126217,32.4996671021088
1.6197536968599,17.0911915387982
1.3550895609646,27.9570134135125
1.2460751045256,13.2548843922123
2.31624549597678,128.830573703002
1.83130438468476,27.9291297242722
1.17259487437969,29.195907914477
1.19788606460283,10.7776656631197
1.41734445482348,18.579286122484
1.22281385176212,21.3621970873371
3.63256993015414,195.349729515061
1.01260570135767,14.0380550487791
0.136485942009557,0.0770146646404244
1.60793462497233,36.001926530145
0.256827652007857,0.584188046283293
0.42071562309433,2.31412681497159
0.983091045683048,15.2658456794296
0.785482049805223,13.0801946181257
2.79193263533755,134.964557219299
1.59565204249584,43.8768610882458
2.07394132295416,43.4510509243265
0.126356159534729,0.192999519295898
1.55825230645403,15.8129569414095
0.274848659432004,0.741505136328595
0.542402037116688,2.03892272635356
0.849341352951301,8.50863291101854
3.0407172563895,180.279449316749
1.41282736866693,20.6110160538182
0.547837001061422,3.52469929957481
1.27024971040901,50.0760630671484
0.511138323112961,3.21787026546756
1.60598845810423,15.1040411773028
0.837298256110289,7.90693660198061
1.18501687045581,23.2592939817229
1.237487568615,12.5849291901366
2.83286637456007,172.972949168752
1.63843076221584,43.7389855475806
2.40942103991979,69.3001771737148
0.5677554752247,2.92685165820821
1.61675706827229,68.2301788821
2.36902909062652,119.676490524318
1.24233821280365,30.2923142170371
0.458580800751473,3.86914363391564
1.80473742760864,64.4797871904596
0.778197187729538,5.02713049694305
0.693142955955296,7.20132796101446
0.409863980098742,1.36485105309397
1.21063745625319,29.548083710071
1.18588652614826,5.79608981827892
0.883403447436218,11.5575807641498
0.41480487739701,0.979234573728345
0.681392271615588,5.56723156328435
0.860727232750136,14.4271322742329
2.15421131857644,106.537109924171
0.76368903320959,10.5077547831872
1.82611113931123,50.94324428578
0.545366528298894,3.6643120594043
1.14805447762812,12.2787689935336
0.383721047676808,2.0534605020999
1.89483861297701,43.2445589704793
0.46246440883054,1.60325554963304
0.61255098090297,3.2253137414215
1.21359034956685,10.560292846294
0.668873893227928,7.31938290312192
1.68195765083207,60.315628939158
0.53635591335228,3.03977305548573
1.57191843677294,20.9440194324462
1.58787444848246,10.0161765643587
0.647249676276406,4.16497251206769
0.288313188445704,1.30659709568645
0.803185458815586,9.61360290612878
0.625125884858003,4.98018740241619
0.789069622924126,8.54598098063007
0.827300086656498,3.85229720567155
1.41650197871838,24.3951413627048
1.6778095472324,57.5968824873802
0.616301153875531,5.77652683042275
0.257994309332873,0.819005483699402
1.12754383406702,18.655309603196
1.12271303180652,18.1181745765619
1.74543488829833,14.5046393076175
0.629182557189682,5.5258915206988
0.709275958233018,2.27215340306921
0.418716161953363,1.49940640708839
1.08681389096866,16.2585354939101
0.932918669805903,11.5369818254621
0.832940896358352,14.6574804945071
1.16865060160682,4.79794933731124
0.808793874529671,10.7644970856778
0.0353557036165318,0.0210197235838997
1.27881282759886,27.5281075387672
1.51709523312438,36.2763254321758
1.04755803987874,14.9573253237962
1.28715772909573,25.1570915260613
2.04247183574906,33.3566563940589
0.885126293309932,7.18571499969278
1.63073636988454,26.3974834105855
0.56947521260518,6.99356555233559
2.1487096042849,65.6925294954224
2.48194491055906,126.759781453548
0.594282830024702,3.65184881030572
1.15896030953937,6.36676251682036
2.56399638178763,62.9815400377825
1.19229464360086,13.3348706326975
0.865944954785373,12.8646027173059
0.717361854906108,7.50841768096082
0.980029864241076,25.5115060776006
0.811873856415351,8.62065860415773
1.17053473736276,12.173358535173
2.61952800189786,112.987784564138
0.625983253356041,4.74776547886871
0.680682630573663,5.43848734111531
1.90964099986504,60.0031755714991
2.96972068934463,118.241552241832
0.605839418335205,2.03517576874352
0.663498322795446,6.28200809919488
0.709560942395473,8.13731299076016
1.87091762709171,63.650989179731
1.29195432882785,26.2845565687468
0.822460497522538,14.2710746998057
1.16403744157238,10.7604476636709
0.821661342365021,10.3614113381983
0.972580343721326,10.3047941404298
0.981358920690717,14.5058305398425
1.26250663421179,26.5167505768383
2.54293216859744,72.1798247870921
1.23690367116868,32.4998494942726
0.62321317424168,4.25489067693394
0.435021487181566,2.54293251696416
1.3826983243358,35.0796216831027
1.98539614788271,41.9010131153092
0.317235233761857,0.857504354130179
0.936427963882348,9.70099216106537
0.274158689026501,1.27766387524403
3.05087113182676,118.215059315732
1.71202703608299,21.8259462173005
0.483920845779612,2.32918112408269
0.583067079015557,5.87428946070964
0.917396609945102,14.025504635943
0.736042367274948,11.3848721839465
0.5987904687553,5.1268480026452
2.4489050536384,138.405050629718
0.460024900384862,3.93319029452603
1.8596781711933,36.9289822520594
0.703009588652443,5.31900136095059
1.21357267828169,19.9561120806143
0.326314190666346,1.02098288961201
0.788361902408772,9.35888479464304
1.49147604506741,35.1678319444191
2.01863007688056,51.5293292276594
0.971643850513511,8.88531822139311
0.73440350068826,5.93505429980544
0.399930598875732,1.48695396366604
1.0540408164801,8.02698269103322
0.923896332759352,9.20797579542781
2.45696321388777,32.4528138889026
1.3174003443513,7.30458676049874
1.07562278960514,10.6285904063693
1.11170712217539,19.7562513599582
1.79201588810054,57.4707419013977
1.21939086337644,23.561582997088
0.863803197257384,13.072880195211
1.74039229585759,46.4339390840883
0.613541692318735,4.91118834022799
0.892565095744591,14.7369045834538
1.18542909257037,17.8221518760117
1.47313343403525,24.7416001397471
1.45419816062964,28.528131540258
1.91020790982793,76.4964565405253
0.453466316430803,3.1819374312739
0.735540584637788,5.47848944978842
3.05912122239362,150.176627863467
1.22224398134256,6.66164907483808
1.23747617155727,44.2089481225077
2.82702311332643,127.446207950565
1.47477366043714,48.821217749975
0.858485880806853,8.79328920762569
1.33472543723442,34.2959209470058
1.65027725738927,50.3836491660646
1.68607376126715,52.2653115458212
0.888804863571944,18.449165283726
0.273987168639083,0.849895992761903
0.192318443341707,0.219689291347208
1.34701355499249,17.8367188649902
0.886930891620482,3.53350087049494
0.678087571810031,3.9785780666552
0.866086716283938,6.44817147379863
0.282873966825985,1.34000867908223
0.48274139534942,5.03083137148123
0.665583268764802,5.40309665549562
1.83289306593702,58.7927066408572
0.79289030155939,9.55581358467535
1.60183579793583,67.3574396998585
1.92122304680813,74.0313113209006
1.08374824742064,15.1358124341113
2.73094832809095,132.315057677509
1.28597989108176,7.93816288011671
1.54653718723627,24.5752930899958
0.85809307072114,12.2744772939426
1.9380493784114,22.9877845655626
1.13609973182587,18.173250472085
0.324831100832456,1.82581364164899
0.561561181581278,8.54653338725088
0.755829464026682,13.1136631323979
0.322671634417135,1.04255556159465
3.74386968795896,241.561117813554
1.75392315050853,41.9786323335928
0.402489937337292,0.662055048929358
1.73049376127714,54.2305816607371
1.10106044797902,26.9595700430142
1.14942718757075,13.5542534151567
2.27733400328409,78.938270688891
0.554903932326282,6.22390395593593
1.43274744212944,43.6323706602499
1.03851533104578,14.473175317623
1.10116795135257,11.0514245922978
0.905829634897216,6.39811999405904
0.332067238025561,0.503431183018094
3.93454487093853,304.587075565456
1.84955488526538,41.3363114108089
0.911097699227844,5.52185597150093
0.545468875027786,5.96226876756792
1.09059267991547,18.256626065234
0.252025804266499,0.948574179324254
1.19061655010104,18.0645885050922
1.49211392607206,22.3578592025121
1.9689664357116,50.0798988343368
0.787713232207465,2.84951210848239
1.37651659781061,29.1190649068016
0.738135425375407,1.53784757570618
2.09720574124745,85.7690603693988
1.60387922681339,47.0446321628154
0.34137348665476,3.91317715652283
0.57929342881862,3.83472558200606
1.54605844778118,43.312722179423
1.69674039724896,42.2566693626222
1.82794732648724,56.8224903979489
0.623886502196994,7.72872282552909
0.713062407110947,3.05830283995552
1.90019579001319,85.573539770736
1.47597435969917,40.0327049141731
0.246679905160874,0.91380015087857
0.970896585587078,16.5399779846378
0.643351344352198,5.56358118291327
1.03647420858211,13.7004351801597
0.839755485144894,4.16120100461326
0.28106703075187,0.994582506308358
1.31872607927614,14.0136394443604
0.221561660063494,0.654518376603829
2.04371238527841,90.4227466609671
2.55048701132902,46.9476734057227
1.7445879998514,31.3096664240933
0.82436949079632,2.37880475421675
1.97813481868258,84.9064171376198
0.415484715134252,5.38149064453831
0.999115580522783,19.5826820961631
0.350873923548932,0.946563024778879
0.18229097489989,0.377997622390582
2.17960650627894,102.59079623499
0.275487742339375,1.15359673407113
1.63956421377007,40.9492319786681
1.55713315395142,26.5736837669747
0.723611470011773,6.64757957190622
0.455083097057651,1.44250325541713
0.951278552065871,13.4493656679351
1.41446249330092,17.881411160844
0.148675565983635,0.374316817397595
2.54131555024022,24.6288503832955
3.24728481047599,243.633375950229
0.333921601717904,1.59150312175997
1.63715707137768,30.7149330486745
0.930371480923993,7.57552713660643
0.994081601389722,8.53440245614489
1.29491654901466,27.313680625414
1.63964007694747,27.4763270111529
1.12483295890311,16.9898001673522
1.25740717680081,26.3747235675775
0.520188833737777,5.82917884846427
0.246157942582007,0.549818859533616
1.32410186169443,36.7642794611037
0.536841672268469,3.73887809303085
2.80191158454802,109.019583474623
1.70168911125904,31.1222123269784
1.21946286441809,28.8033641632304
1.01403600725894,17.2110449091199
3.82291489173171,253.064606103576
0.788069043521031,2.5103051444293
1.80896810298276,68.2455832690303
1.97220601324614,50.859472641018
0.597987136216608,6.91274684696855
1.35906420808571,32.2831323745597
0.1052698616876,0.160043883661853
0.0935647757563084,0.0388630338595432
1.0618122954686,9.58393739118809
1.83993497226834,18.8426370179941
1.79992178335117,10.2032081631281
0.409721595076865,3.58796235959522
2.90094621003983,115.488124378191
0.620163048107868,8.53911360969085
1.51166639847765,42.1591184132048
0.540235592264018,4.30674244719977
0.997094713512874,12.7369742166534
1.97086536814381,62.2746078989136
0.33193960953479,1.55055854864115
1.52205502153181,17.2561966886373
0.761032220161976,10.5683343620149
0.663340585178668,9.26216305565175
0.335389229059209,1.56127599619157
0.577281476226437,6.97537294758069
1.11159497738868,12.2443854312668
1.92742078250438,66.3957893047131
0.834632992496927,13.7235771711579
2.03265889295475,18.7909860732215
0.403860292009467,1.76626682230426
2.11141739462744,45.4102960256643
0.578565433989344,3.68276595470885
1.00866821704511,19.5904433640968
2.44650466423317,194.236918615611
0.624466567360109,9.19637731637518
0.83987190884519,13.7747978367248
1.55790993414687,21.0127078643827
0.917015707280565,7.43103550508776
1.85515494219613,14.439551452081
0.684266679594879,7.53183554689539
1.16303015160557,20.9013187714931
0.38695801965597,1.50876129346958
1.73526263046483,51.4929166905079
0.872022986935752,13.5344006608416
0.345384529966188,3.08618049862699
1.13864421562837,20.032009537571
0.709655355091766,5.66469549791583
2.06695752909899,39.3779331395125
1.30762253098557,36.93334716295
2.24619840137303,82.7147434917711
0.612655714678415,7.24352525368737
1.56280113223236,36.5716394588508
0.641617653687558,10.2649977535176
0.556911436851681,3.5336871963859
1.12178767711218,6.62254148911945
0.574724479407739,4.18725777207671
4.20890559178113,289.215840729415
1.20903088983573,20.1200137520628
1.78944096900841,90.9622975996012
2.38729452145558,38.0133871224313
1.85592003555822,34.8261346168318
0.511952589091717,2.13046241563864
1.22674554878422,31.7147185502648
1.08053370675096,15.3118932231467
2.21883860337539,100.50144413068
0.575071883211598,3.99449127498936
0.307525280757761,1.24523111683245
2.05321013284048,65.7428557472377
0.466120569892411,2.99656462051265
0.317683423414774,0.463561310713315
2.57009034021515,133.249420669787
0.848455970817995,2.25969465419979
1.4487186444454,34.5104564137638
1.19171333932996,26.2124568062326
0.952943835942676,17.7998874137847
2.1682514825052,52.9092641386486
0.245954162570247,1.09667339622266
1.26720392134898,4.20234361813652
1.58283208981991,8.29437479277006
1.18305866981585,26.2551270622856
0.492975235188181,3.34919333550125
0.45882606611417,1.72862198494812
0.554826151376593,5.23113772153211
1.82642000436285,74.9282870298906
1.06806025300412,3.9503325996834
1.29610867354878,26.7031389687149
2.20100022357497,73.4780681775589
0.610102569310958,5.42363144395094
1.08499617034844,7.29498601824034
2.38952840656814,58.3619055991019
0.588155819964801,2.45060948786635
1.37208096485921,12.3101750018703
1.12099022400181,19.266483420592
0.366813182395268,2.23562585992008
0.803337517746086,7.85509210849961
1.96685641272927,43.8098550924831
1.25470648828054,30.0086978534497
2.5442405511919,23.8783550619776
2.59945784451965,86.5053640663986
1.58747567519783,20.213677102898
1.486088998072,46.2095866975913
0.801484273255937,7.13790223676121
0.456664305756709,1.04406315567322
0.521550467276571,3.75819727412182
1.56290476727136,27.7883831968132
2.41735613867435,114.34124525378
2.57359606802685,124.73725577074
1.11589503046694,14.0682708054537
1.6845329804677,11.3654488519
0.629597683116486,4.87892118386291
1.2091683358731,24.8642571742987
2.14050090883098,49.5079752165576
2.4500330703525,36.92371406254
1.67151301896286,47.7191047416581
1.88297503620436,29.2414103928439
0.985731138551914,15.2757435295018
2.35795193692846,79.2631129341458
2.35930234502955,108.440741279376
0.195453695098788,0.329282061450375
1.59771480592038,34.5722173358402
0.56193225917653,1.53643144683751
1.50732939266506,52.9037296025216
1.49552052046486,35.4991086293579
2.43600049798062,108.507145410178
1.60530216443541,17.446583034936
0.138792997108459,0.383385337176814
0.591772019558782,6.23981834979535
1.58024930725323,53.4008162922442
0.968538424817084,16.0991196883045
0.952105967691522,3.0579515974267
1.74204048914285,66.0672848353856
1.22563279284807,12.5289184803459
1.26781570648625,27.3955472639485
0.387665063085799,1.84617082541496
1.36592770371676,44.8656279823766
1.09693386823374,9.34755450853814
1.30015626854491,21.6304553801411
2.04465111490798,44.9248959667795
1.0964743344038,18.1025228427781
1.81100253831953,28.5492867024689
0.367226893446481,2.64803174986765
0.291974572537561,0.292887052710382
1.26304164926503,10.17178045179
0.222968012600822,0.968692092661637
1.67087453705731,27.7587970203421
0.718102694398368,6.51526657120137
1.34056411340422,10.4494140775959
6.08787254454858,289.57847275549
1.46745681483268,18.1845568308465
3.18972305507799,216.829371402118
0.47876367384666,3.08139248156535
1.5325350757494,15.7823329241991
0.680326476776222,2.73478955265522
0.541592016751554,3.69918424925795
0.775381944259744,8.57218404742338
2.04855710760265,54.0813189953088
2.24842281251348,22.6407424631501
1.30657359965813,20.3653054867464
1.72636028627385,56.0297047583792
0.764650929250373,4.77346744728057
0.7508245317979,8.64865379733165
1.9946175889529,23.9773437696134
0.626923864978182,6.29973272612971
0.5551502477075,6.21201680146391
1.52098167507444,50.2055255474516
1.21540661691403,13.6795982136955
0.953356910562911,6.52067915031548
0.932534975314984,12.349741081327
1.91225510935494,18.1015251185132
1.0421222022653,15.9128960954131
1.09686232511988,8.38426036055437
0.196658914255314,0.671684946365218
2.47317846355657,33.8857581196235
3.90936705049316,236.655852185771
2.10694737394938,50.5303730119273
0.651917148417174,6.89437305308504
2.27879664964347,32.1776177951346
1.05404475989715,16.0008624158512
1.33134659048653,10.0616271029764
0.51432691605534,3.83712181031223
0.361750385465606,1.83696628226486
0.388655971285395,2.28140153371806
0.190193833012499,0.225156135179602
0.0683849185674058,0.0575433069918757
1.06323555151253,5.60763569625732
1.21787606340201,25.1629091126842
1.61680967616341,32.8976439327374
0.928407406047939,12.9643857356563
0.708062971825309,3.66062368700444
2.41384107828079,99.9516014750336
1.40016295752486,24.9911860271053
1.35597842979627,24.5001432428308
0.931903388146202,9.46773470143639
1.09898904696101,21.8996699069999
0.558274113069397,6.9035010877971
4.22923369200533,406.277367332622
1.16359611368796,15.7440148163789
0.184821062236454,0.348028142662105
1.20148047460976,16.1436643201366
1.76467048960382,53.3017234423379
1.42609218639132,41.277584476749
1.44285666541468,10.8489001272255
2.34734316543993,149.807138678703
1.66090214457364,12.7214848976563
0.87830301943622,7.8727076896327
0.870908597941471,15.9271069864027
1.14168776353745,24.5996071769653
2.85538773100567,73.1970646080752
1.95980393944068,61.2490410973333
0.827723321777322,13.8941462678386
0.803646751333292,5.79884971352029
0.207201368445066,0.254661629824423
2.11642503181673,25.8140618039486
3.18636213748,164.87063355298
0.630493455379597,7.95557950297281
3.97824656584238,85.0418094904041
0.500676110366687,4.21919749853028
0.965596311403752,15.8319212887052
1.97578299631263,85.2716187478052
1.9750760158393,29.8932594438629
1.17967038968972,16.7067960944264
1.68624384971558,52.7594800559103
1.01533160179749,2.87468576783748
0.57411315851693,4.77815581802278
0.702817354204835,7.65466809808431
0.821793041210642,19.0957184902453
1.7560919908659,70.3493003589608
2.71255519822413,33.7723088773659
1.12297105615159,16.3288784569683
0.839010370066913,9.07730490921924
0.248449720004207,1.00242938641252
1.0146987716461,15.5809086556419
0.824192952466324,4.85459349517456
0.287856157209759,0.793715251938043
0.665393664425797,7.23467952370499
0.817084610797014,2.77426458068137
0.206861061635628,0.411799519265764
1.6312852753796,29.2573477849045
2.89401083517307,76.4893299007159
1.01257132407057,6.77498037341927
1.79964203134367,49.66779478885
0.0817909235817168,0.104424660789349
1.63324583602255,23.695698792021
1.69583933929112,39.1327739561039
0.418793235313558,3.68552138229031
2.46168708301452,75.9537044967962
1.87241220065091,54.3951736026774
1.89987526895681,55.2618046377156
0.614744503217382,3.76568984097031
1.5684624031837,46.4572682989354
3.38427709268233,151.173447535785
2.37361391666968,30.1221197081784
1.16744213005431,6.26822761191942
0.969419502906346,15.2096941020376
0.441739660397488,1.13031879234094
0.743522208599987,4.54810274456273
1.56788732975858,66.7086941296899
1.5647679487709,19.6480623290628
0.645063120730326,9.48919862965525
2.04925449270413,49.459344967983
0.449276250574023,1.32979465508657
0.844017818979876,9.99895716530197
4.74685272425167,409.76865910358
1.90409234925234,29.104262996369
2.10192375001152,38.0168992272424
2.43924795390647,32.9926173486828
0.608233681324381,3.90117741864624
1.19166614676341,17.6124437013691
0.363672247293981,0.726051534207269
1.34239464002997,37.4940376478478
0.838094145452967,7.35698021657547
0.221643200133175,0.312528332975852
3.05199463677299,217.080949547163
1.78362523441407,35.8798165724208
0.714402913459433,6.39974931922304
1.54824831185133,20.6676029160639
1.09232997863278,10.4779963381726
0.168678931876555,0.166015985031259
0.646470956125207,5.05749184475625
0.361871291936675,2.60119943401721
0.422201136771882,1.83155050232714
1.85378871630829,57.9358274939375
1.8487448813957,50.9304800878312
1.5405797264647,30.8022571066162
1.16335080366406,7.15096112671135
0.740400193005879,10.7549700068229
1.3665721070163,12.7856380905578
0.837299203040372,10.4498347587986
2.3840286487921,22.9149388185556
1.34204720944313,9.91579072015884
0.156143805693146,0.431316895969077
2.42916567296259,43.5013404211328
0.571776043294648,6.17218274286434
0.247582986926874,0.687536709647295
0.661067404677686,5.73356634387112
1.46106800211966,44.2469839074773
1.60576511003407,41.507601845457
0.28536194496831,1.64787154875294
1.44099658645202,45.222261245322
1.16273276727069,14.5632491960575
0.16643852434523,0.404654633531511
0.808142351012022,8.97084729103972
0.545260252005171,2.11594009903466
0.808461684490667,11.8838070521545
0.786746321694301,11.5539050217495
1.19000598516618,18.2892739767817
1.18533633076228,30.6697028371816
0.498320935205751,2.99291406098703
0.995988618743359,17.8118594947574
0.725442099094325,4.4689425470986
0.958215418024961,8.54418615670843
1.19678642742751,12.8643736093659
2.56607462340533,184.563935616605
1.65060516009454,48.1276716013293
1.52608876972356,47.3418515868516
0.827198629095302,13.6711458719174
0.741615774986309,8.63234873106935
1.52685212246678,33.780498130433
1.9230179848711,24.4284035850608
0.427635996675525,1.90331719675835
0.43140557580967,0.970217644380952
0.499889700236788,4.87790750685894
0.175794944290234,0.647489241650524
0.780136661358899,7.53317930890757
0.104621009610184,0.0971435403193713
1.2268323105763,25.2330033654345
0.594885982678625,3.31552916126267
1.3502234208817,12.3771030141575
1.12705680290851,20.3409011188215
0.35696352557315,1.79878441091334
0.697334333354948,3.64090718636128
1.0880107624155,9.36916395077475
0.818999177820415,17.4113805040759
0.730188303743176,6.52406813189298
2.34346415163656,29.3168479690952
1.02349493836393,17.1278449216379
1.74534934464526,24.6231824996519
1.56646392485043,19.7339435332608
2.78030271538182,51.3552921343024
1.14220773039004,22.7310292778227
1.43242688063614,31.0975880523651
0.806005606233205,7.30969465436979
2.46445537970771,118.665239081272
0.652094271829738,7.39591197614975
1.40691722931489,7.34723212713056
1.40984468283804,42.4473204968949
0.226431216463573,0.938724442928819
0.789147510702573,7.67333715942656
1.6113680724759,45.4963412558537
1.7402522565315,73.817550974346
1.321271174511,28.3305826885573
2.70029737395342,124.625779470389
0.318353223302952,2.41038409521714
1.83890693779319,52.8198050363004
1.84492572768247,62.724276424762
0.460086223813599,1.4218419669353
0.773091462778388,7.94604910467873
1.39727118601802,27.5218665191228
1.16589806505119,14.9360407419005
1.0431825802376,16.8242956943825
0.892534103298145,9.75867155738086
1.27999150749411,31.700529735331
3.08005979716726,195.259158573592
0.222238053507025,0.33031765450338
2.6109039876772,100.383698521923
1.42099506670335,32.1572320750546
2.95670880592298,132.814305393057
1.81342396068525,58.6993449639119
1.56855121806288,19.7581672238926
0.254129667031147,0.426285796159357
0.678620057907742,11.9620892968012
0.937726140746983,9.65017288408615
1.13597471422886,19.5598656370458
0.867060983342809,10.3194220123171
1.00931805239399,5.92058743017306
0.771415963568673,6.10237314020814
1.61254110359563,52.34314633556
0.689980934004718,1.7477444275095
1.42112372755098,34.5404842048753
1.57148705361883,9.54278557870596
1.12336278910406,14.9948367474293
1.54355135167149,22.9525576796555
1.01862800210117,12.0981362980394
1.5836581182492,33.0779428758991
0.791598465429225,7.24660921675193
1.06574143764333,9.85327895248154
1.59719288372729,47.2279621684913
3.07370854316684,65.1696413375639
1.33419771184678,33.8014592150655
1.80302974515556,41.2270148264966
2.32736662577005,30.4146737725956
1.66702442202701,36.0466301022479
0.738905531763028,7.37490554748685
1.98874078285864,13.826661721875
0.537640597918675,0.886612547582452
1.96521446843896,30.5220868587299
0.561091190704756,1.76211974150497
1.83122824953204,22.9113691185092
2.90884037848058,135.105804574656
0.716432906311067,8.47438212061852
1.27160942090826,28.719503888212
1.0710025486833,22.3460656435819
0.670180162352744,4.016379902848
0.395068290290906,2.05369874770199
1.05882462836989,9.54419806803565
1.81434984212823,19.1903617870997
0.896066482181679,9.48556371094062
1.44442375328078,41.5819955658663
0.233177497870426,0.777602814869748
2.84356632716356,156.507029546095
1.68578808384933,46.9410572885103
0.43172650408287,1.6865668161
1.38665165238796,11.697512144968
2.30950864250415,120.397223230547
1.32128746915386,28.5365165648753
0.750455694909452,8.63430799157515
0.525697751066313,1.51811489685263
1.29219965011441,35.8210537725794
2.11126255624165,91.9752913559548
0.235825003294729,0.205089868516264
0.489903375131248,1.91139090549544
0.42505122763767,2.28153123301326
0.0262778426255149,0.00892152285460827
1.8336174593947,54.2746961801916
1.79112234541658,26.318695812411
0.919863469252066,14.6743036932395
0.60563535829058,4.11043482559803
0.234041132134036,0.763734476234749
0.573404108929225,5.68451698981202
1.2294959948147,17.8572909636601
0.579826027389461,5.27378503601026
1.00345501359207,5.71316832579864
2.07916671687625,82.5858776733323
0.83660550262953,7.20176721785416
1.51512548149429,11.0035464982498
1.67573897719086,34.0093015406218
1.9030761531093,58.6653602237325
0.794141135651309,12.298648161182
1.06369584828951,24.316153525291
1.59638210938474,55.3186858394506
0.325207299703137,1.55748012597068
0.405713414100538,1.31515173828129
0.752998325943673,10.6215171287971
2.65549999641886,105.463157416255
0.540506024611171,4.08715530434463
1.50830302214645,29.7303302827722
1.37399673704921,9.76550869827705
1.54638630797604,27.0884362738214
1.92619514310928,49.9638581004291
1.69432517778369,47.5529819342429
1.76020825949119,77.7493175427636
0.882372512919965,12.6562311270317
1.24665251528061,19.2220230803084
1.08613413616119,10.5034230367057
1.10321649878966,15.5084769496546
0.441406127278229,1.54523407856722
1.28718951151394,30.1840500722388
0.596017615922398,6.17112740792467
1.13191702273528,26.2949089092963
1.78829758819428,44.4002485725073
0.500067144029545,4.15731870058451
1.63476541145679,36.1960442604493
1.95426257355852,40.7299742619832
1.53872342227965,25.030250514197
0.682112534651333,8.09786896507799
2.74494130910383,123.853894851663
1.00564382520317,20.3622699656169
3.19094830773759,74.0536941592982
0.705218670886062,2.06996964302614
0.991744218136995,6.17308764807346
0.560556365205325,4.09570845823631
0.512193770781595,3.53523878873223
1.46215469269796,35.8056417126689
2.50856009049422,128.791199711615
2.71845822652563,47.913223750002
1.50541108875579,31.3337946265279
1.25614008413995,20.0203703937486
2.19963336290333,63.2201067765066
1.15807805654134,19.4136659426592
0.998259992795923,19.3166490961434
2.39777452008105,49.7414610231631
2.36771955792613,34.8749103509293
0.515273919025072,2.48361029006166
1.18864373287115,16.6646611699284
1.18828029480131,22.2846384348068
3.83251625305651,175.368289667106
1.48312792671235,12.8040746096058
0.379661078276571,2.28063572117318
1.99451241326802,29.9013177599113
1.44335556667649,44.8444850110522
0.628027753117402,5.32378702046698
1.01383061228414,13.8993055549817
1.61224847126803,18.2083175728961
0.160962939265448,0.516907917980426
1.70554707981007,13.9377015184639
0.785649422079026,3.82526812009743
0.407251794089054,3.65711016603649
1.65108546606374,23.2128940510285
0.653067257712204,6.64368386856733
1.48391192718632,29.6944550544511
1.0831207377836,18.0008423286017
0.458746820578796,4.85838639932278
0.762695471943231,7.42200320312
1.59773938941349,10.9263979488132
0.359442817719653,2.4331434973583
0.753495615073728,10.7671028560018
0.613866593513989,4.62447228517689
0.0566451608891086,0.055933197001809
2.58681396142804,102.237325175581
1.24802649150275,29.1751249044341
1.55923808810554,29.1006083558461
1.30144095934093,18.5480067965443
0.772436013788487,17.5329317619173
2.59453529998415,51.2390486177243
0.16083179632795,0.369676864729159
0.820148567637312,9.3753457265496
1.43004174520968,68.3348342260229
2.54497026034779,55.438645471234
1.48318510355172,27.9117119567048
0.70307532515033,8.62664323395838
1.66094668466485,63.6813402166693
2.77843320857767,148.411618954803
1.33555174368877,35.9018157297574
1.2118486552082,34.708093000968
2.20777254032551,36.3035240574217
1.61351165700537,58.457708011376
1.98703020189612,64.3420336401957
0.563908254562751,2.83074107644077
1.18171807006147,20.4371761598927
0.453575607261311,4.01316225822424
1.12277676201709,23.0961429160604
1.22641018689762,24.3588451798915
1.39556766170145,44.6017308848087
1.4704794420637,35.6092737990908
1.07088847469718,22.1582792151474
1.67727658604678,43.7106036660237
0.130651435736655,0.190741479260334
0.609809827133181,4.0211262983282
0.718805127024247,5.03691015310943
3.94796967475843,387.8581894159
1.74025474326772,51.1678638381898
1.83332501027751,74.2388638667069
0.976341947241053,15.500754865269
1.34419162571086,28.2636583019095
1.1722660129103,21.6131403100979
1.18393747760316,21.1391914271294
0.972946252231784,5.0662104850983
1.18855690092647,23.765301220335
1.11038207370257,14.4308566212139
1.11498933914371,19.4332577989891
0.838599066414,12.9304379932225
1.91448272437698,22.1339596925132
1.18271664838767,25.7982571305134
1.11159804674269,8.64560039772351
0.374797376423838,0.452880122992028
1.97889747246058,33.4577182572866
0.193292274646539,0.656413271306176
1.5882954434526,35.277244154342
0.3183604101262,0.939133032032679
0.652042379668016,8.35961342154492
0.980217354046159,13.6809375911134
1.04864127502155,13.6482468872251
0.942763700942984,21.9027201216689
0.583642685669574,3.79663628046489
1.39618780749898,10.9598069971987
0.882673106155502,9.85803721712134
2.77055020964455,163.302290502855
0.914060548262475,6.7811752365133
0.391140749476482,2.83491871091329
1.44540005812212,39.5458968766296
1.29119602331557,10.7216990506263
0.971273203357078,22.1340671196733
0.122743566316689,0.266168128556667
1.43366603715081,36.0659621271629
1.1183154724082,13.6748953651975
0.924101771037572,22.2002389378834
0.861488053555319,12.313537111389
2.62578732391083,36.153249482227
2.99529917889676,106.568370149768
2.05265579532704,17.0254523457073
1.87278984152025,62.7881695588972
2.33146581571357,116.932488758184
0.808548582284322,9.83166364324834
1.16833782701034,29.3857860552466
3.04325900141542,159.139051145621
1.97003006299315,49.9305333937221
0.86470219746762,16.9454869921044
0.883789916626475,13.7398650934394
1.16776676825379,19.4146384368288
1.04129010331047,14.8946734632499
0.619246711163803,3.59228249968544
0.440138345815222,2.48776961548461
1.33876987967464,29.675487175667
1.77003879237612,56.3055519630223
0.601065434875176,4.06618740488209
0.714439746008885,8.24652188920081
1.30182332700964,34.764926466707
0.827695524090229,3.84295250553914
2.05510543096278,33.8117329750379
0.863195616924623,18.2508448260244
1.31250242159836,9.30332943288285
1.28243947621819,26.589397162677
0.598625800271426,1.49321281757223
0.830280562777369,7.60594220781752
0.397406371246422,2.07239418639909
2.53992345107469,155.47390234347
1.47115577232522,32.0992685183826
0.822097491161905,11.621355710736
2.03608985892254,112.861240188045
0.245512742173089,0.423958637104421
1.91591629930947,90.7005456131826
1.44942125723819,37.5939728414607
0.373582208313595,3.70603037316669
1.06490697286166,16.680394674847
1.49321593514579,20.111566154008
1.57636532662415,42.1717841414913
2.76749248138898,88.14331242966
2.72428036051196,92.3076739282417
2.3177516316415,59.3407775447179
1.08744851222744,22.8321555614333
1.84871774990687,49.7446455478817
0.88283576893035,12.4616746336185
1.45924858522731,31.3115354487178
1.47375388692411,36.5335559946758
1.42445894425661,19.6273454858057
2.08710625453349,41.8628290178909
2.23778913180179,43.5637966940715
1.12796913953224,14.2188969607881
1.4409058653028,16.3875277698606
0.268218877717478,1.51142740616361
0.839584173722802,14.240891243234
1.38677105568944,23.2686630754991
2.03666205139397,69.4251881683225
1.75711090189141,49.8085852493906
1.87823990356973,53.8808499146713
0.827426695168827,7.56586552025145
1.87360043218911,59.2452716235364
1.97211276259455,74.8403076448932
1.20276673932215,10.8737905999935
0.791426646399634,1.86116007980399
0.525763435920475,3.86794300027112
0.620546625584795,5.77910991417331
1.24979988942456,17.2769213288109
0.976180836789497,16.0150871406003
2.459609029006,61.08711867102
0.950636571258772,15.379459129055
3.5059580038253,201.133546887758
0.800905384085559,3.82183665157679
1.75726366826489,100.022747146779
0.51988251920389,7.05026075924305
0.667051814760853,9.36629832041267
1.46580152705437,6.24013782526868
1.82124196329732,37.8675416973901
0.948031014637417,6.2549351087608
0.957019895264486,16.1767514980665
2.14568093231872,68.1430597814485
0.306228691204122,1.44467412086643
0.03768056559248,0.0320378609143188
0.406556456426625,1.49908408668133
1.47486644726955,34.262141295938
1.46655340282862,24.7617465795297
3.67552598770093,242.025788952532
0.477564804118963,2.39993812383347
1.28997318560478,18.3839867023063
0.88904450226732,6.17779042487767
3.35020397495383,212.890071977896
0.869591714282705,15.7570148408487
1.79309672644721,54.7676165571826
0.252954857999929,1.17131757784633
1.93814777445,67.5009701354134
1.7274647776824,23.4707254529971
1.49430972329317,49.6676064744801
0.0143174377516297,0.00279481019428961
1.8547359798025,55.9358872421457
1.81309040579588,53.810208559392
0.819916388542196,9.88147303615906
1.78855392314968,23.0828556384613
3.14230173996843,205.994483314805
0.912981967137842,13.1185366851246
0.752384619873021,7.3860636541045
0.860849541400819,7.06579583950318
0.767467306799054,6.00736137138211
1.64884714923797,42.388786731773
0.92455683140652,6.56876645259393
1.32530402203142,27.3753506506268
0.673327738857115,9.27670221719575
0.731454169109067,9.76843006305108
2.19666221156619,48.0686961858533
1.05005389148099,15.3603342846261
1.02829348209134,6.83929843420793
0.381513808791917,1.85412876779323
2.77606585638761,128.174796616872
1.23200531787431,28.8915224797471
1.68534858362467,43.1659249418662
1.3374828806162,22.5699952023581
1.8482366925649,38.1990962263005
3.09111377452788,104.00811706206
1.43919557748749,19.7008561671004
0.828546415382062,8.86617060811992
0.791252675529704,15.141276232737
0.7698531134995,7.50860327482559
1.90664201433546,62.9132746041566
1.30064044360634,13.1250113492664
0.471912952823156,2.56537265830223
0.426236234378896,2.38438006699705
2.33151487583808,162.137114693511
0.660491315220213,11.8618295127654
0.539808678968047,4.73486674375232
1.75289145029894,9.97320058282855
0.550350741728936,1.68470513200893
1.88964262193093,52.0297077073373
2.30426322958798,30.452226246588
2.64535098404482,95.1961081360923
1.28180881168737,17.3153487432344
1.25411014810365,34.1175245026989
0.520197846303388,1.42569858749235
1.52445415109655,26.8398001189568
0.712559192879739,8.41868928672346
1.00809009507425,6.73212107520614
0.625424144056228,7.33436377634412
1.23118260444066,20.0059109810489
0.507173025981837,2.74642566785122
1.40333010963902,10.5680783823608
1.83830323732614,37.7774765934121
1.22872988375454,28.1230977478147
2.86838242689609,140.638075001224
0.890613634156242,12.1808019493659
2.12153260606,32.4890930315669
1.28360380176149,18.3033207000722
0.641082292054416,8.97264685477781
1.71262319611272,51.3521347608787
2.35730642770976,84.0020969156086
1.03732804783555,12.1983381442761
1.04163571278877,8.73905494314581
0.435720811477299,1.26213952673583
1.74480172940699,23.240351894601
1.66782769869662,44.2681456602037
1.24691845608987,16.9515965991988
1.17368231657552,20.2990147864931
1.59608041572276,55.7686430330987
1.20902117901152,13.9623284418208
1.51969632076296,49.3462840365404
1.45688256718562,17.0806917560807
2.17101838859304,76.1283950481074
0.480318118831472,3.8458760218858
1.92990728830975,42.9183931720549
2.37935959362987,50.3570558104619
0.195997087483031,0.604806075342613
0.890304263914666,9.00907641561474
1.54297722090566,12.9783603886523
1.89658930292163,61.3743978597746
0.834672102721445,6.71029053709322
0.686009391414829,3.15076749762351
0.405524796516391,2.88744106727309
1.81144708018626,69.2238865434311
2.22281244076877,51.7786393630824
1.19918920837916,15.4181496944111
2.1358619840744,94.881040069866
0.969057176967114,7.35374298897547
0.127163745777885,0.164325747058411
2.26239546336406,123.973663854087
0.957342696449434,9.22841832765742
1.14350390258262,26.9772078608677
0.643066163917768,4.23094134984347
1.68994246063127,21.4633027680744
1.05291597130028,11.2360681137752
1.14791568311568,24.565836963575
2.66461998828253,116.161170951907
1.25960930221599,29.5004601985544
2.54568869158012,73.7065232005762
1.86965353860519,23.820892817239
1.02209588491329,6.60213854488787
0.350342329749873,1.50640761440674
0.418695792294226,2.01068903201183
0.758449872541541,8.0110148136924
1.11776391891927,10.2260713412876
1.19291274491745,10.637597150952
0.526220710893861,3.63524135818188
1.14518337539519,4.6389736988908
2.633347022139,68.6585846863806
1.32992143018818,29.5580634599225
0.793641436781356,9.81187211765653
0.281231463980315,0.354906127325934
1.09500728261971,24.200591026086
1.00535269622175,30.1102267263523
0.348271570973609,0.545818479457919
0.495565346717292,3.50667930658923
0.307642606221511,1.03336529676548
1.80917411538663,33.903083848732
0.447570087042885,3.39708766826276
1.04667592469275,4.8948298523508
1.26398161601992,18.09995872872
1.69941663683753,18.5178068669599
3.12471493552582,193.084673198736
1.34021509003722,29.772601330696
2.28857555713907,13.3166958011972
0.633113373661901,6.98167635262797
1.19545190967071,22.5466678685006
3.21815424019776,165.384255027663
1.33455616118,35.1470050727326
2.01881686092758,22.9990056483081
1.75611247010063,10.2247944846767
0.451373253170496,2.97728342036141
1.92079317654455,46.0567677551677
1.06713136150373,6.54745414411896
1.31682014441047,6.46911982255892
0.226155380827035,0.686180833908807
2.38490027522729,98.4095491560252
0.818296751345564,7.96639064084111
0.965589425815141,3.58285533285323
0.789672856627103,5.28565198992357
1.66874080133298,33.076048188171
1.11320373665705,22.3329108639477
1.8871249396056,9.44796897385072
0.915844359758363,10.9476119496785
0.608938132563838,3.36402195243363
2.01926669883373,20.5580294111233
3.35867716075513,159.814825861685
2.11813211363077,19.5804926171702
1.79938405918144,37.5307360950498
1.56279297166767,42.4159613123136
1.23288953720644,10.9810640553225
0.912567095101897,10.5300998009684
1.47028314904418,24.8138695783957
1.61449123987351,35.436639378969
1.08055523221814,8.60322877955604
2.60957543942446,55.2394751247975
3.18795349286333,173.401308466098
0.732319760774321,12.4540855022255
0.86639599355843,18.5237837269386
2.12845017096964,98.4346316016713
1.09036656273242,3.84345215694163
1.01157706360413,23.0175148115041
0.415959565223752,0.67464041904689
1.40746853225829,13.1491253296963
1.86068987133642,57.4295997521144
0.206096499068676,0.474007733206057
0.141370384111782,0.422103244195939
0.883771111265684,14.7298992511312
0.336644791060325,1.22283039887798
1.13329195022428,6.00263988696563
1.3771338287375,13.558361295657
0.913443114377107,16.0301517153949
1.30409518634378,30.9673257082553
2.09930434612433,28.5712010137655
1.1749519212963,16.664876252737
0.608295307092076,5.47470190269174
0.399737406711719,0.961574766890428
0.794831666598407,3.04364001910161
0.808562179450886,2.35099077023776
0.500949052591984,3.69680943770723
1.15660776912809,11.3113138160695
2.06740200007731,19.935151241772
0.926396458302776,15.0542124339336
1.12328021772809,18.6510581053201
0.26576931690565,0.594981486024666
2.05051094690154,94.5665416313961
0.424706210830893,2.45696109619815
1.17496190486614,23.0325302970202
0.955284365891037,18.9950280690446
1.67215913053286,10.1479574117291
1.84393923891463,76.079663822086
0.186443943211186,0.324418736058574
0.38537700388894,2.2072088340697
1.14657518760185,11.7182578987045
1.39948493018098,11.0650009837978
0.0395693046827247,0.0286009923333227
1.45609256591278,33.9501480967431
0.472834078478373,1.72229604155876
0.787252106325227,2.68979132389212
1.29077176916468,17.672167521225
1.85862868045539,21.829055474907
0.429989424370651,0.827948552888619
0.867709261664155,17.0593943110817
0.882926721290917,21.3856213751219
0.66401008379468,8.31944595133062
1.82217899201293,39.488883385599
0.803465105436426,8.0962812319351
0.59389589268697,7.29178962455742
1.68902910925718,53.825100552693
1.21234614729498,20.2730219215245
2.60853531250308,65.7197707959059
2.63399441679131,149.056321089598
0.88758333395391,20.4686150192204
2.25446372124078,61.6945467891386
1.64071508623507,41.5658012168955
2.48801299626552,115.353275429508
0.26446082780335,0.544580278430037
0.374350568332471,1.86429526749657
1.96543087103573,66.1398963922778
0.654497213468134,9.96402479766651
0.288517227688516,1.39492630737087
0.892351535640068,5.15923904045268
1.50066583911342,41.316984164785
1.52628075215475,44.5552383815443
2.63492397270771,134.475284484309
1.40616496298447,12.6967625018642
0.414617382167285,3.25978747418176
2.09350445302989,49.9106014241417
1.01185805583941,18.3478898778515
1.07317937046871,6.7299395619438
1.97093989214747,88.1485712615065
0.740145491679116,11.3472466188485
0.603116506431133,1.58709886071789
0.187763032425898,0.256846856330216
0.835236988287717,6.26573097721344
0.413914101936682,3.73386583854178
2.08960924007318,119.367302772407
0.856794066506172,5.29029747153264
0.554407641188052,2.40504946401444
0.371533867760138,2.10740303018292
1.30030619640114,14.4985252653217
2.01135126736817,31.71206407157
0.73201562382492,17.2093039845627
0.929586705806944,20.0162597295313
1.49048508313414,45.7774950570271
0.566067494293926,0.8066116609643
0.444125790571698,2.01008736811674
1.59600834340376,53.4809864439136
1.22101627192111,16.2364875476184
0.580010811041364,5.41694673475728
1.30838879397687,16.406866937329
1.57550979956774,33.5960361681654
0.613682656673313,5.32658301414109
0.361524949338927,2.0733148650505
1.28277268152521,20.2172028521877
2.11877247717632,88.1560430260008
0.151187195328463,0.199629702834012
0.895569250354396,13.1670287227374
1.43655383271759,53.8196270485689
1.66431039623338,37.5789135032783
1.3101709359593,23.4727916788533
1.05476776531617,10.7077251840713
1.50859999535371,9.81681458654361
1.92717197129404,77.8988765602546
2.05341464811043,95.0348699872439
1.10076445849183,22.5003259347759
0.991528723375782,14.8810321746326
0.331511868525705,1.96703879315475
0.739886387498546,2.23695631214745
1.57950924453177,38.9520848994365
0.679304846504909,7.85419770543894
1.26265144937427,19.6105964748354
0.953762471517567,14.3637180838613
1.41886767871771,13.0767775177334
0.892036231198931,7.18836038852429
1.00081454959313,11.8442007543227
0.380192146049309,2.23241715042223
2.13025065412026,27.923235280449
2.15976655185018,71.7189810631202
0.438485011655374,2.80053879441575
2.83060781937269,92.1152054222287
0.47229429755937,2.18743896413141
2.65006108019511,132.117812778376
1.05783466017907,26.7201147001502
1.8927297437403,65.3134438287799
1.97455807648089,68.0003483843187
1.09212088866258,15.4928343465374
0.554088174933796,1.43554778258692
1.56837693280715,33.3844579797741
1.80569143446898,44.5525413080553
1.54422189435152,11.846115625929
0.108161269574977,0.189744334913625
2.02613534537977,33.2898009832356
1.0066744748198,9.04625305332448
1.6206155443739,38.518847509331
1.49235590566483,15.6010623654374
1.48907378317469,43.3222199129952
0.98373416915405,13.2313456418862
1.043272232097,9.39460679121289
0.509165993081659,3.77694500367582
1.00071542155041,10.1681106456305
1.34149899770553,45.9218671292799
0.922764570903192,6.79669033462078
1.02164181006726,15.9854149840514
0.144844459285648,0.296478370218564
1.03254793460379,14.7197745362926
1.38335495381931,35.4230437768882
1.19585622699616,11.6253116479936
0.58014539173324,2.00123825462618
2.47623816656137,73.5866885976096
1.16311529611217,31.1295706944261
0.778244383575592,8.88749981074234
0.887734451988977,10.2029856982087
2.82785987755999,120.978345645279
2.55482181063789,24.7987834974706
0.890680408411964,9.37220953329716
0.954839850511447,12.040758726607
1.82901239400516,23.4868659702076
0.184733531907539,0.186485507304409
1.03816358119772,15.2914893729167
0.84694280023609,8.25316801089054
1.13489636918614,13.6511268054823
0.881902663003777,15.8273690949458
0.692745216883744,6.08049710731071
0.0851999637862023,0.139941025475454
2.36203395301161,44.6097955273475
1.52913767042154,32.1329162170097
1.58471617134531,32.0352937682282
0.874294467929873,14.0376949236336
0.860109448906133,14.1444237182712
1.08488645763085,20.1112896035885
0.577276327289308,6.91464077871733
0.635191546581547,1.43915623004281
1.06229378253642,22.0496851247858
1.58895496275128,31.7056294973766
0.76033276825325,4.56805791343268
0.498815168712188,3.65870422603359
0.950729419571754,14.6533137594038
0.659445753816625,6.70090500634184
1.48764262583631,42.3428733092833
1.39987377774445,14.3584550838792
1.37228376220264,29.0296434648022
2.40837636481052,50.771461002625
0.243441437650285,0.602382114107709
1.38801507872091,31.9001637392908
1.76674977847672,42.4171184681565
1.0234791830882,26.5644292822846
0.515808009594363,5.37617053361252
1.10430428135692,27.1431429153648
1.96020018554932,65.3005799203057
0.23532265784163,0.617977619692022
1.03047368509215,4.88716263834692
0.835073674090804,12.8512208936768
0.198831967607023,0.310498870056335
2.5683519366955,111.944186545577
2.48869336325573,132.805893848549
1.00599536969858,18.4275136908475
0.319063854002629,3.16624186647037
1.57845920469635,39.50993612935
1.5209295912152,20.2854434112438
1.01597153606672,14.8364375275663
1.1334170007373,23.6017892645638
0.700783856819905,6.0613524426956
0.741414286964482,2.92106847302417
4.00609459060206,275.198781348753
0.145311843165515,0.398006213523553
1.13426710259262,10.4942004292555
1.27558732628057,16.4137768531603
0.529794807526945,6.79158474717473
0.645717597288165,4.39789966400134
4.31462753522409,150.334291547664
1.53778155559112,13.5113900110738
0.154196258906299,0.428554004483991
0.762199585928923,11.4104320865924
1.47153534833409,12.0605546312627
1.57733780909399,18.8514741080374
0.810522845329175,5.7150794485831
2.133347508345,65.0460342045204
0.975920603316572,10.4088312295571
1.87336130457862,30.9485295113465
0.434933111717024,1.94807896946415
0.294731546774555,0.816823613096883
1.25067195794115,7.85224860735791
2.95850957599595,189.78947994427
0.823351177205402,9.05965664678987
1.21329833494822,6.99045440664552
0.684546370082592,3.08712434745652
2.18824806247814,84.3295767818539
0.665994313276383,6.33854162467509
0.619507645917041,8.4029089459491
0.841916983227586,9.93900868862025
1.00187111243325,4.57338403742821
0.812550792438576,15.6824054194093
1.3742004389601,32.8660181113419
1.33650662148887,25.1367594370696
1.76027161744755,26.5770581576399
0.941104880139134,7.31686419113628
1.73367019948593,36.2106331714949
0.453685919320552,2.79311939921742
1.20215122896705,5.60697109569907
0.38451267396394,3.91771220966223
0.770840103743909,8.97864897616155
0.395665788495535,1.76210192930402
1.15861910298326,4.04091940855437
1.4396760307641,39.785014226927
0.849589948684852,11.7970511379704
1.40674079319258,43.4968280505037
1.44036231657451,39.0736035702275
0.491585941430482,3.89768532902565
0.849620498427249,4.39236107147523
3.03319740712058,126.222676753429
2.14855560707199,50.9711431261816
1.18085117994854,22.1383707875949
1.0315833463756,4.01820771610159
2.0426289177573,73.6101150225693
2.78831509410924,84.3082696433081
0.920585982342209,11.1477473695258
0.490253514939722,1.84036962970157
1.31665579606864,25.9453528550851
0.383418899606197,0.870238045310755
0.53092259211068,4.90097774644875
0.578304998988615,5.34935548992095
1.61925488652847,44.0253138250891
0.552815962199548,3.41930202137404
0.929119946126931,15.9277519926971
0.30721150544236,2.15826897778003
0.901512290901775,6.11529392918054
0.337286387089491,1.56686955637926
0.922591075243435,12.6791426119249
2.48933485692803,81.4235426561361
0.969505634810471,18.9474955725802
0.595636354298783,6.82494903502897
0.294043520474639,1.68813731730788
0.506144466575043,2.54928026043943
1.39503572978626,39.1851706808397
2.31781732052733,60.9252649058608
1.12267433335577,16.1147682128799
1.97474491682527,25.2291772678111
0.999295906459149,10.7992054214324
0.694931981873142,4.54144596141846
0.538227413299425,2.22767245649794
0.634150660559812,7.98120402179111
0.932814784547125,6.43828521655559
0.776221669806878,8.59744080287174
1.51058223669899,21.0359768597196
2.25856297500203,24.4783357225701
1.36057607911749,35.5964208444378
1.60466699401912,37.3579444013442
0.991186300781141,20.463628150398
0.772931385217504,13.6535095340174
1.88314363601423,26.1850609417349
1.81152187518088,60.4906941756869
1.89863290126639,66.498866793562
0.332790591398727,2.23181650195142
0.538503542380528,2.3282061495888
0.647956610607659,8.28070316470123
2.21811598096182,55.3133366296664
2.0358934310997,53.0150955431381
1.26641846827112,18.3227026844354
1.73121292979528,24.303394597324
0.999435706014461,12.6251997235237
0.626608760857281,2.84918098905078
0.692267098032363,1.32094018350795
1.22744972400002,18.9019425842682
2.2236419292668,61.31107861364
2.09943988959591,35.6911661583302
0.761962970524108,9.93370541035117
1.17429733685893,16.8955443302861
2.43745207734855,102.032702052863
1.24032709225004,22.8096324433751
1.03998419565093,21.9373975689212
1.48836809798222,18.2682225394792
2.43856382419049,71.1118276458403
0.240670338251566,0.57155300158366
0.418110859665177,2.5214298336754
2.98526855353068,85.3806345736566
0.263624939993653,1.3606273773284
0.942461362342977,9.34998014554741
1.50719493261279,37.7149242949643
1.40491954354306,33.8817480780174
2.66227389052423,164.398229766973
1.54809626597945,39.7566706127372
1.19160573851411,18.0947749471241
0.939973611932762,10.6130243366657
1.37131673249702,34.6698096961879
1.48564318761336,56.0938537907107
1.31461624381378,28.0537110020098
2.40394857492652,77.1621572461957
1.86977120610079,59.0892026687966
2.61475556146786,117.028156676492
1.8053155784006,68.1101762120678
1.58669887249745,14.5431470598162
0.862428807623678,7.69125503436006
1.18897450588774,10.0923793749093
0.55280185512687,3.6414880526757
0.636140491658434,3.77964479764749
1.23232726013292,23.8803123759469
0.336709719142331,0.657905735652914
2.82764022957551,105.959695301728
2.23574813904091,92.1057000900343
0.883156178048939,17.3448375923407
0.710134898332624,2.63240645683184
1.53070365276429,50.4877148133879
2.18083832637274,99.5119362287719
1.44364024650336,33.9777650840313
2.2117861944563,22.6893984337354
2.17426962439336,68.2425524326988
2.21415327220203,55.2969801275409
0.75542446293915,6.94809393075224
0.803630342468243,4.25573539517538
0.701247335530535,7.75061750663866
1.12926414116401,26.7442752807745
1.38573058514925,39.675077615465
0.766465751023696,5.54017552673283
1.03333228735026,14.5656440328248
0.944510247485696,12.223378611363
0.308326178259789,1.38483314356386
1.40776814924292,14.882346215697
2.73428392353492,83.0474703871277
0.893186181871436,6.4740906030571
0.9772602723166,12.0642347710204
2.95460225835763,170.057186554284
1.79154424257932,32.8064335606009
0.704877839665852,3.66126901936687
1.33633539076843,24.3322990574668
1.36582207802928,30.18951639529
1.41108437591453,17.1078751843207
0.501832095439935,4.61798087691852
1.48329064300077,58.2468723694757
1.24459289178088,12.7385560448394
1.40856700118692,14.9337663358472
1.75822462200352,56.1834663357662
0.472755674342753,3.31651812385341
2.08507284818639,76.2348759026419
1.73443948233837,70.7175125207391
0.703455186435406,5.87507585139416
4.01087848025725,295.251339980406
1.9569028077249,78.2668199260271
0.560109236610576,4.03502727751746
0.735063625872244,9.8964006837505
1.91919570847831,17.8571831361842
0.953385983719694,4.73517559109528
1.06179007676437,9.96047296578193
0.977158526547089,11.0494647326598
0.456338200877037,1.54150632934415
1.80761702056139,73.2820224327223
2.6026012599008,68.8470206468624
1.02803363553041,18.6390367773506
1.06990735520351,14.1607647953356
2.43266023459934,93.8470491289895
1.11067126261166,18.7916426645301
1.14635737415722,7.65368441053258
0.638275227218913,5.80810933517198
0.93820723575852,11.2221922405058
0.99208048720921,16.6197148207598
0.823644949073215,8.36709406976511
1.64512785125635,49.5269479914138
1.05257517789194,9.80577495718148
1.26687426937409,26.3157856690599
0.32642238406608,0.644598645954543
2.21691065474057,91.3440649452224
0.328429897743868,1.73039569193074
1.04645735196963,11.0835788510101
0.506369664471789,1.0806012983791
0.536519748074735,1.98235373557602
0.86654483323557,8.19951238927003
2.17159485970891,69.4660110791082
0.994193859944035,14.1475500627012
1.76068774701269,26.1012797584824
1.40696807280987,25.9367930670826
1.33565645629911,17.6389964353449
0.740937449049658,8.14875093975095
1.4617594242426,30.9934372830671
0.19930280361639,0.672249333243471
2.1269681235662,91.2285610349666
0.207620697110233,0.792280637837978
2.20545661266618,111.111690400746
2.90480147691627,197.349044633685
1.0679888266008,10.5695674120946
0.483831869844905,5.06169301014874
1.72552575953986,22.3300721565566
0.809938313589635,11.5280126551685
1.31867069436022,13.2121030291954
1.27846233201166,24.1792915788605
2.14359568986471,27.8861764782522
2.03577617373062,37.2830719495736
0.770769532466212,2.00731686595923
0.0950348230278378,0.168362707019435
1.36645475551566,32.8690162277802
1.2839203927789,6.82794077203312
0.617289704808017,5.4142536153394
0.940233750336939,5.82358158022869
0.870145511077326,9.85066081840131
1.22274427320666,13.8530754989442
0.831868602634091,14.048702472594
1.32425477230998,24.7191147362327
0.931132842630243,12.7966460891408
2.49693487387147,163.059736028906
1.25109828027023,17.7986040905349
0.563620791053298,5.55349836709108
1.30230161125002,22.0280531203818
0.913894273030177,17.7324191942785
1.61026757134329,51.8657966493516
1.29065008377189,7.31490943749855
0.601848385662636,1.37830750727944
0.927595844187852,3.8465989108059
1.72611867996681,48.9874134846562
1.3989394965518,42.6707281828986
0.399556013161713,0.974813529800751
1.4633607306414,24.1835161273497
1.08796759552974,13.9499356055729
1.39537896350262,16.2019852834005
0.827291064591881,5.73545669785858
1.56906209763263,51.2804923548898
1.47622620057373,38.1822675668845
2.63558087080328,55.1661162253474
0.662784355035772,3.89139735026774
0.853311091827766,7.83678319287624
0.979863443844379,16.461599905851
1.29639358963069,19.98326159843
2.05990683267776,96.5001217509851
1.63803921345478,67.1382762031921
0.722575120276277,9.69085298243009
1.22202263840621,22.0140068172865
1.43758817636311,34.5716859785509
0.16307845385805,0.325674689030689
0.799345855071845,14.0842278701608
1.12963864584232,13.5283708875791
1.72966661380626,71.6810927109909
1.23798742315375,11.3947232292792
0.167122291999991,0.465698771394139
1.82031033108804,27.7045394943051
2.26661633166031,101.022716729204
0.616374425352429,7.1110454307016
1.00147169579239,8.39961855788252
2.06276247962444,47.2694280264629
2.06162021822823,78.0538760620843
1.82642476633096,10.5313808043188
1.28031929047594,31.5822120215196
0.685190305954831,2.09477376218977
0.82632618878582,18.3450592491419
0.880935651276293,10.0407153519887
0.229918034487124,0.663470456328878
1.13605899438432,20.6432542075827
0.36429549766025,1.38976895114152
0.962186806135615,10.8287750123213
0.906992278965275,13.127644314883
1.17746745711778,18.6814913220343
0.947593581727383,19.3802474313246
1.23717973553685,34.3658857903337
2.01538387906385,43.7750184089658
0.933895104395475,16.967204968562
1.26984235928591,28.0431995533049
0.60407007659694,8.88820858638226
1.29069239381767,7.58173617692747
0.742972311586346,4.86842968041628
1.80630075720995,32.1337119818065
2.13482731333427,68.3202936339987
2.24166842178003,33.773362369133
1.06589309695317,8.35802823442672
1.34996001900289,11.7132165746167
1.00045287623471,11.3343271469736
0.392766708073856,0.60487865792951
0.713965546607551,5.18842876196816
0.924368523430525,5.59731185777899
0.820145973458462,8.11165771674648
0.428258961881323,4.73994599134555
1.12468545904563,10.1506547866716
1.77879383880481,40.3304789355145
0.268041179764841,0.533005223926459
2.163731990361,57.4739092190624
0.329075056410119,1.86935274577907
2.86298607449005,109.896231762036
0.389981393292335,1.58664849389411
1.08360144934889,8.58979901811487
3.3409115819163,55.9036990602487
0.763644962933177,4.95116943275336
0.953839407502878,19.3315924621323
0.826959673136038,12.9700149776894
0.653369334303636,6.77864228696802
2.22302964293031,16.8824648381523
1.83949504785273,69.7179667842964
1.48440696581386,22.8977573204149
2.39055201103545,81.3125812203148
0.45430038051781,3.0582550948229
1.17830495595788,13.8140287712112
2.03866694437148,26.4939178539035
0.727938528014578,2.82698887881395
0.949605888884369,10.4194573702601
0.945077178376937,12.8395433808512
0.505610568133206,5.28732166832959
2.11927099069652,67.895717311105
0.488693490896492,5.49645888373254
1.291646900667,17.4266029986492
1.70815066176204,19.7621436999617
0.331777654859136,1.86568643952984
0.29332850602698,0.904058811494116
1.43721156957182,27.0562988954649
0.616673046337577,5.67339315306883
0.432443573189208,3.86709289592506
3.91689665283243,224.607146836992
1.41552581789318,16.0628147550575
0.303824403847994,0.637359615703991
0.880997892840604,7.04339190898754
0.521323661635752,2.98767854234633
0.580945881193597,5.79034247474857
0.386243126747904,2.52166758523949
0.979537974998253,7.59900365349924
0.307673977403531,1.25955009377483
1.19854310543252,18.9250638560857
0.858046978516253,6.65593695283999
1.19948613594183,8.47279117829661
1.68787147857284,49.3638447701179
1.22594056557838,5.39488557384916
0.992977637939263,19.0343756503737
0.697447613548013,7.72740555590114
1.59080746509039,12.6218397857007
3.13174140497307,194.742456295108
1.88707224848739,83.9354646739899
0.462974232050569,3.22589166526724
1.16754749548205,27.3962238166719
0.718894366057306,7.61229804543129
1.98910892768937,104.278668374255
1.6165292376666,12.9914908040484
1.16808437233213,10.0697908565629
0.362862356764206,1.68038177240882
0.784679806516184,9.09791422271621
1.52781470537517,31.4480756067061
0.685759896538051,12.5471822275761
0.869498633871204,8.48453986023659
0.409462669896242,3.88153428737387
0.812579545900532,5.12059336381764
1.67725296550667,44.7802643356202
1.12464685943865,18.7020534347373
0.746601065164514,10.5959262059035
0.36504476539691,2.87607518676074
1.05361481451909,4.54719565294822
0.33589678718305,2.21294683774317
0.955510640128716,6.95957961638056
1.04648368770509,16.7198094138871
1.07184884591983,13.266554665672
0.796804488512646,2.67379256566096
1.4345030229659,49.2199082652318
3.63116203627145,77.108658857515
0.644763360989959,2.63173198684366
1.1219123202506,18.8588294200949
2.6861070674103,129.892194226393
0.513695349870828,2.63215551189601
1.47598999333055,8.71522987731414
2.11828974419916,91.0543185673989
1.28475322106994,6.95650868375587
1.853224950532,45.7168249127191
1.91667640093068,34.6834647951214
1.23131843788963,17.0079671322114
2.19430069724563,44.0796589381595
0.846417763638251,6.0764349311668
0.919126957030046,5.56292080833544
1.73792095706087,29.8459649855561
0.949067709848108,10.5266620038996
1.59777047487736,45.9192503820394
2.94274234098493,77.6456723378404
0.778314992032074,7.17792387166874
0.981213796778679,4.59627460858721
0.432236474866095,2.36324099508141
1.48336792742065,41.2196653042018
0.977070978453117,14.1208978535497
0.600385150805453,2.32645560448652
2.85494490215272,126.53634638787
1.81037080695715,59.5295865785858
0.836274626145294,6.14946641044831
1.65656850297388,50.8617528719743
2.71312271082531,65.8233835660663
1.97005177727636,41.6001562758873
2.82038116877032,196.462049391378
0.392355716219532,3.43440720074832
0.304751767087082,1.37447827710692
2.24520146945833,122.827307078692
1.37982313855691,38.8891357751312
0.172845648335049,0.779099267731567
1.41657423382801,29.6853481526362
1.20376376837173,11.4934279911357
1.14430896905969,23.1546932377755
1.78621949608722,29.6165034413471
1.00458859077559,12.6939530676349
1.7346454998263,47.2182988812821
1.0457459700954,18.4313990871288
2.08993114426259,53.8460256450265
2.89620977687791,141.612542739615
1.66378400470135,42.0702255453987
0.522666705541818,2.88356922849564
0.18615412286697,0.2537893011212
0.559580591521983,4.95094003508454
1.44902518644794,50.8374212062084
2.59390066276301,104.428126947497
0.977096311146686,11.0183825233003
0.947983714807719,9.30544286921871
2.56998923205137,100.429353635441
1.49766609904218,18.2548947754917
2.22849655081458,77.789372061547
1.45596107951528,49.4775337871138
0.40050874030525,3.15863419623136
0.820640034177541,14.3426452877455
1.41513192762813,41.2496662617392
2.23035554200937,44.2854965429905
0.870419903820554,5.77309320567791
0.407531463781933,2.04047521616723
1.86991050942802,60.6631754762819
1.68424189371347,42.4641059632482
1.50778073804138,35.2624412464412
1.67766108969506,42.20730757087
1.23551860004528,40.7695080828816
1.22372737229842,18.5007046229736
0.218204204197424,0.290552268491529
0.87338414177849,7.3898173839081
2.01389167999589,50.6088210514956
1.43623967952559,31.7146158470519
2.04345207725499,104.424059083177
1.90513642429967,32.4395548752971
1.81867670342971,8.97086477745029
0.672214278650577,12.3007197742809
0.38857674861775,3.06393003004948
0.497112881547634,3.07580192064159
0.983647929681886,8.02922058411586
2.33290326758516,122.458488617835
0.343498065493409,1.59919896227804
1.14834218258823,17.8005612733254
0.818020173677289,6.35172101442525
0.749660417046032,4.31007556182131
0.104610532076047,0.19528990765165
2.16511614650706,38.9285852888752
2.50334482508397,59.5006102104947
1.39240537066637,15.7823398020794
1.33619778752332,34.6191692518317
1.14345232171974,23.3484356213144
1.50342068508295,21.9494857749363
1.3216559032032,23.5074948880681
1.36240293715475,26.3310452106635
1.55910332996339,32.0742706499276
1.55398257624606,34.3154110252754
1.14116260903166,13.2570241257235
0.771758313078973,10.3059505600232
2.09740888510244,33.4956200336337
0.607631851130044,3.30574565909669
4.13418685579474,286.671164036318
1.70544214492659,81.1379630533583
0.62007299651575,9.11623871546627
0.599085174723377,4.5918847836292
3.8046981818953,262.673760629433
3.66728313497743,80.74705602255
1.1491103080773,24.4743454785014
2.10019802829162,55.4329549561542
0.857859402657082,15.7048263768648
0.0431992870553959,0.00581073005090424
1.85804990610943,78.3632748967538
1.26591289666278,17.2122905611575
0.0871995572372811,0.102119505122451
1.94550288107557,34.0420251626151
1.17325200680821,14.4344507936492
1.92364936380105,80.1053591945635
1.43960715404218,66.647601959379
3.07023577221562,185.875436058778
0.644249447745825,5.67844739445744
0.468717218726578,3.87831347522594
0.116583638540183,0.17949887460313
0.818803273138411,15.175538827761
1.91419314312761,76.1602756001803
2.24177063040902,93.0178383607728
0.63359846092363,7.24157411247685
1.17158244499782,11.009908265425
0.457930673923436,1.06524337867675
0.596122205724754,5.52562508193601
1.34608408071881,5.74276717014194
0.815380095327397,8.73488750038348
0.297385628818595,1.48591697236563
1.59515705521936,41.4708352840876
1.33261389395447,22.1384977696775
0.889997656240766,9.53968486849761
1.13679142304108,19.649207021654
0.332646845643247,1.13456541434301
0.826064582167636,4.5334775429075
1.6587411490294,65.9691930870686
2.33019075209195,144.068854618388
0.545024649655747,6.81795379932463
1.58165558771614,43.8740582785222
0.40563291436847,3.01366368808326
0.790254237931224,11.7406806462452
1.15854435905438,19.4085128135692
3.11147494579246,136.971596952436
0.361544856327557,1.74419154784557
0.0704814338686382,0.0614026809087953
2.98098786154865,137.214704965705
1.69037210534832,29.381155995148
0.143936573852289,0.231027771852302
1.09205536558946,19.3880404412803
1.46810351810028,42.0155525510645
1.16711011506696,27.8239054681919
0.572192657880968,4.45259175753751
1.37654219184978,23.3476567199266
0.677260697438926,8.8677101766862
0.719586061369684,6.28752172987135
1.64130084308112,24.8550002690667
4.28243312947229,540.009541727404
1.89741965180061,56.2664111532092
1.33296214695166,14.3304873237361
2.46443540205835,73.2210032145869
1.35459605319293,35.4363460845299
3.01917346282428,154.673269441422
1.61691832286665,8.54007216140882
2.83637504211952,93.5482285950728
0.180951409469212,0.137819922247228
2.03810842645421,66.1999230456936
0.667724565687602,3.95461442362803
2.25898032102259,87.0568506086297
1.42453988516281,8.1552132972271
0.0837911905842937,0.170714681474422
1.48139792360123,22.0900619596314
1.3708783511677,39.3379665661344
0.56732449018233,5.73364738150183
1.73930168732558,41.1112321916953
1.42847299342159,33.1025490321154
2.2516061595466,67.1533304114264
0.660984751569667,4.42062868458033
1.92700062646341,22.4758764064882
1.2298547232997,11.3763238212477
1.01603133132667,27.1666110265481
1.46156420929453,13.9432937648605
1.70859526344507,35.590159726331
0.599166538225301,7.18192762410568
0.303769500945808,0.657937107793432
0.284948174125974,1.34206305527703
1.0523065890273,16.9527789687074
0.446946536114652,1.23306201557201
0.737479081160498,4.05218440205102
0.936746787848843,11.3219106844702
0.620849378915583,2.11579718952176
0.762768219998355,6.88339292166756
1.06803319089101,7.35058412837429
2.53561173281741,94.3051851742136
0.70010927043761,8.91601109635254
2.10090689801636,74.0350359329305
0.407976539851627,0.7631327968229
0.397940849644078,1.91044540091548
1.85278095446684,32.6530069884702
1.23454304500112,19.1781344327106
0.568704075797312,3.94073128293776
1.02694946160342,13.9233497273617
1.54594889029276,28.9401019650327
0.177251162459531,0.269985112631629
0.582013036226287,6.47155988850169
0.30578784863648,1.25108825174098
0.48362012431313,3.59298509816875
3.16139824177026,58.3493093536011
0.153748861561604,0.381448748201414
1.83137194966919,65.6604131868414
0.693659571052979,5.00515662837691
1.76704566908355,39.2262077019781
1.49165824359529,29.9534278250325
2.18438344001291,72.2536984808822
1.52156279268496,31.4953908354752
2.62773650544326,105.551248936989
1.15596352110616,8.79594652562464
0.469427012927102,1.81855248509069
0.751734687367227,13.3297656545773
2.24983682857409,87.7015486325672
0.906879204848864,10.6457826006087
0.353499077854543,0.555007530834992
2.35014633154903,89.2719753483145
0.59546284533231,6.95840208902858
1.30750606878178,22.3119122371929
1.2052280048654,24.3901324109159
1.09342291816103,16.9632157062912
1.23425495619736,49.4278323390958
0.987616887631812,23.5230143721381
2.59941537476074,29.332463887224
0.460751973088377,3.59801499311216
0.376435643713122,2.6176129749986
3.74308990435927,216.12905764514
0.762430829380738,6.30383422970286
0.36122152163228,2.43609694848804
1.23564580756363,32.0572030281598
2.05875552346133,96.6915749489229
1.01804316065877,4.79939160826591
1.32114048995229,8.25131921764929
0.925599066027189,9.43658037394375
0.494192793382612,1.76416514874492
0.733212307181212,7.31407655412175
2.82407809188476,31.1176950501182
1.46078279985799,32.8566046114106
1.89265686666747,70.8342841735597
0.700232415293474,5.99798804825236
0.545972366014955,4.14865407285165
1.51079986775103,15.2837878261568
0.661408838508127,1.47623369647017
0.800335967842487,7.8652121009446
0.851722022105477,9.98966709041051
0.982253860900893,13.8909457055312
0.811466427562007,15.4200247946165
0.371473226060985,2.21704774007673
0.975797655379218,11.5066221818642
1.64247905439694,73.363461959977
0.891017964338757,10.0352899225749
1.62334310876069,51.6913812583001
3.1739814907465,146.066841536076
0.996336712932221,8.86671750342797
2.09325828943844,86.520359098576
2.40383420670817,89.213198604361
1.9025141801769,77.6982770130466
0.216008503863688,0.258741280627087
0.218920397651591,0.311609340827015
0.898497653926192,7.17701533317925
0.733788907059563,4.45379142577289
2.26442345911062,79.1441068084724
0.364463195239051,2.76410045176266
1.29459517686744,27.5184990592173
1.72495502531318,42.0238769642169
1.07552093468492,4.14418914406304
1.77878154027345,37.01478200017
1.37956341234718,26.6351938031834
1.16812771302726,9.52886308152772
1.47526190515288,52.040211769341
0.868389236019831,12.8960707867348
0.991111140929701,11.1767568052414
0.779397440734289,13.4667890389039
0.671627053047912,4.25157728176402
0.681852068944261,8.17723417012506
1.19958534501922,15.6385242418078
0.461017679252946,2.2426310230691
1.35634079352982,31.7759432308746
0.668878249643673,4.96233813465732
1.82166694369152,45.2893769427369
0.480542487726114,3.27796388727726
2.95882687810214,121.023627456388
1.18935979653206,14.1543418652154
1.48783218347138,16.3494258021264
0.931493922255646,14.4507577615951
0.822581041945792,14.3134608409241
0.689936192575586,2.21672408449415
0.897639225663854,14.8063650098234
2.23401737848606,60.6029018174649
0.901880580076796,11.0530821914376
0.791043543713523,8.8913124889851
0.421313970247849,2.7224480483142
2.13465945308069,67.2883979683625
1.14636328361102,27.2964398133025
0.543139015332522,4.76341316729176
1.74474279375154,21.1072438591748
0.542105138291567,5.95989597740797
0.962570034161329,12.7863280762303
1.49860199189775,22.9626725614923
0.60804376510723,4.53757410203592
2.90758231758497,153.766676629772
1.58185538208618,41.1110964134752
1.07989006834473,15.7999159656749
0.797744547992662,7.91692962489435
0.662569209133626,5.63756643091633
0.550869431742419,1.97385023575536
0.0892560699676578,0.0317122233707042
0.464351693692444,3.60182560235
1.8907789617193,21.1963430339779
0.749962127721389,6.74083622656508
0.44101953252711,1.57929827755242
0.658769100646309,8.26448256258215
1.20669946553138,23.1599653181186
1.74014302888069,14.7259315182622
0.765655170884169,11.9861200293193
2.38352218997079,77.1465439332581
1.88201895234105,27.3720814817914
1.24236720601368,26.2385831377979
0.787478177513581,4.61785675299548
0.583163193253697,2.38484263092305
1.01291164914832,5.59937812271926
0.332819313068176,2.16993927505683
0.413758188381887,0.948421668052129
1.40806346232541,44.3065726604181
1.11778738322311,5.43971071358473
1.34584187915093,13.6375766750448
1.52820866469177,23.5157081679568
1.05058468536,6.10075922691591
2.36515515262501,73.4770213545136
0.682045850809169,5.28129965085462
0.317035102472445,1.82469679966298
2.66515003112307,187.760117038412
1.84881826717103,37.4997047564659
0.956283119843823,13.4772904583785
2.33324699259715,95.709423194948
0.847125259867169,9.76152433403669
0.195267784839006,0.546420970291254
0.819644693509505,10.8063708672866
1.51218385004922,33.0647394033688
0.459497992768754,4.12450155714922
0.384750763064985,2.62119219923841
1.90051095210029,57.1274739603118
1.37109950736083,28.7378440022332
3.69831073923132,135.6458013746
0.850125956617672,7.95774532112776
2.17012887326419,27.6308258797673
1.06313139538827,21.8043760227548
1.18718823704582,25.1243845947642
0.47832157869446,4.2980208705566
1.15991358405627,8.56862655567608
1.15850967142361,18.8093664426453
1.489036025256,19.8264427198193
0.350684639116209,0.989837421250126
1.41708264148407,33.4250863573223
1.38519773834729,43.4476444360065
1.67990071074212,39.4690540634484
3.39060447846916,243.160990454809
0.841027313437579,14.4573811104796
1.59180356723792,39.9471936486706
0.991637617974841,14.3743941405431
0.782267040775778,2.20584581688361
0.658105603044923,5.12024971318886
0.820417937923242,15.3015156973592
1.89797681184332,10.0661500338888
1.72265763264309,24.1629580909354
0.392332727858416,1.28874051377659
1.45110984598556,25.5547189370763
0.903172699407685,3.78093321087862
0.132155717383056,0.205776989389601
1.95680157206515,46.0089053076432
1.05599951324877,14.6585285792001
1.94371445392521,98.7886055457802
1.00258816553675,12.655520860885
1.38651900475144,35.0189299722955
2.63991065755246,111.971697356385
0.307596903409136,1.14169099375056
1.81446996939947,47.6270638745056
0.473825036111087,4.47091220988074
1.7199762422294,51.1582095297323
1.12281730102551,10.8147636967661
0.300349343370963,1.27476471289354
0.874896679871923,9.80125149353103
1.19758338227073,29.6784257977004
0.178292885348118,0.579768365150815
2.52386477210906,28.7122766636518
1.02955718204501,6.3327390016588
2.2251688812556,111.106102004378
1.08909343130233,20.043441323803
2.30916296989497,151.128824507617
1.13719782938376,13.8946118464377
1.0832052661686,18.3116980441273
0.590659992538784,6.66013818817958
0.403958372743692,0.394720018617969
0.349053294011258,0.782123772611434
2.46603789796505,90.3549709808679
2.83463362624917,43.5678001807296
1.38240919708069,25.0495152053822
1.11201530722449,20.1725555360775
0.313458784762666,0.765834134296423
0.967539932299135,16.0985345446657
0.586131581412429,4.62413835362425
2.24717031717174,98.9286562574727
2.35018463318353,111.615943840662
0.518542716967624,1.42725919599564
0.538622647252387,5.40711029237646
0.40742639229131,0.945687056065822
0.765776599568837,14.9482411369713
0.291363556593325,1.61717855079056
1.33336588545617,28.1212096570549
0.583926104341249,4.04674054607767
1.86088421757797,37.9193144975879
1.19274888710808,17.9058677395495
1.21594663643242,34.0572482243696
0.996603120310925,28.8001985594296
0.711654792526102,13.0973980258846
0.85673127897278,4.43894952631072
0.543057719645873,1.71220593804623
2.19798608782889,36.6904056413764
0.663291930352144,1.59336036446169
0.659750169960707,3.32438020850915
1.77041542178632,32.2329131995409
2.99429730367025,264.854423373234
1.07391801656861,21.7079801752696
0.965209117275333,23.5367461239122
0.90969425128721,13.6608785489355
0.233154563095491,1.49102602634692
1.01071434804412,10.9337131184181
1.34213839669428,37.3211421194922
0.859042374492182,5.66744989952718
1.06571181200276,13.2059885190871
0.984004943008555,23.2127021741793
0.979487106359683,4.79501524109211
0.623636116966392,2.70137634895648
0.600635277932151,3.05740007672748
1.14323159790935,18.9550481195056
1.69952134095313,58.9449835601158
0.910652820962982,7.2120692301445
0.956659478079864,16.2605651157766
1.36380216859095,31.3814373845359
1.53302626428808,40.1402105923176
1.13134781867424,23.4931657805829
0.59688928811358,3.59193610301228
1.88327750634864,72.3644197413835
0.474810331349697,3.67385761715664
0.625730640510719,2.01182178013784
0.33410184745955,0.304488906613639
0.921644858812559,10.3496942291473
0.763534591488498,5.59208775699404
0.765812331264754,4.25004433847997
1.77398420228236,10.7804479254054
1.63926988804813,43.915254222692
0.587280007079947,5.28020036277387
1.90065012424131,32.0529980299377
0.491341071083033,4.87747039948452
1.32991706008589,30.6510641338693
1.18858295104321,15.9204275434683
1.16781258225476,28.5442698121072
1.47022876675574,19.6368252802512
0.868747113416104,7.91556948668097
0.953075983776035,6.58614146989199
2.31117666742242,88.46674466293
1.85236878459043,19.9296653463379
1.54210215262212,28.0519491635456
1.42817435498306,10.5548285332726
0.703626742751961,9.97518138623559
1.1742452400453,23.023473264534
0.81592246025659,8.50542148459257
0.890739476601783,13.1916123151273
1.37047088844535,25.3290368732185
1.44533651980612,47.7972939244956
2.17001909969646,49.7106063797762
0.331449013027621,0.757966470495773
0.736727068656855,4.93239905025404
0.967463521699199,6.96427600494861
0.547771298594961,6.15899646414776
2.04503761802313,52.3456252343875
0.819422058799332,11.1773067223205
1.40910381724352,36.0968542547624
1.56325862887867,65.4296073389527
0.721597017665857,8.25115345767565
2.24173789393606,75.8812350667812
1.06922773467631,13.5195542306437
0.979098405601632,10.5024470707079
2.81582395870226,127.123155291641
0.416110679286629,1.23733201583251
1.33440227053094,24.3920925133564
1.74679717935521,46.2754218383966
0.973118588430931,14.6538470443507
0.424456653823533,3.10051809423156
0.206915112769,0.962863412496712
1.24410826896153,7.85523416970328
1.23126555748014,14.667129296665
1.91594567960029,23.5607786433158
1.34632272236896,28.4004011356771
1.95631728951364,64.3797912585557
1.16931036246385,11.3538054984816
0.47960998935554,2.60742542201382
1.07371040966708,11.9143621270314
2.58143891807783,93.5772819211861
0.169328306820925,0.63830669193774
0.972108132580821,5.29995592526868
0.266122397786627,1.69004639114794
1.31895682019415,38.6096649853245
0.573930870543436,4.4076292025697
2.5964667929032,142.328447998637
1.17414765288584,18.0343610555841
1.03085248279867,22.313136412568
1.20661748674362,25.7837525308235
1.46250598771452,40.1273257907719
1.47573714067395,20.9791811267438
0.726115346152651,12.0518522513669
3.10142464264188,168.632308539673
0.472226601224454,2.02044017907261
0.905950683786682,10.2767756675552
1.12377170812477,12.1744643143049
1.40072513840838,39.4230460337803
1.58623089405578,42.25949133165
0.647233510030937,1.14017226230615
0.722287351711229,7.17646949578412
2.57549353603595,135.566895018167
0.761168726959127,6.92348068403144
0.695438527998109,7.83304699830313
1.65571173078903,43.1258184016592
0.490176692424319,3.90186318938161
2.48564881185653,40.3879600435598
1.39672580056596,43.4294566615719
1.29288825334837,36.9618792366061
2.52376868956765,113.995545415932
1.1010719411189,17.8152158673324
2.07035192384119,67.6890814565043
2.61706059948758,43.18852498901
1.49813565174596,29.6766999382907
2.37586912585953,61.7544540802097
3.18407209037674,129.95459967909
1.15347015035066,8.95960996116865
1.43411596116624,35.1685707500394
1.42601559913984,23.2188739990854
1.86638739008664,79.2101161567054
0.728477624959823,2.52678851914636
1.23613051773173,31.5653521632749
0.984645217095775,18.8792297266747
1.86344281607602,63.9540307940257
2.72484756129307,138.217787954385
0.713510412443467,4.99511099418732
0.733503157225354,6.90219671013143
0.928826008357812,5.02200827227376
1.45422587623279,7.80581370841014
2.1335741777128,38.4088091729954
0.877709257386563,4.45815884258332
1.13084426838909,31.6651643869805
0.777770497638063,3.32906941988396
0.818486102151118,11.287710297963
1.53633907622668,45.4018269967803
1.85766091386303,71.6570505104038
0.430358136569089,2.88268084547223
1.44127666684816,9.10551959688086
0.661489012852998,9.88375246961695
1.24205624685123,16.3540991927737
0.418839634291248,2.01444926811829
1.47253568140922,30.1946895861453
2.48410025354765,76.293766712428
0.75177314924347,4.33611397594187
4.77438315835984,165.707801079741
2.40926120010599,61.2788987774126
0.690654507809608,11.181998606199
2.16830860217058,127.823067149123
0.454893039553063,3.45334506593333
0.25557844166315,0.97315726188242
0.789464530685701,4.66813241819374
1.60674525431875,21.7166339287775
1.77329718221433,56.9163663362265
1.10529081017513,12.2337904210885
0.754914737540746,5.82075839876425
2.03060674257117,31.5654748676483
1.64041065774995,43.8750061057102
2.88292821472474,90.0145346326133
1.09151887078038,19.1249549536186
0.457605111895676,3.88028717607956
1.49998280227867,41.4256633841936
0.617002300746638,3.62398272625467
0.408281684353293,2.35133625523573
1.76847177635174,74.2504088516906
0.750396955218334,10.2980172103528
0.689110917458917,3.64284743878406
0.366061305986167,2.17049590853773
0.719553598431286,4.405979342265
1.31340644976724,32.2152052785455
1.8586097705522,46.8666983623228
1.13972844049458,20.2949557345427
0.486531572331226,4.05905374630392
1.13009719468279,20.2595076590079
1.3862684453136,28.717390446772
1.06572621937626,4.68852647481052
0.952613836340875,8.51950712268437
0.67842704526832,4.24351304571502
0.280826291782955,0.600304245714333
0.564073800166098,7.00310240549952
2.3114668787504,26.6695410588289
0.447480901110129,3.6848156892883
0.776904257897017,13.6328215078878
1.17370229561067,14.4985813382935
2.24299979905233,77.2602465656684
2.146288317837,86.2019445811972
2.28606517179235,53.1925324851568
0.947578847842439,5.27703559463477
1.11732352502172,18.2359796558837
0.622477753241299,8.07928527931002
1.2854773658204,29.4479647421425
0.771103377264439,9.83457749411635
0.656745653804933,3.01524879658556
0.313102357113445,0.51905649127126
0.975819391919674,19.0217438481222
0.755509377720583,4.67705490540467
0.532846024083646,3.1444594578396
1.39135073931824,35.5808865482469
0.542157084717333,3.91045769617896
1.05281195417822,4.65870488154829
1.65581093446095,14.1265931214344
1.00035844170035,19.467604825384
1.13978218947926,30.7445699942797
2.10384954780899,92.3586351271413
0.618817856994431,6.9052866490502
1.65245726329855,12.3552803616691
1.595520502523,51.8626247572118
1.31865464905959,8.73676423796006
0.887893066901274,8.89492802388764
1.5091515237399,16.6217102678661
1.36534633933035,15.8689358733271
1.88522879247847,55.0983865378075
1.67477326027885,29.328767791983
0.935626789632571,14.1858039403999
1.16759479764374,14.9224021835137
0.523586278278296,4.05025122568156
1.05615686419332,15.6921555756165
0.416326699017015,1.32440038475813
0.499736554668905,4.19384359864977
0.631973610683686,2.14378695161726
2.17892017299153,109.953582135431
1.00080088693174,7.2139067120392
1.64408762735227,39.3774413152545
0.404318009101185,2.24958029936873
0.870177353704574,9.32945744808139
0.661422349863718,2.44843947541242
2.14372328738625,45.0045294302235
0.844022614893905,7.9648128117831
1.56709538091374,24.1615117512862
0.13061354725658,0.269349211471117
1.26661734081476,17.8921861457248
2.73612153104373,35.1530766819219
1.67068565116495,44.7894366985308
1.13508060181555,24.0919804211105
0.734676398856491,5.46164842383077
0.810454686352308,6.62735532254325
0.870112772665265,13.4184236543265
1.74459052677079,19.2459402024727
1.19536121134355,23.7017721884096
0.14238428707735,0.342490199747606
2.2751905361926,74.3587929549765
1.46647497230434,39.8034376781025
0.817127053585821,13.0060207468952
1.17375481335168,8.03397401954704
1.78274231568534,34.1509877232
1.00092533680178,12.400061780509
0.769662649349813,4.62078773046761
1.21434422460474,24.9286549160511
1.79957365182653,27.4409767592113
2.16473796506646,49.8346316029073
1.06964686259108,15.6125520875763
1.61955457672517,36.7877285827991
0.56285274236271,1.17670909691168
1.07203971412021,6.83730884229132
0.449372940641419,3.61276084342945
1.88740540742495,96.0275659903646
0.91312258734855,4.31087728241402
0.790994002722157,7.92744584522556
0.29378792092346,1.46588542635741
1.56521746985622,29.8473447396458
3.64985244721768,53.6955822280443
0.872258401657337,18.4080037503704
1.57137760632778,14.0907037777617
1.92035545130659,42.3472699816897
1.97441383768345,61.3996179327733
1.42061483640834,13.2787224655821
0.979244142282345,5.86733762477469
4.11781760406245,139.962557023031
2.58755012507966,64.6627970763324
0.469769192105435,1.22000459259898
1.41830357214848,29.2590232999444
0.703037820220299,5.82532343778641
0.774148873570551,5.33222299173594
0.746640413674327,2.75274679862691
0.983174304527563,11.2009459715292
3.22741892109203,269.533737869604
0.414975305566223,1.74587178600874
1.47714036307442,16.9653019430794
0.913527646582909,5.52148398292883
1.89637816499169,70.2204106185487
1.32404383371024,23.3328361577848
1.60193512295461,23.3366139914921
0.206744644328287,0.507096134205156
0.841742247959113,5.19983295892061
1.26682449126272,15.6556680071353
0.447033019176929,3.57185126042282
0.782710193952913,15.4158723990087
2.45191251422437,101.265335129141
0.221909462294058,0.43270478627582
0.70577310478563,4.11076582021052
1.29177607941421,24.5845542399151
0.516559868733052,2.41723293572097
1.04541339234096,14.4564120701589
0.851795039410981,10.3480637181769
1.42854333141194,10.1437220114637
1.06035569823381,22.3629568714758
1.3418226789421,26.3688053517512
1.85976495043655,16.314784688348
0.639014507834434,6.55054517675563
0.413738720719713,2.38315014753079
1.85813152620548,66.5634670202905
0.0821863155785701,0.0537435849162256
3.24072668278869,103.179084069392
1.62695509358197,29.6947034328644
1.55886482027749,45.4698326177604
1.28000638295009,19.4302911376573
0.745697474482574,10.3907194195816
1.4477763085955,24.4497472328795
1.52405322364173,31.9795584948099
0.423537423181377,1.88960103765516
0.716068161363902,3.9559085854252
0.727536577695255,10.8828376668774
3.57101205125115,294.261430927702
1.88435619701348,55.8474154556608
1.97214736790115,67.8294004692404
0.402764234112226,2.16554111403128
1.12552391250271,23.8832417348977
3.12436393596022,145.912558941339
1.12319513137396,12.6312648592487
0.330273690697689,1.29342690291179
2.37317861003745,36.9320539560146
1.60444114286263,27.9139727836735
1.00293903893151,13.7032677381505
1.24798975139517,9.8298403666991
1.06563171541152,9.99081436320176
1.26408816171681,14.3413135101138
0.770147707100005,5.61801205500012
1.0578565869156,14.2676966844055
1.06800063386355,13.5925401600809
2.04574024754194,67.040154323308
2.08671137779787,44.9672132560474
1.09617153236358,19.8695689737928
0.62227437983901,6.91248053897754
1.91821711267424,57.1195859253187
1.02682456183559,14.1844339119276
1.27713845919817,20.2648232768953
1.1169116429716,7.94817996515481
1.03983741646027,11.3672238783238
0.481589717615265,4.63543729927297
1.07368347082617,20.0161992737913
1.16076679494135,29.4607458163943
1.30258882496164,38.205970727554
0.745484996737941,8.86953459544059
0.630261123907347,6.18926615833101
1.33640442608044,23.0287987801983
0.841319356881195,4.55904551005034
2.23650417149028,80.4861493627596
0.259869842335939,0.609728043664846
0.0793886473791276,0.109867629294659
1.56795743456289,13.1191968049579
2.3124692665927,38.1523276570496
3.03652736272569,229.327092978212
0.552889566217133,1.04220218995588
1.88978400737723,12.9819509830875
1.77149287679135,81.6234780427807
1.20934880080816,19.093150415111
1.62891034019396,39.5047278096881
1.71601564927337,32.7691391679298
0.0893783526275574,0.148045643768125
0.408423835622481,2.31828714321471
1.66875789407029,59.3924053181201
0.400099033326603,2.88059696374456
0.283777358729405,1.20195068270265
0.934544260598439,13.5478738304452
1.09444359757011,12.2988632921517
1.11021071914254,22.4904398851428
1.10103077035812,14.4036983536099
1.13003278988036,32.9024304578709
0.699002461471796,5.82361400411847
1.32560555906694,12.1676491333388
0.350620267985676,1.3948540282626
1.01660924855111,14.7854849388144
1.25732815010929,23.8057852075193
0.367396873973305,0.748967855213149
1.19836746264493,36.3566408657073
0.366600462078542,1.57609872231673
0.312998414492971,1.40406299294583
4.0513425579572,67.5417311847737
3.09593944453613,116.982236370817
1.20390153324059,27.4443526822884
1.62632008562993,50.868905334639
0.939134150539836,8.26759474049239
0.917378877916125,4.62348338777126
0.707020529192165,11.505715316506
1.0375298909629,19.6032230379348
2.72949042474021,65.0182279370929
0.696092624625514,8.64925953798232
0.143184194800889,0.236743840171645
1.34659383590229,27.5803257440661
1.68518197672453,36.8171529288757
0.750514873895283,4.83651069276598
0.904143904306641,9.62147434215298
2.3404765990932,110.99960086345
1.76651893113859,35.3069408655387
1.72880428624901,21.1414671765441
0.920636173921503,11.479903334748
0.564314270954572,2.07147336012705
1.0158118417876,17.7728079992548
1.59961278791176,54.4481342894242
1.8049884694718,47.3151216908183
1.80481065950888,30.2417696798178
1.83306413168917,33.3941630940391
0.870333938990121,8.16318179025768
0.881026320133663,16.628754208278
0.695793646249944,2.30871286323701
0.653480522838523,6.74672650501216
0.226779666640799,0.304427184298423
0.804454864995102,3.45943875997615
0.244560903589339,0.57624442895129
1.38888552262514,14.1290221416233
0.867771956482054,8.07578222557979
2.38193336010373,63.1080173398508
1.22431700380041,6.78079518691478
1.84322439520644,20.0342568218352
1.51492985617185,13.8375385436079
0.414199238044633,2.84276846157992
1.58194413108175,25.0082167347923
1.22523928729792,20.7914974658592
0.783285687489376,5.68857268897766
0.854905437604109,8.61165564769144
1.52490590005752,27.9451401916525
0.41364404355457,1.59069691781372
0.203356718501045,0.58980357283524
1.22084350684206,6.63856488537162
0.21114187581879,0.846837665479015
0.293248722576482,1.10982311409732
0.669099350063564,5.10208637341445
0.929353548118012,6.36538624441097
3.93485487904382,66.3331350281966
1.66322704386082,12.6748906772851
0.999344831334499,4.62158973461522
1.22778799199671,19.4589662784914
1.03910589974069,11.1437216767362
0.990973166438392,6.19456744189274
0.483560423666067,4.89358923034928
0.552586006245909,3.92744297834144
0.935337388419315,11.9186839144116
0.891737103016079,13.4533402042463
1.37760198488035,23.612309141117
2.72288360978613,55.4391752364307
1.63176824850763,32.4358879165
0.762122000029196,7.14884494276557
0.594079110456707,7.02642453034685
1.09478746648521,14.1472920844068
0.959275114722334,8.21310897997327
2.39839543110683,153.753488200441
1.00966092519517,24.8631493898518
2.41603562326498,113.315113752781
0.320922897991875,1.91849488019052
1.31356595060822,33.2468709420877
1.26500202266966,26.1701643774343
0.218743042937012,0.216280155255551
1.82297432103654,52.8979316974165
0.581518146873871,5.7253787666656
2.24384075262529,54.5775273088836
1.86380385102578,57.9085321220224
0.46180272787222,2.51777878555448
2.88994233595993,55.8916831643179
0.97281224365905,4.56357424461273
1.44761231285398,40.4681080720137
1.87365447141246,87.0032355520403
0.334131880499653,0.930885156742823
0.715064079474147,5.35188406552229
0.964344723501095,14.8947391352866
1.6717222121846,48.1145436251492
0.40269851423515,1.95314140445023
1.17728995205227,18.5257816005607
1.27735514166134,28.1583379561761
0.172129994117473,0.0841871086489848
0.876225018448208,9.8216594120795
0.986348951986167,24.332412198491
2.21227382924644,79.7932076031221
0.896018846740269,11.3393549143808
0.750186481808768,14.1555992217117
1.72882196445175,44.6132945178554
0.966167069487948,11.653689208061
1.23166604270262,27.0230406050195
1.44852681068386,17.4844107267496
0.289483056403642,1.85040542449553
0.207491534719617,0.530740195941222
1.09920712962872,13.8399881530376
1.3099674844671,15.9464103629111
2.28109669064074,56.7022429343924
1.20325540306179,22.1518688871855
1.15735996226975,17.8272648317865
3.94612664264696,166.421105350366
1.53341189262153,17.433286817989
0.634397208796712,2.93860196050076
1.22521062320584,18.1957067513141
2.53262531089167,49.5523387382261
0.47401417493087,2.55395293673081
0.960400388197138,11.1647597954633
0.870166948828326,14.6355804129412
1.43085257692536,16.3099002919788
0.922561059994104,5.57472871365415
1.97629854014936,25.5250204558481
2.16011116675266,47.2624258543135
1.47620511309758,28.0198551932765
2.20181975729654,18.1356788873863
1.00108693888328,4.71773774622933
0.846415696238805,4.09904514981316
0.596431972333371,8.12561372917405
0.493125273493973,4.86913372315436
1.1080825575297,29.8084979339501
1.07261978671653,12.2358297709079
0.113005438816936,0.161060365896657
1.45020223164619,50.4989129988603
1.27385330173182,16.0706631157564
1.12521109855828,25.5784262308412
0.827753027940664,8.27184796936083
0.674112122494364,5.97799757494568
0.753949923303189,13.0898096091337
0.751809629572795,10.672716165008
0.323450756402345,0.645974653751891
1.59664672752936,47.6016663868566
2.28587372476908,62.3507824799961
0.416606629624176,0.92738791729631
1.85704156489712,46.5301347484202
1.45665024326603,19.6926203603286
1.08716969954884,16.0756018340131
0.48783662778026,2.86725374518516
0.223359743470258,0.67742838874983
1.19514805037395,21.902523157899
2.27031832342959,110.264046561239
0.530200908914597,2.94609745332045
0.675010195063109,3.13716666756237
1.39830657227965,7.09438566472902
1.04353739246845,14.7894444238855
2.22956730120553,137.783602387534
0.191131105591556,0.397827512572443
0.689604338151672,4.36557429399276
0.646237370321545,6.04289083094923
1.32185324070362,34.9195903561544
2.23620311624861,98.7889952099537
1.69774783801594,30.2931202207091
0.229064146540426,0.668281294854372
1.50390370089594,44.4296029059184
2.07870323685703,76.1487629506317
1.14257052027671,34.6398950617623
0.30022663787438,2.5113612510178
0.565129265129656,4.60084536316068
0.526447198375829,6.97600226689635
1.80865341302028,57.5437230189977
0.597534118455327,7.33461082909253
2.48237827954766,41.8366022701223
0.863759294709516,10.8979208935266
1.69941902552886,13.6920030782207
4.01186125430901,269.058364037414
0.537368027059902,1.90231599846304
0.920283460210344,16.656035130928
1.35615904203375,14.2126484089146
0.62867526952016,2.72315066844866
1.2246323081357,28.4198505914124
2.48545725590725,167.900042527666
1.62895673647325,17.9695865052414
1.17376710018791,16.9050061930057
1.187176188447,12.5484659539085
1.90843709611943,60.3567684311468
2.77552088300165,138.663974708326
0.934208022338794,12.2532380189708
1.38822882162791,25.7001936655837
0.399313108640437,5.04757413181756
1.07351532085124,14.4812806025295
3.65231139726632,382.968696490154
0.347561639235294,1.55817470599252
0.732744611742521,6.59439756167954
1.70111760178265,10.4145450862777
2.5943847106157,145.227477925593
1.18877077269094,29.4035323060051
2.14509636132574,66.5063479178102
0.367993643095742,3.05965960026378
2.08459928161463,72.0700092083154
2.61483515523865,97.4972721871222
0.709689171551606,6.09355457781523
1.28163714068853,5.82466930763658
1.87021956940357,23.7697548189884
1.27775298989778,7.97860752873901
1.55667494685731,32.6222539831962
2.02520872088286,49.6149119080883
2.28336277416742,76.6177368110782
0.650921890445094,9.7831107831095
1.03743954658588,20.0875545205042
1.10648417464704,11.3854469221843
1.05916812321044,15.1093625043872
0.173003604376283,0.29540526183401
2.53046697734417,132.295839989099
1.20314487383377,10.6507611095262
1.69384802799232,49.9575146954279
1.34087398852944,14.7444171521454
0.851666667380351,12.9639570037867
3.17008902540558,213.87944943528
1.02561064758764,15.5343637805689
0.780949278836246,14.5937249104336
0.396847578142634,3.6177225570183
1.15469136011014,7.94996393931817
1.24202252793147,34.0030344407576
0.59217325173155,4.76708306332447
0.057963885876354,0.0290302693415743
2.98956194043863,154.285106131083
1.51915603141713,33.5077967860854
1.82963248004094,21.2346303342687
0.181657354883195,0.400841166033501
0.879828484593879,6.16058618909565
4.00953536256993,267.016223785831
0.962696703503953,6.16497699058205
1.83437105584045,57.7968407257045
1.0485676901585,18.0025130742497
0.291534893383959,0.265022371975154
3.08620098758388,87.1625595296549
3.96250633093556,187.17369844697
0.845427844175661,13.8174697335418
0.468733482457413,3.0970787794029
1.49991687238347,8.62313472799588
1.03911995947319,11.7084203767028
1.56296643056697,43.4974736960981
0.792988536139767,17.3144137924477
2.34514016958143,89.0644189458621
0.287096557752451,0.335572296240332
3.52014044058961,121.252821877083
2.4730648981601,79.5312604893358
2.00826713226391,45.0944028809202
1.7871395864158,57.3860365949682
0.814079358636706,5.31992395705128
1.31523937900766,49.6331894199317
0.627223475938596,4.64994046234856
1.69672327808018,50.7795465591246
0.447361349648231,1.79073187599214
0.808413511140236,11.1799838528475
2.27693014290089,90.0566147951883
1.79424210980319,50.8410817761325
1.95806520492633,71.2105106522742
1.3995835774694,32.1375395220595
1.80182432893655,80.0438218694458
0.433521302068703,2.98154557224884
1.65361715596455,24.2852446266514
0.933888000276916,13.9499804369769
0.698713115160364,3.16472294325294
1.63999229822809,43.645364098248
0.627844906971886,6.7458441138767
0.512831844121507,4.17311318268649
1.20595008721437,6.44007690011249
0.459596799693724,1.62393852382354
2.29275333597705,90.5320981824309
2.08853829375638,55.3818972433531
2.82836079736979,194.702216010144
1.11529195482318,30.9905115749434
0.613446337509258,5.62336151415222
0.90202215363027,6.37190017370036
1.08036903340234,21.1489881930983
0.94759575672878,6.49251657485673
1.44108013194333,30.7057076334212
1.70173051785629,47.5487795947639
1.81149490470285,19.8661616087857
0.986781749165173,19.4514589487392
2.3101505659443,99.9674734115517
0.739676473951392,2.84675512912083
1.66709222805673,44.6331580985445
2.38597024440566,36.0763531532206
1.08039356292026,19.1981666116207
0.224066506927558,0.606438180985026
0.684630149818681,9.33872526688071
1.52648343734706,42.6735137677251
0.912512207032903,14.2008074387265
2.51183180705807,104.036756353961
2.19277307053039,67.9372648812535
0.536309954186061,5.10132417649873
0.949154540663077,17.5235868233466
0.523289298154447,4.7239954435531
1.77577347271304,14.8907422558058
2.08913354378508,77.4330265809925
2.93633097209608,148.287900034097
0.616297284866792,7.54496639649005
1.57933101959095,42.1089632592585
1.40855437499848,32.9261163110336
0.875579981268237,10.169583861405
0.581634013851625,6.89243388929567
0.839349250547516,8.96467410533673
0.638720397014932,3.60196276611978
1.3653032680457,28.9632879414134
0.266720591754855,0.822375130426287
0.852052661905743,4.79317073528569
1.48217470739119,38.857698102489
1.7261001424454,36.6815123644102
0.878980753609344,10.9174366576079
1.5080054837447,33.38899648635
0.488223624100983,5.99363764332289
2.18234080185392,76.1790809260481
1.34532118811361,23.6916105085649
1.04708621024375,8.82142163142461
0.986381507353425,17.3358618045114
0.531539320890071,3.67233353478276
0.731863256125053,12.5655147159727
1.6466436261032,56.6797578998791
1.36664036068164,36.1800513756943
0.794040785245224,8.71359669042692
0.526120509925052,4.99702669556985
1.49447142390559,32.2371902324086
0.699056543830742,2.89518004940482
2.02545168685345,43.0025143848794
0.424807142302215,3.76831526714408
0.507707783349677,2.81384410582738
1.15310794649118,26.1889835133029
0.570438350074474,7.93922587090124
0.78068604721464,13.4482380226475
1.49310309088614,35.6855852258625
1.07560101675237,27.2564399219837
0.263077131286136,0.928336971484425
0.429490022752964,1.40079323853018
2.08535567933363,95.0026364899213
0.264888172044165,1.11719779351826
0.804679392466341,2.75873934246367
0.275089609750736,0.613446222279881
1.62460529312548,14.2010526401853
0.902408517986389,12.3560389838672
1.1753828145749,17.954547258988
2.54815058179625,173.351855894177
0.690579597215659,11.1609671000832
0.745219777790984,6.50503657320925
1.28902119447383,26.9911560951807
1.57308529706483,69.9372111918979
0.527136803017702,8.9798604496376
1.32464318424285,24.1430331378343
2.47423814697771,49.3436686620468
0.610040371727243,2.52621723561755
0.55786572035866,6.35482877783396
0.621755821031403,5.62808353802907
0.649620475219393,7.07644570559949
1.2665385517524,14.0918765867918
1.39986905493822,19.7052147365727
0.952998707445489,10.6616978059604
1.41537638957691,13.2344083045846
0.763768600759557,7.20404253377454
2.06081940250946,32.2508084745281
0.536444528578584,3.6321432658079
1.66701552075192,9.81438870278545
0.972455676462353,10.663661956807
1.88873173378354,22.0053857978304
0.892326891452127,14.2131786083825
0.675436100175618,3.07974915815627
1.19586804721498,27.5611992515232
0.586070844273192,6.84678042351323
0.880136607294998,4.02742884661362
0.45588458769736,5.22016144656152
1.60167418025472,37.5366130080885
0.671027233566059,5.02592646843197
1.42570567555358,44.7110765972502
2.15077659488107,51.9791712908907
0.606634342259224,3.92533221783288
1.30566095952409,30.2343077413254
0.551514461525202,3.92569717869391
1.66533895839933,37.4377992574403
1.17040817223173,14.4143420440914
0.550297867399478,1.52101546575562
0.853222298746585,3.69035383913651
0.946349505609895,11.2048378340685
2.31251191696702,64.05708744585
0.967100992333052,3.83770422770409
1.23779899971757,14.7327009245724
1.66140491036713,11.0058781276365
2.30182529305469,133.867602768117
1.86884518152075,53.465004274762
1.50790012659777,60.3275726062468
1.04776361171884,6.82636314264216
0.764462725594618,2.9194784965826
2.44049379132943,110.169764866866
0.689942378085502,8.12237848257189
1.93504756879751,68.3750175952143
1.79097427336027,66.6528289941001
0.474672860645831,1.88941021139527
0.656116839311407,4.41880375822461
0.482840491159862,6.44731172358457
1.36754110741043,9.37568566132878
1.72777254627618,27.6253397348241
0.879438957823094,5.77863672744813
1.42746633913125,29.2089619085412
0.571532630430226,7.97984979448797
2.41825198580427,70.067371892957
0.398350462645066,2.85286507012876
0.788633072192607,5.179041307011
1.29204282825208,14.7573068075496
2.20238476487853,120.839895331278
1.10419480784454,20.0516232230392
1.05971687968295,12.115415621653
1.7856919093643,33.1839689810508
1.77699316502469,63.077044886508
0.120111493363093,0.224627988079313
1.86457875024171,24.9190625904729
1.87184285553324,44.759459921129
0.739101788098525,2.07265108876237
1.98400198404131,39.2589898399215
0.509576340189191,6.15478102521958
2.55017048216231,90.1772095257275
2.09061146966814,113.630293080894
0.895256243710501,10.4444688364244
0.753283390837569,9.60576811739056
1.10470893813419,19.8894523878822
0.999522356832953,17.364308784626
0.661903715392225,15.2134754927275
1.31315224735861,25.9168652354524
0.959960284148324,14.7507730516397
0.660669917620978,5.59632677554316
2.08704233019927,65.0606391711633
0.761437760995158,9.26226839504844
1.17927908031818,22.4362016543412
0.844073201161088,8.45263572005786
1.07587822236271,42.4132079879524
0.502824498441985,5.03457053129524
0.960011996250933,15.1286124676846
2.29675187960418,113.227795191523
2.45259721989103,92.4190826407591
1.54777296107438,10.1377605731087
1.07581090064857,16.153009832975
0.454184148100872,2.01298388499961
0.62056733407893,7.11239020825273
0.29209307701769,1.75303367725645
1.32498664558089,28.9407056102159
1.36502727771407,40.6207335835378
1.09091356178932,6.86530031874791
1.21498985797749,39.5936476819704
1.23823613072105,24.5990982823874
2.15960789105821,76.0258990379086
0.560833983705437,2.6253608457372
0.367469652542362,3.2170574279903
0.745800986040095,10.9441749521495
0.564104320548754,5.23435969653652
2.55605203159764,165.470686341049
1.45425345696033,41.5018492539261
0.859658733376343,7.71231827172338
0.859109893393662,16.8776032581524
0.369546666900077,1.85426277962608
0.478232721343968,1.47410479901858
0.341384761632981,0.896596006077834
1.90184669983644,67.7953736150226
0.444918123056486,2.62588957772927
0.282969055618609,0.851400347818183
0.361210401418298,2.77524969042036
0.551234360635513,3.91067135473008
1.27562371056601,17.1845479785261
0.372892512487672,1.40690381305941
1.47176252628538,42.6846246069689
0.827782922501543,7.98639676199845
1.10625531867607,18.6381575230115
1.04763772420101,22.4752158944849
1.73509640197864,54.7799566864771
1.52311916628884,43.927473214202
0.52198760798866,6.15602884439177
1.94580989484282,46.8877180005309
1.23195042635433,45.7318825854798
0.570854863298429,3.96202721611805
1.25093958761938,16.9549705511684
0.655711290712248,3.52376944723901
0.494734845190332,3.18937062687352
0.241357324295388,1.28317926239535
0.526114341640361,6.32478191094188
1.90000880146385,12.3431428500758
0.0775714602428311,0.074467165387411
1.81469338754941,20.3211632930495
0.797010566037843,7.79144544464133
1.33763546877237,11.9747956824536
0.62048448112017,7.70707811433091
1.31702457062811,19.5505978941191
0.41135582919939,1.72863464068352
1.45149584199369,19.5545391796555
1.73332160511216,67.7975964316514
1.84958403760367,17.1322727719036
0.315983516465304,1.08360797534777
1.36404847868119,30.5411764604309
1.05007364593838,28.6144054487523
1.77121712512866,56.9848568420487
0.101384289383158,0.12074694948916
0.607437321658173,8.94614925598211
0.704809682811804,11.0082559560523
0.843083026735176,14.0810934729085
1.71132534938122,54.8674152574799
1.18568215923553,18.34591297561
1.70461866697974,22.7702997711473
0.764677511435435,11.7135120938033
2.89134246635802,129.955664361923
0.532683450389227,1.62008690740415
0.991349969328633,13.7089936259886
0.579794581374525,1.79849038432186
0.510839628515438,5.31619115966816
1.29604612730085,11.1708073486894
0.919958491340433,3.69164749917281
2.70242412330305,107.653334367487
1.57158775098705,17.3282142691823
0.702993525925926,5.34743922468819
0.996507469623372,8.79716030561952
1.07333312748289,17.1979889874115
0.89044174168312,4.14604604669099
1.38229414941951,33.3239557654923
0.668135887200915,9.08193683703667
2.65843337864662,30.8125599032656
1.21841608201937,7.1588835371946
0.537220120726958,4.85610655337114
0.76086654310108,8.17432098430652
0.974802741711724,12.4436615663208
0.842442821486522,4.1648955316905
2.15766043645923,53.2491384452776
1.32176801988064,11.5913294488167
1.44324157462831,13.525498714238
1.27984159220142,8.55538657227455
1.08655296632032,15.0570591218172
1.88672372953902,66.4589421335511
0.374804921140253,1.15333952485043
1.47955203357697,44.2886799908171
0.632340103821944,5.37805882513716
2.87791710994483,181.481573981238
1.15059739353962,30.9462818158165
0.825837722299875,8.25261285555551
1.45315117719367,36.2739434974051
1.0262238255713,18.9870944286755
0.211761124585314,0.233858694484507
0.350213517493004,0.985810800850889
1.50071682861404,16.7936244923666
0.435433304451153,1.25354481811805
0.66940865669457,10.1021625253218
1.44128912904866,25.1607259173519
1.52808265832431,35.9244259697928
0.610445446956145,2.47843912064202
1.08827369724334,7.38881379169896
1.52507808427137,44.4607474458639
0.83514950063294,10.1269339286063
2.13637238561639,109.939794752296
1.4261226392072,27.0829299068363
1.83214635041336,25.2969713718918
1.16706253619951,25.3886668384296
1.79211043390743,48.4094134975312
1.18233502005884,22.7276941670711
1.16788356472035,8.62454681918633
1.29393605945439,16.7419830522226
1.45247739985436,30.4828065639018
0.214508232431162,0.345606413865251
2.53310845810471,99.8550745212575
1.32313660744961,22.4331519672441
2.42380398641718,84.9849811218693
1.7867749943357,53.4451867760617
2.74980007471635,161.656194342514
0.953932855281179,5.14428850809638
2.19846820001532,78.3177590123628
0.398513227868232,1.44355288924695
0.964775384436917,3.71124618087937
1.63331515712358,43.3426467200533
0.597420202557594,7.58268485908403
1.8619781199033,49.8477941605661
1.32082398561651,8.7516954535312
1.33943004265212,31.3781459670767
3.02326099920346,161.45444583224
1.73495047652813,25.3749479521406
1.8136249072069,44.1998196448055
1.8718736014314,78.039512790299
1.12087173182115,17.2774619452827
1.37253675250346,40.3767685207407
1.67172305828653,46.8028183970735
0.836047727029845,14.6943127814889
1.5502499156658,58.5486805761812
1.27274770491239,24.1114775571612
1.18986109286865,15.3399769074163
0.0918470525917092,0.105213863097623
2.25282579373954,19.3193762900247
1.62455784938181,34.2568222791398
1.12739411882841,7.64526357812287
1.23313029594468,24.635925813611
1.44607382679088,38.1310113410098
0.365271952703277,2.6029210175422
1.18908273150905,9.88135459757552
2.47595284750852,86.1962744011932
1.09828113240213,12.7725700278813
0.609170389010623,6.8353061704533
0.184639885932248,0.773655145231657
2.23492058053355,21.1858109809954
1.39495191538325,13.5614506983653
1.90269641092243,21.381841993937
1.97504673263207,93.6914714437789
1.3021160182318,49.1120468324036
0.939348017524538,10.7847427038831
0.776363505434975,6.18144836205324
0.559656083028901,6.080735124193
1.18401225913848,19.976145636664
0.615924767395807,7.10653266753862
0.947800200357762,12.8959895868064
0.70765007062713,8.03603179848434
0.984124952299174,14.3118126443152
1.4419218214477,32.9697974410689
1.03738249364744,16.4582337202625
1.11608650550094,18.1704203708136
0.702604482100522,9.20471945736377
3.17960048172023,277.3034886451
1.46891776284994,47.9312271175622
1.69306730286634,35.3174766149136
1.79880784525621,56.0116608272298
1.19612914853356,15.7276504865855
1.77636299839921,62.0482788131545
0.490906383808949,5.71207587370155
0.402559466904784,2.83374664664418
1.01447384724361,12.7095405492918
1.19753112767167,13.4564723561317
0.619841680263257,8.90086765496605
1.23445151069837,18.9952120555553
0.579324209845604,4.4813308365542
0.837553295082127,18.6795123361356
1.18733563838338,25.0066358754589
1.09859044418085,44.9226731306234
1.37589399473729,38.8532230010204
0.749357798698108,5.89157657380849
1.5679631785263,47.6064696912292
1.23557417725482,29.0706408698317
1.16642975247906,33.7129205848541
1.17737404821861,5.07212228354322
2.66047747713596,137.106535941865
0.718076208011344,3.30922367512776
1.0065788672546,6.83804421178126
1.25026656319485,16.165092777757
1.14577012895064,41.6844064092536
3.10327626891939,118.613411629675
1.09817827137053,13.2333043311795
3.47789724811333,190.682307377177
1.09004173283185,29.3401477704124
1.11788707382455,25.6307880664353
0.346636159841232,2.66336351182497
0.331517415573468,1.84575967261019
0.11126107222868,0.0505375500397109
0.278641939068136,0.530809358603205
0.496222241453489,4.11397735986157
0.472208157446537,4.49417601581941
1.00744526932122,14.591842091546
1.28456765858208,28.5348714649388
0.374812593044443,3.01329665130111
1.89039114078563,39.7577689186242
0.940417336810357,20.1950899040017
1.40719316132677,24.0048201094019
2.05867937125128,71.8307955538583
0.773380122475157,6.82004465206657
0.158876814415204,0.321682678934601
1.33588035790335,21.9139587044197
0.932309130806296,7.30849276536267
0.796743260993517,8.12389551116478
0.604374672814374,2.25518779822356
1.00081443616728,9.46216231047308
0.941320774336097,4.63196262012635
2.18036282471168,79.6631282257923
0.667567381237764,3.92998891224225
1.20493963225728,29.9501325880847
1.25661270917639,30.1945690036539
0.767905177800314,8.56022936938906
0.555239885719282,4.9609636888527
2.4770129905096,163.345444260366
0.500829505031243,3.45811042256117
1.1309397254396,12.5614681906022
1.90004467934856,88.9100205355198
0.719137130771096,6.93587809765421
1.15865281677332,6.27171636586579
1.13018569369576,21.059665375485
0.821083179988812,2.98841066264769
3.96448161924012,321.980522238348
0.395923946017426,2.41997535108883
1.73792569202577,10.3223434092929
0.950889501162241,24.5349842018246
1.25972806249573,19.4304033542932
1.48035575051282,43.5015933289277
1.3754440673528,27.0833034591825
1.60245569633723,30.5012182828801
0.535334708789663,5.89491546973052
0.761800143070749,1.99389000547382
1.23819019924116,22.5584209300306
1.14349577737308,18.81559351275
1.2961577888237,44.5391673872298
2.19620940738517,104.021583392437
0.443530381319451,2.224489608298
0.846716503226719,4.05627103952091
0.806962236150335,10.5192286495595
1.02261355259094,18.0970451166294
1.45128883850567,42.216026588031
0.511419983455073,3.76024580935286
0.542123791245247,4.37372472921957
1.344860557955,27.0679826108213
2.15823054596426,53.9965060136482
1.51449241013121,24.3456341664684
0.182904563435211,0.184342248000999
0.782509616717692,5.47429743544907
3.18624634071221,154.068882459187
0.859102502540054,4.61215962582421
0.853720030044766,14.9625004484363
1.17119431324041,11.5627716716677
0.953353520206078,10.1594766815067
0.837967449158787,2.90434547009454
2.37561879313564,44.9179821496508
0.803675812691669,3.67962123590089
0.983676156275721,11.8273548458231
0.329041058604821,0.564951153772685
1.28908540580668,43.897030584413
0.504344997262259,3.75500508994511
0.445623792756697,3.3454603976162
0.448719618163888,4.11375886245564
2.24895079687796,83.2249614837136
1.11754089981523,11.3445346600635
1.4544029203552,18.7183899894835
1.42193185303669,29.8819679985979
1.5300881468054,41.75229700952
0.742624890430557,9.77894509322924
1.6196513995591,39.6082218482397
1.78142910341159,31.2246098606337
0.742518821389327,13.1096388747096
1.44432885170029,7.49312661231455
0.692486813292945,8.99402222104772
1.03377910517061,8.46775623462423
1.1251312293646,23.6663125232281
1.63149925302043,32.8232917938566
1.34698505998892,22.0780329662884
1.16868870068658,24.236564247848
0.791296082524623,13.8198267870724
2.70222074548915,150.976392334014
1.19691790051152,25.414456878027
0.237015041615683,0.440641921450386
0.83313245999103,11.5600648477091
1.02626249459497,10.7605771189874
1.63126582618303,59.4013376579696
0.517016739089469,3.55089916902847
0.867028947504791,7.25243815867461
0.647068939487297,3.06452371191067
1.45559949800756,12.8908166413429
0.379642886520023,2.77214893952961
2.55089261950094,41.7085925161135
1.63845591524552,9.07198652859811
0.984698664014919,18.557711293067
1.1666065206471,11.0697266988145
0.43661979240672,4.76173784649386
0.0878316809004827,0.0695914267779576
1.9736265633862,80.9878642405348
0.22367531904018,0.533616246786496
1.37324765681769,15.7676187218399
2.15260871688082,132.208291387618
1.33075126072719,18.2743410612166
0.852102891683516,11.2644047537186
1.70877100639153,66.9904861190991
0.102626210372056,0.0694693546905715
0.468351402384326,6.28620603877094
0.906261481840829,9.54419886589219
2.21583700287996,54.1108129662989
0.297114213032905,0.847470859235216
1.59862837918419,58.7112447682243
2.81066438188946,154.756734681655
0.654342783818527,9.09028134162741
1.45941590535251,37.2216803125756
1.1897304075506,16.9736795973253
0.133927876689996,0.336759607389532
0.531123304837273,6.19990523177125
1.35962072768699,24.8408724749312
0.518625876061109,1.23032568770889
1.99480516825841,78.6428942026127
1.60504443398985,46.5597161575946
1.77952223222589,27.179813446494
2.71322176938455,92.3321134039
1.62340047565601,40.5077863712487
2.08810403993273,85.5329304242985
0.582534002979439,3.36215435081049
0.888144704386983,12.5821242370132
3.23014736748027,184.852759007332
0.961333786310749,12.5773304835873
0.748333232740133,18.8237272310587
2.30833688562235,134.378639444819
1.93773703189917,38.3763345437156
0.704706743426427,14.1219697503263
0.999760039149035,14.3619800257407
0.466267117111597,2.75112343904118
2.86767497671773,51.5113299667125
0.766372872236707,9.65308483839333
0.447013938147818,2.67912964638983
0.531280642195331,4.56882100772645
1.08949257230782,20.6559352551455
2.30486121211767,51.8011688972442
0.457568612743248,2.85925805608879
1.19669239113555,34.0188876602218
2.19385072400227,24.6243123506621
0.68502272180986,3.39497125656334
0.312591015575759,0.741990068042182
2.77248728942648,125.684861580592
1.77492368714178,57.6811884703251
0.54847372777334,2.8490769490444
0.9542647808087,9.39295921024893
0.663516095935956,8.02067404962049
1.36673540320453,12.1383687584062
1.55846184511867,16.9099144231038
0.959812442424999,9.73370289640705
1.75894139543522,24.7640699156404
0.966836949787414,15.0636402130995
0.557720637868654,2.44395327914626
0.538847666445846,3.02242523392898
2.10261272923441,81.2001600590768
1.69303659247343,25.0319308426946
2.28154211469636,56.8663629165353
1.38608115007352,24.9036355992195
1.10131804589337,17.5436449090524
0.372671628958002,1.68518092348821
1.9619600586903,48.2279807999878
0.110814804628323,0.178491267194586
0.209820002605484,0.891052645149846
2.73510100086823,55.3460535128279
0.283555059291772,1.49555641584502
0.321152324933449,2.12788666160062
2.5806203524135,57.9757234651772
0.759299366677905,3.79365188525689
0.906445919022834,11.1656697535249
0.2527417809603,1.35104216237952
1.03728715531061,12.0079970504977
1.20067716319691,21.6093124953321
0.438952397253452,4.21008542553083
0.604651523902106,4.135015070748
2.71316574080396,165.33183903885
1.3077122554905,36.2893695631288
1.57873233943879,34.6257543684454
0.917808351595623,7.37018993667619
1.12942614943882,18.4235264049663
2.62759161910251,128.388707412
0.627180743517861,2.62038204128827
0.933604258227372,17.9274938624486
1.23710682527341,19.8448199724788
0.997295783170669,14.2262902472732
0.756213146266193,7.19487143292259
1.52170814444412,17.6044426165335
0.719703215094432,10.2004417632034
2.11888066726916,106.575182850204
2.14884561202847,94.161921478729
0.440042897107752,2.38582915342839
1.77742822125796,29.2266980280222
0.303513029476248,1.73025257228589
1.55413463080619,33.721715302889
1.17053486936217,30.4150735449829
1.09925456410788,19.596190993655
2.04353179228935,88.9122068197223
1.75634908577462,61.0847465531106
1.0651488277006,23.3762634093906
0.645467094749127,6.38356989269102
2.07714498301169,61.3421514477297
0.407518421904076,0.541573064357839
1.84612990892068,80.3904730276674
3.07543600052442,49.0496203349819
1.26614504837217,26.3058171909063
1.72553278103964,27.9375278579539
1.47906792176778,27.8832086825123
1.31222440195451,41.0539658837451
1.30738535767621,14.5662675064392
0.386720258705832,1.40849188186269
1.47758083276987,34.8408440734598
0.98371246013386,11.8011406344789
1.0480520809566,13.5777265096436
1.01667728648582,18.0694382186563
1.80209168863139,12.6311359610033
1.10376631466374,17.2197304323972
1.46368694196939,42.28434030711
1.72535471147297,33.179646120082
0.577953265332996,2.92335235781086
0.690976816969656,11.2379143086989
0.723000090889986,10.1791903609265
0.170705266130231,0.295496303149032
0.715951562900971,10.3840356338921
1.22314968313457,36.2615561916294
1.71656862122888,46.18469119666
0.300374959448917,0.51009046072115
0.754340018509326,9.86182448710907
2.56331388197566,96.1455079207173
2.64565068169188,68.0120526302992
2.73867149824197,104.419898277784
0.353513134095495,0.877613429155504
4.86573278984793,197.408757926399
1.61010575886897,28.4572891242948
0.796318929483867,9.87272982761571
1.81629097619462,76.212233859139
1.43422221163381,12.823839508928
0.508107887675654,3.11618310552831
0.607099221619551,3.13288552462387
1.17121286085563,7.51401624088986
0.816192453965822,9.59849164394753
2.2733719566951,95.6650297077978
0.333669213995721,2.61763598941239
0.832554801475373,11.8715827686768
1.69800824090436,31.6676960727732
2.48205231052724,151.661679689285
1.19222996509646,23.2317757759147
1.16156258265233,21.5520875181815
0.980256507316027,12.5625230927859
1.56724870213623,34.7304937645193
0.522791910567724,4.64777430722495
2.96142517309177,159.173143187964
1.45756313944428,25.1755668580619
3.49726491931693,112.193179833842
0.594721694905408,7.1265582966146
0.567163754499878,1.12311436832846
1.747410320501,32.8740886161218
0.30237438050483,0.408478521563665
0.888930208503812,5.53211440905022
1.55519988006239,48.9765984343264
1.79551794820109,36.6155371033463
1.97055300985348,65.8811564866034
0.95440137282097,15.5393135414135
0.410606023448384,3.03345260243718
0.324547666505545,1.21988687763685
2.70227929494823,78.371452687529
0.547535746361143,5.07303825562114
1.59550195899598,49.4691367054801
1.22006839518992,15.4898016764783
1.66666731994855,27.8932708997874
1.26202547676491,31.4502537989595
1.19009543627505,42.0509431122156
0.335082945238314,0.569658770974758
0.259017813453166,0.302517200768105
1.64673342750691,48.5378787646705
0.382779570996643,2.66421469126473
1.09904403104772,23.8864735956113
0.350759094799992,2.62778918064682
0.717122194431279,8.16569807564781
0.562574424064622,6.00793677936085
0.251852284035597,0.676892415965585
1.0344773063457,14.7424820729748
2.87515416698966,38.1169604395136
1.37732478285968,29.572441795721
3.18138595982621,156.999280367922
1.69386476450272,33.1373013241939
1.53479205814672,36.4374192117488
2.63875118218301,98.2333183506605
0.404870861337518,1.465162066975
0.880965745743385,2.36737298452755
1.59416003220242,82.2119743452944
0.760147415706382,4.93785431250219
1.01430446118372,12.7846922018872
1.737574527925,32.0644327700528
1.37912740455479,15.4570913875997
0.217588769164076,0.939479917224992
1.31442913797888,32.136253936583
1.84587239046133,9.33743775774267
1.83856540407522,40.4350180482417
1.18516319923396,13.2997735216862
2.32665676909275,115.09054353526
0.635249228572019,4.26742836988938
0.192342373705225,0.704505723374412
0.587050646618363,5.04070003116602
1.25537428266083,26.346578273592
1.75446006922434,57.1420704326155
0.814394865283351,14.2356554621212
0.687757419528747,4.02643862349204
0.528105289395531,3.72506863962764
2.59977262999979,101.853007065719
1.24623967561984,11.917168423344
2.42103413978614,81.0275145455896
1.62508593611987,63.718322749404
1.79748148614466,74.379019888413
1.12182193229077,15.9451806617019
0.881504879098344,13.3949445167079
1.6508434662304,44.2047781987859
1.18510283761289,18.1029197316378
1.37074469355503,9.01591931888234
1.95184453721171,41.0810166475652
0.398838163387506,3.63925423183574
2.19610427913226,82.3580425048362
1.1974894141748,21.0155669554079
1.89732940092293,40.1651992594144
1.91939691674525,36.4184913147489
1.37159541711112,26.5882276531368
0.868133099759891,11.880940871587
0.547534617658455,3.64730939334564
1.47750712334333,32.8844520959325
1.62874602679299,38.5607851023421
1.19558420847503,27.1315098917671
0.73072189090704,9.18808245383035
0.36796025099579,2.15505834205437
0.219852255308682,0.24002118334049
1.20572726588817,16.7413577418021
0.828633728435983,5.50401918925667
1.51583346650165,18.5929528902264
0.564701696829656,5.11727553918876
1.30768087469317,24.4360631144859
0.517566990946526,1.82094708183515
1.13925841447692,34.4021883053
0.212639502434487,0.581198322943034
0.472944830411876,3.59428435095061
0.882500474766409,11.8727912309178
2.45719752708196,83.8533139940265
0.175702915644251,0.292943800212745
1.05135866431515,20.916727053701
1.51565137011068,34.4309747555645
1.21278240985054,38.5689840770855
1.15150674089299,26.3656050386135
1.49426253101886,25.3744458672083
0.174427083235336,0.535422480823888
2.11845578077848,22.2396792511473
1.34638977745441,27.7133416177175
2.43012831538459,64.4158118128564
2.5611830468924,51.0551725099028
2.51465609771918,51.9892575483029
1.7700765478507,49.9463874818625
0.933513826009317,3.61224674214433
0.774006171515367,12.4883112499088
1.31227677812511,23.3413805754433
1.83393701318371,56.0984584758825
1.33095523371907,39.8666602049015
2.57093766897158,97.1965672161177
1.04102558910964,12.06705991772
1.82066381898839,57.6821789663448
1.16787368770635,22.882648302857
1.15713656506966,28.4020720361157
1.06160044838967,21.6555749354192
0.317127541560632,1.7912982424917
0.698898900437412,2.25334294553142
0.702229542851364,7.22023026179298
0.653511077606886,10.8755639173343
0.9419093262643,21.8870065068332
1.91404435543258,86.7768065487392
0.636831765009277,5.17245562684975
4.09143985411789,178.927436316885
1.22888144332169,32.0522340026091
1.06279156094556,27.0336926241453
2.09770890439433,71.421295338343
0.8641506580188,4.42123182100024
0.987550539119957,21.1459901272903
0.316723140268663,0.956017802587117
1.21092882356178,15.4479579797139
1.9634936590805,56.258056754392
1.73314513629306,54.0284339830576
1.76512180622149,53.6195669828566
2.70036283224599,136.791052675228
3.32476421892275,154.084940930326
1.14526058517086,29.8594719472407
1.08546634142252,6.48848642974077
1.12499495657701,8.44250112909518
0.483730383422536,1.69449268711925
0.743866631890375,7.83958645785101
0.792207857637931,13.1085100425103
0.591519032122045,4.24269586281186
0.641628660167353,2.10284007769814
2.29415807711762,57.0425344386698
1.81950041459147,33.5436318398184
1.06978556033015,8.95461197741928
0.467351463354964,1.65284422782824
3.00522969098347,185.764648682905
1.14552238349279,14.1131989013381
1.35304945554107,24.3443369021638
0.230277082464191,0.680940876609189
0.394747763197422,1.84497172589306
1.22086877013625,11.9849644646574
0.94937214615232,9.11980259276498
1.959392945329,86.4127958309463
0.786686525533753,15.222486765538
1.57143503289687,51.5645258727313
2.48327260656054,95.5019694866565
0.37272317107839,2.95350900269676
3.81147974964905,236.593318112154
0.695779408422379,6.23563381393524
3.93159432166013,212.243934023076
2.13575983987099,85.3535627406069
1.60870515496791,15.9069938018828
1.41282847334986,24.5623878538514
0.57993492750187,1.70903672313146
0.898741585130057,11.6884669989599
1.23374770718668,35.3098099698617
0.495359081765033,1.4511823930661
1.38369356523829,16.4359513604257
0.875468945958907,5.73355902937775
0.804250748344071,12.912313594122
1.34537350896051,25.2677986135915
0.315930306795131,1.67542577314032
1.64949252139707,44.6508508824431
0.823273682576768,9.66843343392075
0.838109036875468,8.87219080808729
1.20571523832863,27.286513364241
2.53266914260608,34.8038354120568
2.65490413100981,146.267595620935
1.85528448548549,68.8403599983086
2.85619762301925,136.230002006131
0.792048613099079,15.1928356054667
1.41047026480673,15.0176558387913
1.37174680735544,18.8749109346883
0.393253874634491,3.27868824519667
2.00267528221867,67.1960320613762
0.55751633638102,4.88476415412203
2.0493510598859,34.6368141462659
0.815240910603425,12.4685026882916
0.456201899798509,0.848241649301045
0.728487880866307,3.26991826069357
1.39379672205426,27.3344130780531
2.7698777346949,179.838225585571
0.624688948675044,3.24411174833949
1.04346907959968,15.8671350539356
1.42635734376442,17.7683782060457
2.10424325906876,43.3460199663053
2.15286842803878,54.7677236375576
1.14456073474181,8.85454674614305
1.79121290609584,34.2477702890777
1.3240939380389,15.7680464402258
2.02056928447825,51.4289578559446
0.770783565662061,13.001517999041
0.479073098645262,2.51087458287567
0.853649898239761,6.15936617120895
2.01571017103598,95.3777409604715
1.7930903911114,49.1292075634055
1.34299692684905,22.2698538556269
0.451835604575361,0.990213670861775
2.01747597094081,60.8753750678613
0.537755731197972,4.42964221876833
1.76737359057123,57.6509114272987
0.370777671924251,1.93236440163632
0.501214126598823,3.81539239184182
0.854516715896243,15.5743089949366
2.42507285744687,89.8100109534194
0.417761562425561,2.4231349749074
1.37832904788903,43.8675535718829
0.239131429732567,0.514726682088905
2.30388157659192,131.376585158834
1.94602266148684,30.3314472114605
0.478497634776664,2.09984791578406
1.08096413202933,19.2766051026992
0.699923015816593,5.87532681767297
0.964571698602712,14.389664968954
2.14661546031915,69.0868500579147
2.6242129625713,131.894877728531
0.930994459385631,7.1556151377112
1.03691334213833,20.7365398229687
0.732256729392217,7.72858487010967
0.19947190422676,0.744698643228192
1.70779163137943,48.8327252648225
0.932364731024471,15.5196205231782
1.73150964975954,70.0040405037468
1.08846036545072,18.4724190790609
1.91204220329749,49.8218818068306
2.01224717472273,65.6509232623557
4.73207119267372,257.047498749691
1.85068126916804,61.0239409278652
1.05852833730356,24.9424670362027
1.62089065242529,60.9293740173776
1.67992730695207,53.3806101382936
0.36328402632574,2.17755603851859
1.30111211189121,11.8304697421098
1.4376262443447,15.7391255419428
2.76007632730476,78.4653537048456
0.628191405617383,2.15692594178683
1.57252197694105,47.7402345957899
1.56458566228224,32.4180852758893
0.131714170163153,0.172762460569652
1.45657694803596,35.967132227753
0.744234820284345,11.446729551345
1.79246657398431,78.4781684258294
0.63111496168476,3.36408498460837
1.49821684277795,46.7537298326924
0.656660000064389,6.26994733940006
2.3004310950927,92.0896163322014
2.83212577446339,64.2957121919059
2.23108563043357,59.9507033940379
0.933944251257174,27.0663834973785
0.379233569662232,1.76327505525506
0.609551845498381,4.18565562447421
1.10662906069687,14.2116897991255
1.33217749725512,29.0587207877515
0.899131427197746,8.2105756281237
0.752454438557534,5.85885917242992
1.4584437230417,63.3779378690834
1.24423522125579,27.7478331784759
1.42591904753538,19.3579764022943
3.33381550574002,234.622227329666
0.782379229838113,7.92049294077153
1.02932814111268,23.6353677459513
0.456020652669142,3.34059527730019
1.6325672290918,28.5982228023323
0.531040734071985,2.96264850992876
1.78867893120298,40.1879784964574
0.813193578452932,13.4109539129719
2.56385353170327,70.6267750198903
1.07043062058673,10.3217154101325
0.488545655037807,2.89454023263981
0.543671399895028,1.02954405164931
0.790808603251968,4.61585630435971
1.20495648370232,23.8818428731018
0.161387281536307,0.473724953343922
1.03906139629824,16.8376048879557
0.87757644457219,18.3142204258556
1.61883111054418,47.3496508826426
2.03607535388122,68.7542718664405
0.732979893670058,3.80376412398222
2.0044435538465,74.8705555730417
2.47858068230678,89.8933465410719
1.80393599595591,59.8284194923837
2.53764810766363,32.0381967073753
0.857044181764187,10.8410714290892
0.759754894284025,13.1296027194541
0.75753284600399,7.96380180973142
1.20051058976642,30.1208069554747
0.255304680229578,1.50430837777093
1.21680488754263,34.3168934524234
1.70657978451079,21.202240964359
1.70901540249739,12.2135116734316
2.57302956328879,80.3903397783267
1.50204998310987,16.3051093235539
0.820835645854207,10.7414506819925
1.51245250327234,37.624890641334
0.336669889490858,3.35663203338033
2.25676554799767,27.9145442723892
1.48732285979254,18.1915462766639
1.7807730812854,61.191719808257
1.78038256951746,37.3180064098055
1.44501620783607,21.019465578476
1.52532730588609,19.923157670556
1.27503791410962,22.4871612507166
3.07842122238238,87.3511317448478
1.46774905372938,9.96319016536534
1.09251598915899,29.4191235236097
0.401476441588003,3.30401346855487
2.07605470329947,81.8874100586303
1.17891230465631,7.81073710480575
1.398882216041,19.9317760008287
1.41452723383581,28.9443025861861
0.829086455865943,4.14823400445073
1.84632958613172,62.0395315955859
0.223411314870271,1.02766488728134
1.53351360343343,32.1620431432611
1.22854887142866,28.2513336712481
1.28037003381779,38.5439677201407
0.688925452530908,12.4228414970475
0.478889877670049,3.95887987397658
1.92405451793241,60.867159298238
2.76910638906886,120.083750839651
0.115136006451385,0.249259379605044
1.58301926107644,42.9173074713365
0.554456568340047,3.91277536363698
2.03387518242135,87.1301738525331
2.17878158535982,81.5016046369797
1.21378449406516,25.4525289448785
2.0193137292282,46.1790524628618
0.485621198329188,4.5127303963223
1.17781378786582,11.6349777331363
0.646439292612323,4.72887890690676
1.73355236103285,20.4253963686546
1.40236384479946,28.2491350041075
0.422971406675996,2.69072787265163
0.732758852847542,10.125925691804
1.6866142847079,33.5920466276526
0.537181691401976,1.20596653016864
2.53756316457395,65.3674925665313
1.76818968386786,40.233254938703
1.50585917379313,22.5041263011351
0.36349135037605,2.35515109974171
0.482789226931521,3.00896006878692
1.93951410190135,83.6773455419629
0.320421785644062,1.55498506933358
0.359768739645887,0.46915920837154
2.43681718702005,53.6838930514221
1.36361918540447,52.8864633083066
0.074660262632252,0.105678134916732
1.3593723131637,36.3959309093113
2.58094843414504,128.104149293909
1.55532527459008,16.9157543646994
0.656559408755745,1.71814328895233
0.89224568056687,9.42496163833334
1.36674138784656,50.6376072928165
0.642660637325692,4.29922369519379
0.609304470178761,6.22843565016248
2.71882310395474,259.086267331228
2.0383529747081,89.4382384754681
2.4913045384936,117.933695489894
1.74345939882869,27.6048959099238
2.3541307306323,89.5823096838814
0.248198455501453,0.908317070468923
0.844326327351246,3.84043160042864
0.935882703761483,15.8351207589719
0.884176604817345,14.2204042611324
1.34273348458839,25.2286539752706
1.61426358245879,11.271276638029
1.60080448810489,23.1705185923365
0.913840864161244,18.0303533920266
1.13028150647652,16.2478619137255
1.08761343947089,7.69244310001969
0.14910882076234,0.236051929861642
1.04855895591248,18.097668650179
0.964238022256164,16.7443931034194
1.32008170737118,8.32542006458677
1.41226405812474,39.9916790921529
0.551630912746896,5.46789722987705
0.318747137834128,1.39669518654532
1.81199740368464,23.5591700689744
1.20371591920686,20.5102635066234
0.875112278176103,9.54124888841353
0.772494011953171,13.3840747917995
0.834020622946776,15.145423864664
2.33744244912708,71.51398673835
0.761989003464062,9.9860901153289
1.57264724497222,39.5847967749288
1.32492383743246,16.0297281780091
0.619862669040548,5.69061203524746
1.52408877864864,52.3843774734572
2.5089039627174,90.8010033939279
2.1466967269187,88.5726780385618
1.416212469769,18.7721286376598
0.576639746553299,6.15284339483776
0.683750735582907,7.72772524339575
2.76335000161769,144.570327511118
0.885687826686596,6.92724355888711
0.37267840871981,1.07320010824194
0.264656255210197,0.784173975946829
1.13302193902475,17.7668369225235
1.05612814799291,13.2213780873661
1.57818230780418,60.1549219793908
0.336399471245873,0.930943574342443
1.07431026405239,20.5804756516501
0.824018909044082,14.3523701063625
1.22411720657494,24.859581772817
0.491279505102814,3.07989127623693
1.17341071559836,29.7839650922554
1.05264223417448,22.6312460351828
0.403370107332894,4.23080373406988
0.814656134911059,5.44978327680605
1.49086683480975,41.5937303300003
1.14820359596229,20.4837024682979
0.633500714440948,7.32673815753795
1.00496563160834,16.7153547122955
1.45906170341641,45.2042026132064
1.12569941534199,22.2807531386776
0.540376548201732,5.89107087751133
1.18974405649912,27.3887248656424
2.44901128460164,42.994855662463
0.588028301668094,5.80402213136704
1.14026415783757,18.7295334201508
1.90669101601471,64.0279344810421
1.12844141839595,17.281487928815
0.433751233235316,3.30102190197559
2.56693657128194,202.855606989866
1.10320098815511,15.6011110874579
0.666603914457175,7.05672317433389
0.032344516162566,0.024963620160656
1.48907822625341,71.1601947538107
0.587980319941752,5.18591492007625
1.02602123158974,17.4464474244675
0.598229347930177,7.81277234157908
1.39357658209883,23.7633484423964
1.12263272444447,10.0278850813296
0.43255258820861,4.2010026905229
0.321782598497745,0.577563509746856
0.689657103998936,6.43993435870333
3.74973971946449,260.332852974874
1.29102033330765,22.7061198302735
1.6885293230129,73.8603736097966
1.3205429630145,13.2610390227022
1.27407422211432,34.0406287158055
1.59320474432584,55.2687579954305
0.704458768663942,3.95083162242521
0.553819777935677,4.65950206290843
0.987366260781078,18.369764715611
1.26633019510953,21.7716481727652
1.47532623893011,22.2900743648943
0.848734542561623,13.2182553413985
1.28886318036594,24.0496847080726
2.01083045917355,61.8276225344742
2.09885801574452,36.0431076823196
3.15880615174035,95.1636944959476
0.897655301869264,18.5192987799775
0.949237725834411,14.3193988057375
0.729923993533332,16.1582725773042
1.23542313176369,36.5628404868123
1.76163923078807,53.7390629395365
0.905484481472487,6.12013827198369
0.306690951653854,0.906044358946313
0.489236842327195,4.08648733662915
2.9816076386529,121.173185096346
0.756674422261898,4.03114469791124
1.2327776383468,40.5603038438273
0.52175036441957,4.58648182556619
0.794560385883675,7.0544691788486
1.16885686569102,12.0913185530788
1.41473254756247,19.6724913782251
1.61507141653162,43.3828160253614
0.847569542805392,8.86608843808338
1.77961790091554,18.8772086054367
0.336233415070199,0.783189366367778
0.590442358855795,1.53065837147697
0.326686603531666,1.43021380354757
1.29962038164612,18.8537675059779
0.0490831335702609,0.0140134924750349
1.41036952102615,10.6688537099808
1.13319413573057,22.6570310767605
0.643248405219303,3.9640580375266
1.89287831952836,48.7639399176034
2.65927605383793,126.888976826751
0.241780270141277,0.745044519124247
0.207749871752513,0.402707932428603
0.719213113177779,3.11544038319876
1.4069422041688,40.3377033721594
1.20619372297238,22.2894727377714
0.341852516297071,2.45494054166881
1.08523959477752,10.3576547306583
1.74952396822993,68.2948909649625
1.43099386917741,40.0216825523246
1.40501014498877,32.7365266531822
0.960190013748262,5.21525006236196
0.732154645435815,10.0936354470846
2.84368079212757,194.891003239238
0.854508871598918,9.94518487065579
0.848263681042522,6.79462112443061
2.09582767409541,65.7208838338984
0.921708052968914,14.0407388910141
1.08749149661274,11.7595503142801
1.02706060048656,9.16997511379223
2.46910990666487,70.267062437044
0.774137359187608,9.07187745471828
0.480560629301687,3.83114475388897
1.6272072844414,11.5676738469238
1.3680100378688,30.2319612370156
0.674280210848859,8.97973635702272
1.87483833515425,70.9367664676182
0.886381489586839,16.643900646538
0.685770254627521,9.64285580623441
1.2049604722964,22.7771908548132
0.81343679573548,2.98329619578065
0.827885367035486,11.9377348788842
1.18458285295798,13.1580038509647
1.51104016640316,32.3401025917955
0.373254381683813,2.98153871685309
1.95682446972265,41.458744013005
1.06767786981703,4.81272361735132
0.989113843343262,22.9381769623564
1.46145813319605,48.9117362572055
0.824800008368255,12.0228524004821
2.04182469823185,40.3293005215041
0.249311432694358,0.731888431571434
1.51025959901633,40.6224783090347
4.1207932181268,186.36261101583
0.454194831394969,2.00612202987664
0.431449240744911,5.05569280594449
0.815222520816907,11.5126282872367
1.25244184160611,31.4339204492765
2.29930728414142,35.7363495867978
1.79667640854615,34.4096687177928
0.9884712147796,8.98659780038277
0.323877224211238,1.19302537618664
1.11869703791846,12.7835996127003
3.69405649892689,207.899267030277
2.78321408094485,43.9350145133678
0.226058689461899,0.398097923389579
1.16567362565458,17.9784264664943
0.956733478560759,13.4761299941065
0.930788052545568,17.1905227942371
1.46091216399836,39.3725020010051
1.4509944049657,39.0505325697524
0.995283986182732,6.92972339282276
1.74490749217999,87.5987838506857
0.868018953154155,13.7123652760134
1.45058827899514,39.7561539202348
0.79282279481661,9.71608297041126
2.09276486963166,43.5609310788344
0.302042973829148,1.03061768915127
3.42588435737441,194.764705371805
2.34997367751341,24.5520608273693
1.96255398459426,22.5442283112139
0.185817704046653,0.7368605678434
1.65384698020576,35.7843304334216
1.29238466924135,22.9100162279447
1.26837332369194,33.593726815956
2.50333806993348,45.6431340379565
1.75119439939508,71.2560261608609
1.94440074464623,68.5034140840998
0.625869077615625,3.05491196012742
1.66779167570102,31.2495850541997
0.688424371242409,14.0549207294176
1.15245086321521,20.7613184501756
1.40774759919958,43.5398798112723
2.23099099076475,114.136602474716
1.48276302935863,24.7800432749255
1.56953343133695,6.35540144895946
0.200484819268744,0.316127114087613
0.660026338760865,9.6780235425942
0.379721303946945,1.34997803418203
1.37249706384818,36.1810966554929
1.40678249870979,30.8329141192496
1.32670636476499,25.9556858106998
1.73456654827103,27.98433295186
1.11338028173995,10.5281395069879
0.602660021485694,1.20008858365643
1.24495910032817,16.5931928948937
1.59067286142173,45.7994619007413
1.03014718977101,13.9951851722702
0.523826669492434,4.21698705249293
1.36403608248237,27.7961978800538
0.789262252614087,10.9517683179173
0.868916739224549,12.570625090815
0.545880474289561,1.37311174383742
2.21408786448054,50.211090500658
0.55332603784996,4.44074258923675
0.500701118629295,3.10973400338176
1.31727865982586,22.7313094584018
0.757336942625039,5.26928535028763
0.727019961193093,6.50539958797909
0.509379473211212,3.92865286377165
0.66271916288091,4.55722047992992
1.22814445802378,18.0714140904088
0.757686292839485,9.60371353569222
0.794310728664568,3.81694089357862
2.85092493652965,149.743607011555
2.4378061845563,97.2848927482326
1.11220813742667,16.5229613944884
1.5121847893322,22.3811191340821
1.80675637400636,72.5564983248627
0.700451131328785,6.66010583764031
