"x","density","distribution"
-5,1.4867195147343e-06,"Standard normal"
-4.99,1.56286710894929e-06,"Standard normal"
-4.98,1.64275058804507e-06,"Standard normal"
-4.97,1.72654452167707e-06,"Standard normal"
-4.96,1.81443119018203e-06,"Standard normal"
-4.95,1.90660090312281e-06,"Standard normal"
-4.94,2.00325232994849e-06,"Standard normal"
-4.93,2.10459284318313e-06,"Standard normal"
-4.92,2.21083887456842e-06,"Standard normal"
-4.91,2.322216284598e-06,"Standard normal"
-4.9,2.43896074589335e-06,"Standard normal"
-4.89,2.56131814088454e-06,"Standard normal"
-4.88,2.68954497427152e-06,"Standard normal"
-4.87,2.82390880075582e-06,"Standard normal"
-4.86,2.96468866854527e-06,"Standard normal"
-4.85,3.11217557914894e-06,"Standard normal"
-4.84,3.26667296399328e-06,"Standard normal"
-4.83,3.42849717840504e-06,"Standard normal"
-4.82,3.59797801352125e-06,"Standard normal"
-4.81,3.77545922670135e-06,"Standard normal"
-4.8,3.96129909103208e-06,"Standard normal"
-4.79,4.1558709645312e-06,"Standard normal"
-4.78,4.35956387967164e-06,"Standard normal"
-4.77,4.57278315386414e-06,"Standard normal"
-4.76,4.79595102155252e-06,"Standard normal"
-4.75,5.02950728859245e-06,"Standard normal"
-4.74,5.2739100096013e-06,"Standard normal"
-4.73,5.52963618898405e-06,"Standard normal"
-4.72,5.79718250635729e-06,"Standard normal"
-4.71,6.07706606711112e-06,"Standard normal"
-4.7,6.36982517886709e-06,"Standard normal"
-4.69,6.67602015460746e-06,"Standard normal"
-4.68,6.9962341432704e-06,"Standard normal"
-4.67,7.33107398862394e-06,"Standard normal"
-4.66,7.68117111725046e-06,"Standard normal"
-4.65,8.0471824564923e-06,"Standard normal"
-4.64,8.42979138322877e-06,"Standard normal"
-4.63,8.8297087043741e-06,"Standard normal"
-4.62,9.24767367000562e-06,"Standard normal"
-4.61,9.68445502005144e-06,"Standard normal"
-4.6,1.01408520654868e-05,"Standard normal"
-4.59,1.06176958050084e-05,"Standard normal"
-4.58,1.11158500781778e-05,"Standard normal"
-4.57,1.16362127560427e-05,"Standard normal"
-4.56,1.21797169702687e-05,"Standard normal"
-4.55,1.27473323818335e-05,"Standard normal"
-4.54,1.33400664903558e-05,"Standard normal"
-4.53,1.39589659851548e-05,"Standard normal"
-4.52,1.46051181391529e-05,"Standard normal"
-4.51,1.52796522467616e-05,"Standard normal"
-4.5,1.59837411069055e-05,"Standard normal"
-4.49,1.67186025523651e-05,"Standard normal"
-4.48,1.74855010266391e-05,"Standard normal"
-4.47,1.82857492095474e-05,"Standard normal"
-4.46,1.91207096928177e-05,"Standard normal"
-4.45,1.99917967069228e-05,"Standard normal"
-4.44,2.09004779004505e-05,"Standard normal"
-4.43,2.18482761733165e-05,"Standard normal"
-4.42,2.28367715651469e-05,"Standard normal"
-4.41,2.38676032001796e-05,"Standard normal"
-4.4,2.49424712900535e-05,"Standard normal"
-4.39,2.60631391958783e-05,"Standard normal"
-4.38,2.72314355509926e-05,"Standard normal"
-4.37,2.84492564458443e-05,"Standard normal"
-4.36,2.97185676764422e-05,"Standard normal"
-4.35,3.10414070578503e-05,"Standard normal"
-4.34,3.24198868042138e-05,"Standard normal"
-4.33,3.38561959768279e-05,"Standard normal"
-4.32,3.53526030017731e-05,"Standard normal"
-4.31,3.69114582586662e-05,"Standard normal"
-4.3,3.85351967420871e-05,"Standard normal"
-4.29,4.0226340797265e-05,"Standard normal"
-4.28,4.19875029316173e-05,"Standard normal"
-4.27,4.38213887037581e-05,"Standard normal"
-4.26,4.57307996916013e-05,"Standard normal"
-4.25,4.7718636541205e-05,"Standard normal"
-4.24,4.97879020980121e-05,"Standard normal"
-4.23,5.19417046221598e-05,"Standard normal"
-4.22,5.41832610895401e-05,"Standard normal"
-4.21,5.65159005803074e-05,"Standard normal"
-4.2,5.89430677565399e-05,"Standard normal"
-4.19,6.14683264307694e-05,"Standard normal"
-4.18,6.40953632271061e-05,"Standard normal"
-4.17,6.68279913366906e-05,"Standard normal"
-4.16,6.96701543692143e-05,"Standard normal"
-4.15,7.26259303022523e-05,"Standard normal"
-4.14,7.56995355301612e-05,"Standard normal"
-4.13,7.88953290142931e-05,"Standard normal"
-4.12,8.2217816536286e-05,"Standard normal"
-4.11,8.56716550561819e-05,"Standard normal"
-4.1,8.92616571771329e-05,"Standard normal"
-4.09,9.29927957184459e-05,"Standard normal"
-4.08,9.68702083987193e-05,"Standard normal"
-4.07,0.000100899202630814,"Standard normal"
-4.06,0.0001050852604304,"Standard normal"
-4.05,0.000109434043439801,"Standard normal"
-4.04,0.000113951398068865,"Standard normal"
-4.03,0.000118643360754566,"Standard normal"
-4.02,0.000123516163341024,"Standard normal"
-4.01,0.000128576238581621,"Standard normal"
-4,0.000133830225764885,"Standard normal"
-3.99,0.00013928497646576,"Standard normal"
-3.98,0.000144947560423891,"Standard normal"
-3.97,0.000150825271550518,"Standard normal"
-3.96,0.000156925634065532,"Standard normal"
-3.95,0.000163256408766242,"Standard normal"
-3.94,0.000169825599429344,"Standard normal"
-3.93,0.000176641459347571,"Standard normal"
-3.92,0.000183712498002457,"Standard normal"
-3.91,0.000191047487874598,"Standard normal"
-3.9,0.000198655471392773,"Standard normal"
-3.89,0.000206545768023226,"Standard normal"
-3.88,0.000214727981500367,"Standard normal"
-3.87,0.000223212007200102,"Standard normal"
-3.86,0.000232008039656942,"Standard normal"
-3.85,0.000241126580225994,"Standard normal"
-3.84,0.000250578444890861,"Standard normal"
-3.83,0.000260374772218442,"Standard normal"
-3.82,0.000270527031461521,"Standard normal"
-3.81,0.000281047030809986,"Standard normal"
-3.8,0.00029194692579146,"Standard normal"
-3.79,0.000303239227822004,"Standard normal"
-3.78,0.000314936812907522,"Standard normal"
-3.77,0.000327052930496375,"Standard normal"
-3.76,0.000339601212483655,"Standard normal"
-3.75,0.000352595682367445,"Standard normal"
-3.74,0.000366050764557335,"Standard normal"
-3.73,0.000379981293835321,"Standard normal"
-3.72,0.000394402524969157,"Standard normal"
-3.71,0.000409330142478079,"Standard normal"
-3.7,0.000424780270550751,"Standard normal"
-3.69,0.000440769483115133,"Standard normal"
-3.68,0.000457314814059858,"Standard normal"
-3.67,0.000474433767606621,"Standard normal"
-3.66,0.000492144328832893,"Standard normal"
-3.65,0.000510464974344186,"Standard normal"
-3.64,0.000529414683094936,"Standard normal"
-3.63,0.000549012947356959,"Standard normal"
-3.62,0.000569279783834253,"Standard normal"
-3.61,0.000590235744922786,"Standard normal"
-3.6,0.000611901930113773,"Standard normal"
-3.59,0.000634299997538758,"Standard normal"
-3.58,0.000657452175654676,"Standard normal"
-3.57,0.000681381275066891,"Standard normal"
-3.56,0.000706110700488036,"Standard normal"
-3.55,0.000731664462830311,"Standard normal"
-3.54,0.00075806719142871,"Standard normal"
-3.53,0.000785344146392469,"Standard normal"
-3.52,0.000813521231081808,"Standard normal"
-3.51,0.000842625004706903,"Standard normal"
-3.5,0.00087268269504576,"Standard normal"
-3.49,0.000903722211277524,"Standard normal"
-3.48,0.00093577215692748,"Standard normal"
-3.47,0.000968861842919847,"Standard normal"
-3.46,0.00100302130073424,"Standard normal"
-3.45,0.00103828129566141,"Standard normal"
-3.44,0.00107467334015374,"Standard normal"
-3.43,0.00111222970726557,"Standard normal"
-3.42,0.00115098344417848,"Standard normal"
-3.41,0.00119096838580612,"Standard normal"
-3.4,0.00123221916847302,"Standard normal"
-3.39,0.00127477124366184,"Standard normal"
-3.38,0.00131866089182274,"Standard normal"
-3.37,0.0013639252362389,"Standard normal"
-3.36,0.00141060225694138,"Standard normal"
-3.35,0.00145873080466675,"Standard normal"
-3.34,0.00150835061485031,"Standard normal"
-3.33,0.00155950232164769,"Standard normal"
-3.32,0.00161222747197712,"Standard normal"
-3.31,0.00166656853957458,"Standard normal"
-3.3,0.00172256893905368,"Standard normal"
-3.29,0.00178027303996188,"Standard normal"
-3.28,0.00183972618082428,"Standard normal"
-3.27,0.00190097468316608,"Standard normal"
-3.26,0.00196406586550438,"Standard normal"
-3.25,0.00202904805729977,"Standard normal"
-3.24,0.00209597061285794,"Standard normal"
-3.23,0.00216488392517106,"Standard normal"
-3.22,0.00223583943968854,"Standard normal"
-3.21,0.0023088896680065,"Standard normal"
-3.2,0.00238408820146484,"Standard normal"
-3.19,0.0024614897246407,"Standard normal"
-3.18,0.00254115002872653,"Standard normal"
-3.17,0.00262312602478102,"Standard normal"
-3.16,0.0027074757568407,"Standard normal"
-3.15,0.00279425841487945,"Standard normal"
-3.14,0.00288353434760344,"Standard normal"
-3.13,0.00297536507506825,"Standard normal"
-3.12,0.00306981330110474,"Standard normal"
-3.11,0.00316694292554008,"Standard normal"
-3.1,0.00326681905619992,"Standard normal"
-3.09,0.00336950802067748,"Standard normal"
-3.08,0.00347507737785494,"Standard normal"
-3.07,0.00358359592916236,"Standard normal"
-3.06,0.00369513372955903,"Standard normal"
-3.05,0.00380976209822181,"Standard normal"
-3.04,0.00392755362892478,"Standard normal"
-3.03,0.00404858220009443,"Standard normal"
-3.02,0.00417292298452396,"Standard normal"
-3.01,0.00430065245873045,"Standard normal"
-3,0.00443184841193801,"Standard normal"
-2.99,0.00456658995467015,"Standard normal"
-2.98,0.00470495752693398,"Standard normal"
-2.97,0.00484703290597895,"Standard normal"
-2.96,0.00499289921361238,"Standard normal"
-2.95,0.00514264092305394,"Standard normal"
-2.94,0.00529634386531102,"Standard normal"
-2.93,0.00545409523505655,"Standard normal"
-2.92,0.00561598359599097,"Standard normal"
-2.91,0.00578209888566947,"Standard normal"
-2.9,0.00595253241977585,"Standard normal"
-2.89,0.00612737689582369,"Standard normal"
-2.88,0.00630672639626593,"Standard normal"
-2.87,0.00649067639099336,"Standard normal"
-2.86,0.00667932373920262,"Standard normal"
-2.85,0.00687276669061397,"Standard normal"
-2.84,0.00707110488601945,"Standard normal"
-2.83,0.00727443935714122,"Standard normal"
-2.82,0.00748287252578056,"Standard normal"
-2.81,0.00769650820223732,"Standard normal"
-2.8,0.00791545158297997,"Standard normal"
-2.79,0.00813980924754602,"Standard normal"
-2.78,0.00836968915465303,"Standard normal"
-2.77,0.00860520063749967,"Standard normal"
-2.76,0.00884645439823723,"Standard normal"
-2.75,0.00909356250159105,"Standard normal"
-2.74,0.00934663836761229,"Standard normal"
-2.73,0.00960579676353959,"Standard normal"
-2.72,0.00987115379475114,"Standard normal"
-2.71,0.0101428268947871,"Standard normal"
-2.7,0.0104209348144226,"Standard normal"
-2.69,0.0107055976097722,"Standard normal"
-2.68,0.0109969366294056,"Standard normal"
-2.67,0.0112950745004561,"Standard normal"
-2.66,0.0116001351137026,"Standard normal"
-2.65,0.0119122436076052,"Standard normal"
-2.64,0.012231526351278,"Standard normal"
-2.63,0.0125581109263782,"Standard normal"
-2.62,0.0128921261078953,"Standard normal"
-2.61,0.0132337018438214,"Standard normal"
-2.6,0.0135829692336856,"Standard normal"
-2.59,0.0139400605059358,"Standard normal"
-2.58,0.0143051089941497,"Standard normal"
-2.57,0.01467824911206,"Standard normal"
-2.56,0.0150596163273774,"Standard normal"
-2.55,0.0154493471343952,"Standard normal"
-2.54,0.0158475790253608,"Standard normal"
-2.53,0.0162544504606005,"Standard normal"
-2.52,0.0166701008373811,"Standard normal"
-2.51,0.017094670457497,"Standard normal"
-2.5,0.0175283004935685,"Standard normal"
-2.49,0.0179711329540397,"Standard normal"
-2.48,0.018423310646862,"Standard normal"
-2.47,0.0188849771418562,"Standard normal"
-2.46,0.019356276731737,"Standard normal"
-2.45,0.0198373543917953,"Standard normal"
-2.44,0.0203283557382258,"Standard normal"
-2.43,0.0208294269850922,"Standard normal"
-2.42,0.0213407148999228,"Standard normal"
-2.41,0.0218623667579294,"Standard normal"
-2.4,0.0223945302948429,"Standard normal"
-2.39,0.0229373536583607,"Standard normal"
-2.38,0.0234909853582014,"Standard normal"
-2.37,0.024055574214763,"Standard normal"
-2.36,0.0246312693063825,"Standard normal"
-2.35,0.0252182199151944,"Standard normal"
-2.34,0.0258165754715877,"Standard normal"
-2.33,0.0264264854972617,"Standard normal"
-2.32,0.0270480995468818,"Standard normal"
-2.31,0.0276815671483366,"Standard normal"
-2.3,0.0283270377416012,"Standard normal"
-2.29,0.0289846606162094,"Standard normal"
-2.28,0.0296545848473413,"Standard normal"
-2.27,0.0303369592305316,"Standard normal"
-2.26,0.0310319322150083,"Standard normal"
-2.25,0.0317396518356674,"Standard normal"
-2.24,0.0324602656436975,"Standard normal"
-2.23,0.0331939206358611,"Standard normal"
-2.22,0.0339407631824492,"Standard normal"
-2.21,0.0347009389539188,"Standard normal"
-2.2,0.0354745928462315,"Standard normal"
-2.19,0.0362618689049062,"Standard normal"
-2.18,0.0370629102478065,"Standard normal"
-2.17,0.0378778589866775,"Standard normal"
-2.16,0.0387068561474556,"Standard normal"
-2.15,0.0395500415893702,"Standard normal"
-2.14,0.0404075539228603,"Standard normal"
-2.13,0.0412795304263304,"Standard normal"
-2.12,0.0421661069617703,"Standard normal"
-2.11,0.0430674178892657,"Standard normal"
-2.1,0.0439835959804272,"Standard normal"
-2.09,0.0449147723307671,"Standard normal"
-2.08,0.0458610762710549,"Standard normal"
-2.07,0.0468226352776832,"Standard normal"
-2.06,0.047799574882077,"Standard normal"
-2.05,0.0487920185791828,"Standard normal"
-2.04,0.0498000877350708,"Standard normal"
-2.03,0.0508239014936912,"Standard normal"
-2.02,0.0518635766828206,"Standard normal"
-2.01,0.0529192277192403,"Standard normal"
-2,0.0539909665131881,"Standard normal"
-1.99,0.0550789023721258,"Standard normal"
-1.98,0.056183141903868,"Standard normal"
-1.97,0.0573037889191172,"Standard normal"
-1.96,0.0584409443334515,"Standard normal"
-1.95,0.0595947060688161,"Standard normal"
-1.94,0.0607651689545648,"Standard normal"
-1.93,0.0619524246281052,"Standard normal"
-1.92,0.0631565614351987,"Standard normal"
-1.91,0.0643776643299693,"Standard normal"
-1.9,0.0656158147746766,"Standard normal"
-1.89,0.0668710906393071,"Standard normal"
-1.88,0.0681435661010446,"Standard normal"
-1.87,0.0694333115436742,"Standard normal"
-1.86,0.0707403934569834,"Standard normal"
-1.85,0.072064874336218,"Standard normal"
-1.84,0.0734068125816569,"Standard normal"
-1.83,0.0747662623983676,"Standard normal"
-1.82,0.0761432736962074,"Standard normal"
-1.81,0.077537891990134,"Standard normal"
-1.8,0.0789501583008942,"Standard normal"
-1.79,0.0803801090561542,"Standard normal"
-1.78,0.0818277759921428,"Standard normal"
-1.77,0.0832931860558745,"Standard normal"
-1.76,0.0847763613080223,"Standard normal"
-1.75,0.0862773188265115,"Standard normal"
-1.74,0.0877960706109057,"Standard normal"
-1.73,0.089332623487655,"Standard normal"
-1.72,0.0908869790162829,"Standard normal"
-1.71,0.0924591333965807,"Standard normal"
-1.7,0.094049077376887,"Standard normal"
-1.69,0.095656796163524,"Standard normal"
-1.68,0.0972822693314675,"Standard normal"
-1.67,0.0989254707363237,"Standard normal"
-1.66,0.100586368427691,"Standard normal"
-1.65,0.102264924563978,"Standard normal"
-1.64,0.103961095328764,"Standard normal"
-1.63,0.105674830848764,"Standard normal"
-1.62,0.107406075113484,"Standard normal"
-1.61,0.109154765896647,"Standard normal"
-1.6,0.110920834679456,"Standard normal"
-1.59,0.112704206575771,"Standard normal"
-1.58,0.114504800259292,"Standard normal"
-1.57,0.116322527892807,"Standard normal"
-1.56,0.118157295059582,"Standard normal"
-1.55,0.120009000696986,"Standard normal"
-1.54,0.121877537032402,"Standard normal"
-1.53,0.123762789521523,"Standard normal"
-1.52,0.125664636789088,"Standard normal"
-1.51,0.127582950572142,"Standard normal"
-1.5,0.129517595665892,"Standard normal"
-1.49,0.131468429872231,"Standard normal"
-1.48,0.133435303951002,"Standard normal"
-1.47,0.135418061574071,"Standard normal"
-1.46,0.137416539282282,"Standard normal"
-1.45,0.13943056644536,"Standard normal"
-1.44,0.141459965224839,"Standard normal"
-1.43,0.143504550540062,"Standard normal"
-1.42,0.145564130037348,"Standard normal"
-1.41,0.147638504062356,"Standard normal"
-1.4,0.149727465635745,"Standard normal"
-1.39,0.151830800432162,"Standard normal"
-1.38,0.153948286762634,"Standard normal"
-1.37,0.156079695560421,"Standard normal"
-1.36,0.158224790370383,"Standard normal"
-1.35,0.16038332734192,"Standard normal"
-1.34,0.162555055225534,"Standard normal"
-1.33,0.164739715373077,"Standard normal"
-1.32,0.166937041741714,"Standard normal"
-1.31,0.169146760901672,"Standard normal"
-1.3,0.171368592047807,"Standard normal"
-1.29,0.173602247015033,"Standard normal"
-1.28,0.175847430297662,"Standard normal"
-1.27,0.178103839072694,"Standard normal"
-1.26,0.18037116322708,"Standard normal"
-1.25,0.182649085389022,"Standard normal"
-1.24,0.184937280963305,"Standard normal"
-1.23,0.18723541817073,"Standard normal"
-1.22,0.18954315809164,"Standard normal"
-1.21,0.191860154713599,"Standard normal"
-1.2,0.194186054983213,"Standard normal"
-1.19,0.196520498862137,"Standard normal"
-1.18,0.198863119387276,"Standard normal"
-1.17,0.201213542735197,"Standard normal"
-1.16,0.203571388290759,"Standard normal"
-1.15,0.205936268719975,"Standard normal"
-1.14,0.208307790047108,"Standard normal"
-1.13,0.210685551736015,"Standard normal"
-1.12,0.213069146775718,"Standard normal"
-1.11,0.21545816177022,"Standard normal"
-1.1,0.217852177032551,"Standard normal"
-1.09,0.220250766683033,"Standard normal"
-1.08,0.222653498751761,"Standard normal"
-1.07,0.22505993528527,"Standard normal"
-1.06,0.227469632457386,"Standard normal"
-1.05,0.229882140684233,"Standard normal"
-1.04,0.232297004743366,"Standard normal"
-1.03,0.234713763897012,"Standard normal"
-1.02,0.23713195201938,"Standard normal"
-1.01,0.239551097728013,"Standard normal"
-1,0.241970724519143,"Standard normal"
-0.99,0.244390350907,"Standard normal"
-0.98,0.246809490567043,"Standard normal"
-0.97,0.249227652483066,"Standard normal"
-0.96,0.251644341098117,"Standard normal"
-0.95,0.254059056469189,"Standard normal"
-0.94,0.25647129442562,"Standard normal"
-0.93,0.258880546731149,"Standard normal"
-0.92,0.261286301249553,"Standard normal"
-0.91,0.263688042113818,"Standard normal"
-0.9,0.266085249898755,"Standard normal"
-0.89,0.268477401797002,"Standard normal"
-0.88,0.270863971798338,"Standard normal"
-0.87,0.273244430872216,"Standard normal"
-0.86,0.275618247153457,"Standard normal"
-0.85,0.277984886130997,"Standard normal"
-0.84,0.280343810839621,"Standard normal"
-0.83,0.28269448205458,"Standard normal"
-0.82,0.285036358489007,"Standard normal"
-0.81,0.287368896994028,"Standard normal"
-0.8,0.289691552761483,"Standard normal"
-0.79,0.292003779529141,"Standard normal"
-0.78,0.294305029788325,"Standard normal"
-0.77,0.296594754993816,"Standard normal"
-0.76,0.298872405775953,"Standard normal"
-0.75,0.301137432154804,"Standard normal"
-0.74,0.3033892837563,"Standard normal"
-0.73,0.30562741003021,"Standard normal"
-0.72,0.307851260469853,"Standard normal"
-0.71,0.310060284833416,"Standard normal"
-0.7,0.312253933366761,"Standard normal"
-0.69,0.314431657027597,"Standard normal"
-0.68,0.316592907710893,"Standard normal"
-0.67,0.318737138475402,"Standard normal"
-0.66,0.320863803771172,"Standard normal"
-0.65,0.322972359667914,"Standard normal"
-0.64,0.325062264084082,"Standard normal"
-0.63,0.327132977016554,"Standard normal"
-0.62,0.329183960770765,"Standard normal"
-0.61,0.331214680191153,"Standard normal"
-0.6,0.3332246028918,"Standard normal"
-0.59,0.335213199487106,"Standard normal"
-0.58,0.337179943822381,"Standard normal"
-0.57,0.339124313204192,"Standard normal"
-0.56,0.341045788630353,"Standard normal"
-0.55,0.342943855019384,"Standard normal"
-0.54,0.344818001439333,"Standard normal"
-0.53,0.346667721335792,"Standard normal"
-0.52,0.348492512758975,"Standard normal"
-0.51,0.350291878589726,"Standard normal"
-0.5,0.3520653267643,"Standard normal"
-0.49,0.35381237049778,"Standard normal"
-0.48,0.355532528505997,"Standard normal"
-0.47,0.357225325225801,"Standard normal"
-0.46,0.358890291033545,"Standard normal"
-0.45,0.360526962461648,"Standard normal"
-0.44,0.362134882413092,"Standard normal"
-0.43,0.363713600373713,"Standard normal"
-0.42,0.365262672622154,"Standard normal"
-0.41,0.366781662437336,"Standard normal"
-0.399999999999999,0.368270140303323,"Standard normal"
-0.39,0.369727684111432,"Standard normal"
-0.38,0.371153879359466,"Standard normal"
-0.37,0.372548319347933,"Standard normal"
-0.36,0.373910605373128,"Standard normal"
-0.35,0.375240346916938,"Standard normal"
-0.34,0.376537161833254,"Standard normal"
-0.33,0.377800676530865,"Standard normal"
-0.32,0.379030526152702,"Standard normal"
-0.31,0.380226354751325,"Standard normal"
-0.3,0.381387815460524,"Standard normal"
-0.29,0.382514570662924,"Standard normal"
-0.28,0.383606292153479,"Standard normal"
-0.27,0.384662661298743,"Standard normal"
-0.26,0.385683369191816,"Standard normal"
-0.25,0.386668116802849,"Standard normal"
-0.24,0.387616615125014,"Standard normal"
-0.23,0.388528585315836,"Standard normal"
-0.22,0.38940375883379,"Standard normal"
-0.21,0.390241877570074,"Standard normal"
-0.2,0.391042693975456,"Standard normal"
-0.19,0.391805971182121,"Standard normal"
-0.18,0.392531483120429,"Standard normal"
-0.17,0.393219014630497,"Standard normal"
-0.16,0.393868361568541,"Standard normal"
-0.149999999999999,0.394479330907889,"Standard normal"
-0.14,0.395051740834611,"Standard normal"
-0.13,0.395585420837687,"Standard normal"
-0.12,0.396080211793656,"Standard normal"
-0.11,0.396535966045686,"Standard normal"
-0.0999999999999996,0.396952547477012,"Standard normal"
-0.0899999999999999,0.397329831578688,"Standard normal"
-0.0800000000000001,0.397667705511609,"Standard normal"
-0.0700000000000003,0.397966068162751,"Standard normal"
-0.0599999999999996,0.398224830195607,"Standard normal"
-0.0499999999999998,0.398443914094764,"Standard normal"
-0.04,0.398623254204605,"Standard normal"
-0.0300000000000002,0.3987627967621,"Standard normal"
-0.0199999999999996,0.398862499923666,"Standard normal"
-0.00999999999999979,0.398922333786082,"Standard normal"
0,0.398942280401433,"Standard normal"
0.00999999999999979,0.398922333786082,"Standard normal"
0.0200000000000005,0.398862499923666,"Standard normal"
0.0300000000000002,0.3987627967621,"Standard normal"
0.04,0.398623254204605,"Standard normal"
0.0499999999999998,0.398443914094764,"Standard normal"
0.0600000000000005,0.398224830195607,"Standard normal"
0.0700000000000003,0.397966068162751,"Standard normal"
0.0800000000000001,0.397667705511609,"Standard normal"
0.0899999999999999,0.397329831578688,"Standard normal"
0.100000000000001,0.396952547477012,"Standard normal"
0.11,0.396535966045686,"Standard normal"
0.12,0.396080211793656,"Standard normal"
0.13,0.395585420837687,"Standard normal"
0.14,0.395051740834611,"Standard normal"
0.15,0.394479330907889,"Standard normal"
0.16,0.393868361568541,"Standard normal"
0.17,0.393219014630497,"Standard normal"
0.18,0.392531483120429,"Standard normal"
0.19,0.391805971182121,"Standard normal"
0.2,0.391042693975456,"Standard normal"
0.21,0.390241877570074,"Standard normal"
0.22,0.38940375883379,"Standard normal"
0.23,0.388528585315836,"Standard normal"
0.24,0.387616615125014,"Standard normal"
0.25,0.386668116802849,"Standard normal"
0.26,0.385683369191816,"Standard normal"
0.27,0.384662661298743,"Standard normal"
0.28,0.383606292153479,"Standard normal"
0.29,0.382514570662924,"Standard normal"
0.3,0.381387815460524,"Standard normal"
0.31,0.380226354751325,"Standard normal"
0.32,0.379030526152702,"Standard normal"
0.33,0.377800676530865,"Standard normal"
0.34,0.376537161833254,"Standard normal"
0.350000000000001,0.375240346916938,"Standard normal"
0.36,0.373910605373128,"Standard normal"
0.37,0.372548319347933,"Standard normal"
0.38,0.371153879359466,"Standard normal"
0.39,0.369727684111432,"Standard normal"
0.4,0.368270140303323,"Standard normal"
0.41,0.366781662437336,"Standard normal"
0.42,0.365262672622154,"Standard normal"
0.43,0.363713600373713,"Standard normal"
0.44,0.362134882413092,"Standard normal"
0.45,0.360526962461648,"Standard normal"
0.46,0.358890291033545,"Standard normal"
0.47,0.357225325225801,"Standard normal"
0.48,0.355532528505997,"Standard normal"
0.49,0.35381237049778,"Standard normal"
0.5,0.3520653267643,"Standard normal"
0.51,0.350291878589726,"Standard normal"
0.52,0.348492512758974,"Standard normal"
0.53,0.346667721335792,"Standard normal"
0.54,0.344818001439333,"Standard normal"
0.55,0.342943855019384,"Standard normal"
0.56,0.341045788630352,"Standard normal"
0.57,0.339124313204192,"Standard normal"
0.58,0.337179943822381,"Standard normal"
0.59,0.335213199487106,"Standard normal"
0.6,0.3332246028918,"Standard normal"
0.61,0.331214680191153,"Standard normal"
0.62,0.329183960770765,"Standard normal"
0.63,0.327132977016554,"Standard normal"
0.64,0.325062264084082,"Standard normal"
0.65,0.322972359667914,"Standard normal"
0.66,0.320863803771172,"Standard normal"
0.67,0.318737138475402,"Standard normal"
0.68,0.316592907710893,"Standard normal"
0.69,0.314431657027597,"Standard normal"
0.7,0.312253933366761,"Standard normal"
0.71,0.310060284833416,"Standard normal"
0.72,0.307851260469853,"Standard normal"
0.73,0.30562741003021,"Standard normal"
0.74,0.3033892837563,"Standard normal"
0.75,0.301137432154804,"Standard normal"
0.76,0.298872405775953,"Standard normal"
0.77,0.296594754993816,"Standard normal"
0.78,0.294305029788325,"Standard normal"
0.79,0.292003779529141,"Standard normal"
0.8,0.289691552761483,"Standard normal"
0.81,0.287368896994028,"Standard normal"
0.82,0.285036358489007,"Standard normal"
0.83,0.28269448205458,"Standard normal"
0.84,0.280343810839621,"Standard normal"
0.85,0.277984886130996,"Standard normal"
0.86,0.275618247153457,"Standard normal"
0.87,0.273244430872216,"Standard normal"
0.88,0.270863971798338,"Standard normal"
0.89,0.268477401797002,"Standard normal"
0.9,0.266085249898755,"Standard normal"
0.91,0.263688042113818,"Standard normal"
0.92,0.261286301249553,"Standard normal"
0.93,0.258880546731149,"Standard normal"
0.94,0.25647129442562,"Standard normal"
0.95,0.254059056469189,"Standard normal"
0.96,0.251644341098117,"Standard normal"
0.97,0.249227652483066,"Standard normal"
0.98,0.246809490567043,"Standard normal"
0.99,0.244390350907,"Standard normal"
1,0.241970724519143,"Standard normal"
1.01,0.239551097728013,"Standard normal"
1.02,0.237131952019379,"Standard normal"
1.03,0.234713763897012,"Standard normal"
1.04,0.232297004743366,"Standard normal"
1.05,0.229882140684233,"Standard normal"
1.06,0.227469632457386,"Standard normal"
1.07,0.22505993528527,"Standard normal"
1.08,0.222653498751761,"Standard normal"
1.09,0.220250766683033,"Standard normal"
1.1,0.21785217703255,"Standard normal"
1.11,0.21545816177022,"Standard normal"
1.12,0.213069146775718,"Standard normal"
1.13,0.210685551736015,"Standard normal"
1.14,0.208307790047108,"Standard normal"
1.15,0.205936268719975,"Standard normal"
1.16,0.203571388290759,"Standard normal"
1.17,0.201213542735197,"Standard normal"
1.18,0.198863119387276,"Standard normal"
1.19,0.196520498862136,"Standard normal"
1.2,0.194186054983213,"Standard normal"
1.21,0.191860154713599,"Standard normal"
1.22,0.18954315809164,"Standard normal"
1.23,0.187235418170729,"Standard normal"
1.24,0.184937280963305,"Standard normal"
1.25,0.182649085389022,"Standard normal"
1.26,0.18037116322708,"Standard normal"
1.27,0.178103839072693,"Standard normal"
1.28,0.175847430297662,"Standard normal"
1.29,0.173602247015033,"Standard normal"
1.3,0.171368592047807,"Standard normal"
1.31,0.169146760901672,"Standard normal"
1.32,0.166937041741714,"Standard normal"
1.33,0.164739715373077,"Standard normal"
1.34,0.162555055225534,"Standard normal"
1.35,0.16038332734192,"Standard normal"
1.36,0.158224790370383,"Standard normal"
1.37,0.156079695560421,"Standard normal"
1.38,0.153948286762634,"Standard normal"
1.39,0.151830800432162,"Standard normal"
1.4,0.149727465635745,"Standard normal"
1.41,0.147638504062356,"Standard normal"
1.42,0.145564130037348,"Standard normal"
1.43,0.143504550540062,"Standard normal"
1.44,0.141459965224839,"Standard normal"
1.45,0.13943056644536,"Standard normal"
1.46,0.137416539282282,"Standard normal"
1.47,0.135418061574071,"Standard normal"
1.48,0.133435303951002,"Standard normal"
1.49,0.131468429872231,"Standard normal"
1.5,0.129517595665892,"Standard normal"
1.51,0.127582950572142,"Standard normal"
1.52,0.125664636789088,"Standard normal"
1.53,0.123762789521523,"Standard normal"
1.54,0.121877537032402,"Standard normal"
1.55,0.120009000696986,"Standard normal"
1.56,0.118157295059582,"Standard normal"
1.57,0.116322527892807,"Standard normal"
1.58,0.114504800259292,"Standard normal"
1.59,0.112704206575771,"Standard normal"
1.6,0.110920834679455,"Standard normal"
1.61,0.109154765896647,"Standard normal"
1.62,0.107406075113484,"Standard normal"
1.63,0.105674830848764,"Standard normal"
1.64,0.103961095328764,"Standard normal"
1.65,0.102264924563978,"Standard normal"
1.66,0.100586368427691,"Standard normal"
1.67,0.0989254707363237,"Standard normal"
1.68,0.0972822693314675,"Standard normal"
1.69,0.0956567961635239,"Standard normal"
1.7,0.0940490773768869,"Standard normal"
1.71,0.0924591333965807,"Standard normal"
1.72,0.0908869790162829,"Standard normal"
1.73,0.0893326234876549,"Standard normal"
1.74,0.0877960706109056,"Standard normal"
1.75,0.0862773188265115,"Standard normal"
1.76,0.0847763613080223,"Standard normal"
1.77,0.0832931860558744,"Standard normal"
1.78,0.0818277759921428,"Standard normal"
1.79,0.0803801090561542,"Standard normal"
1.8,0.0789501583008942,"Standard normal"
1.81,0.0775378919901339,"Standard normal"
1.82,0.0761432736962073,"Standard normal"
1.83,0.0747662623983676,"Standard normal"
1.84,0.0734068125816569,"Standard normal"
1.85,0.0720648743362179,"Standard normal"
1.86,0.0707403934569833,"Standard normal"
1.87,0.0694333115436742,"Standard normal"
1.88,0.0681435661010446,"Standard normal"
1.89,0.0668710906393071,"Standard normal"
1.9,0.0656158147746766,"Standard normal"
1.91,0.0643776643299693,"Standard normal"
1.92,0.0631565614351987,"Standard normal"
1.93,0.0619524246281052,"Standard normal"
1.94,0.0607651689545647,"Standard normal"
1.95,0.059594706068816,"Standard normal"
1.96,0.0584409443334515,"Standard normal"
1.97,0.0573037889191172,"Standard normal"
1.98,0.056183141903868,"Standard normal"
1.99,0.0550789023721257,"Standard normal"
2,0.0539909665131881,"Standard normal"
2.01,0.0529192277192403,"Standard normal"
2.02,0.0518635766828205,"Standard normal"
2.03,0.0508239014936912,"Standard normal"
2.04,0.0498000877350708,"Standard normal"
2.05,0.0487920185791828,"Standard normal"
2.06,0.047799574882077,"Standard normal"
2.07,0.0468226352776831,"Standard normal"
2.08,0.0458610762710549,"Standard normal"
2.09,0.0449147723307671,"Standard normal"
2.1,0.0439835959804272,"Standard normal"
2.11,0.0430674178892657,"Standard normal"
2.12,0.0421661069617703,"Standard normal"
2.13,0.0412795304263304,"Standard normal"
2.14,0.0404075539228603,"Standard normal"
2.15,0.0395500415893702,"Standard normal"
2.16,0.0387068561474556,"Standard normal"
2.17,0.0378778589866775,"Standard normal"
2.18,0.0370629102478065,"Standard normal"
2.19,0.0362618689049062,"Standard normal"
2.2,0.0354745928462314,"Standard normal"
2.21,0.0347009389539188,"Standard normal"
2.22,0.0339407631824492,"Standard normal"
2.23,0.0331939206358611,"Standard normal"
2.24,0.0324602656436974,"Standard normal"
2.25,0.0317396518356674,"Standard normal"
2.26,0.0310319322150083,"Standard normal"
2.27,0.0303369592305316,"Standard normal"
2.28,0.0296545848473413,"Standard normal"
2.29,0.0289846606162094,"Standard normal"
2.3,0.0283270377416012,"Standard normal"
2.31,0.0276815671483365,"Standard normal"
2.32,0.0270480995468818,"Standard normal"
2.33,0.0264264854972617,"Standard normal"
2.34,0.0258165754715877,"Standard normal"
2.35,0.0252182199151944,"Standard normal"
2.36,0.0246312693063825,"Standard normal"
2.37,0.024055574214763,"Standard normal"
2.38,0.0234909853582014,"Standard normal"
2.39,0.0229373536583607,"Standard normal"
2.4,0.0223945302948429,"Standard normal"
2.41,0.0218623667579294,"Standard normal"
2.42,0.0213407148999228,"Standard normal"
2.43,0.0208294269850922,"Standard normal"
2.44,0.0203283557382258,"Standard normal"
2.45,0.0198373543917953,"Standard normal"
2.46,0.019356276731737,"Standard normal"
2.47,0.0188849771418562,"Standard normal"
2.48,0.018423310646862,"Standard normal"
2.49,0.0179711329540396,"Standard normal"
2.5,0.0175283004935685,"Standard normal"
2.51,0.017094670457497,"Standard normal"
2.52,0.016670100837381,"Standard normal"
2.53,0.0162544504606005,"Standard normal"
2.54,0.0158475790253608,"Standard normal"
2.55,0.0154493471343952,"Standard normal"
2.56,0.0150596163273774,"Standard normal"
2.57,0.01467824911206,"Standard normal"
2.58,0.0143051089941497,"Standard normal"
2.59,0.0139400605059358,"Standard normal"
2.6,0.0135829692336856,"Standard normal"
2.61,0.0132337018438214,"Standard normal"
2.62,0.0128921261078953,"Standard normal"
2.63,0.0125581109263782,"Standard normal"
2.64,0.012231526351278,"Standard normal"
2.65,0.0119122436076052,"Standard normal"
2.66,0.0116001351137026,"Standard normal"
2.67,0.0112950745004561,"Standard normal"
2.68,0.0109969366294056,"Standard normal"
2.69,0.0107055976097722,"Standard normal"
2.7,0.0104209348144226,"Standard normal"
2.71,0.0101428268947871,"Standard normal"
2.72,0.00987115379475114,"Standard normal"
2.73,0.00960579676353958,"Standard normal"
2.74,0.00934663836761228,"Standard normal"
2.75,0.00909356250159105,"Standard normal"
2.76,0.00884645439823723,"Standard normal"
2.77,0.00860520063749966,"Standard normal"
2.78,0.00836968915465302,"Standard normal"
2.79,0.00813980924754602,"Standard normal"
2.8,0.00791545158297997,"Standard normal"
2.81,0.00769650820223731,"Standard normal"
2.82,0.00748287252578055,"Standard normal"
2.83,0.00727443935714122,"Standard normal"
2.84,0.00707110488601945,"Standard normal"
2.85,0.00687276669061397,"Standard normal"
2.86,0.00667932373920261,"Standard normal"
2.87,0.00649067639099336,"Standard normal"
2.88,0.00630672639626593,"Standard normal"
2.89,0.00612737689582368,"Standard normal"
2.9,0.00595253241977585,"Standard normal"
2.91,0.00578209888566947,"Standard normal"
2.92,0.00561598359599097,"Standard normal"
2.93,0.00545409523505654,"Standard normal"
2.94,0.00529634386531101,"Standard normal"
2.95,0.00514264092305394,"Standard normal"
2.96,0.00499289921361238,"Standard normal"
2.97,0.00484703290597895,"Standard normal"
2.98,0.00470495752693397,"Standard normal"
2.99,0.00456658995467014,"Standard normal"
3,0.00443184841193801,"Standard normal"
3.01,0.00430065245873045,"Standard normal"
3.02,0.00417292298452397,"Standard normal"
3.03,0.00404858220009444,"Standard normal"
3.04,0.00392755362892477,"Standard normal"
3.05,0.0038097620982218,"Standard normal"
3.06,0.00369513372955903,"Standard normal"
3.07,0.00358359592916236,"Standard normal"
3.08,0.00347507737785494,"Standard normal"
3.09,0.00336950802067748,"Standard normal"
3.1,0.00326681905619992,"Standard normal"
3.11,0.00316694292554008,"Standard normal"
3.12,0.00306981330110473,"Standard normal"
3.13,0.00297536507506825,"Standard normal"
3.14,0.00288353434760343,"Standard normal"
3.15,0.00279425841487944,"Standard normal"
3.16,0.0027074757568407,"Standard normal"
3.17,0.00262312602478102,"Standard normal"
3.18,0.00254115002872653,"Standard normal"
3.19,0.0024614897246407,"Standard normal"
3.2,0.00238408820146485,"Standard normal"
3.21,0.00230888966800649,"Standard normal"
3.22,0.00223583943968853,"Standard normal"
3.23,0.00216488392517106,"Standard normal"
3.24,0.00209597061285794,"Standard normal"
3.25,0.00202904805729977,"Standard normal"
3.26,0.00196406586550438,"Standard normal"
3.27,0.00190097468316608,"Standard normal"
3.28,0.00183972618082428,"Standard normal"
3.29,0.00178027303996187,"Standard normal"
3.3,0.00172256893905368,"Standard normal"
3.31,0.00166656853957458,"Standard normal"
3.32,0.00161222747197712,"Standard normal"
3.33,0.00155950232164769,"Standard normal"
3.34,0.00150835061485031,"Standard normal"
3.35,0.00145873080466675,"Standard normal"
3.36,0.00141060225694139,"Standard normal"
3.37,0.0013639252362389,"Standard normal"
3.38,0.00131866089182274,"Standard normal"
3.39,0.00127477124366183,"Standard normal"
3.4,0.00123221916847302,"Standard normal"
3.41,0.00119096838580612,"Standard normal"
3.42,0.00115098344417848,"Standard normal"
3.43,0.00111222970726557,"Standard normal"
3.44,0.00107467334015374,"Standard normal"
3.45,0.00103828129566141,"Standard normal"
3.46,0.00100302130073423,"Standard normal"
3.47,0.000968861842919844,"Standard normal"
3.48,0.000935772156927478,"Standard normal"
3.49,0.000903722211277524,"Standard normal"
3.5,0.00087268269504576,"Standard normal"
3.51,0.000842625004706903,"Standard normal"
3.52,0.000813521231081809,"Standard normal"
3.53,0.000785344146392471,"Standard normal"
3.54,0.000758067191428708,"Standard normal"
3.55,0.000731664462830309,"Standard normal"
3.56,0.000706110700488035,"Standard normal"
3.57,0.000681381275066891,"Standard normal"
3.58,0.000657452175654676,"Standard normal"
3.59,0.000634299997538758,"Standard normal"
3.6,0.000611901930113773,"Standard normal"
3.61,0.000590235744922787,"Standard normal"
3.62,0.000569279783834251,"Standard normal"
3.63,0.000549012947356957,"Standard normal"
3.64,0.000529414683094934,"Standard normal"
3.65,0.000510464974344185,"Standard normal"
3.66,0.000492144328832893,"Standard normal"
3.67,0.000474433767606621,"Standard normal"
3.68,0.000457314814059858,"Standard normal"
3.69,0.000440769483115133,"Standard normal"
3.7,0.00042478027055075,"Standard normal"
3.71,0.000409330142478077,"Standard normal"
3.72,0.000394402524969156,"Standard normal"
3.73,0.000379981293835321,"Standard normal"
3.74,0.000366050764557335,"Standard normal"
3.75,0.000352595682367445,"Standard normal"
3.76,0.000339601212483655,"Standard normal"
3.77,0.000327052930496375,"Standard normal"
3.78,0.000314936812907522,"Standard normal"
3.79,0.000303239227822003,"Standard normal"
3.8,0.00029194692579146,"Standard normal"
3.81,0.000281047030809986,"Standard normal"
3.82,0.000270527031461521,"Standard normal"
3.83,0.000260374772218442,"Standard normal"
3.84,0.000250578444890861,"Standard normal"
3.85,0.000241126580225994,"Standard normal"
3.86,0.000232008039656943,"Standard normal"
3.87,0.000223212007200101,"Standard normal"
3.88,0.000214727981500366,"Standard normal"
3.89,0.000206545768023225,"Standard normal"
3.9,0.000198655471392772,"Standard normal"
3.91,0.000191047487874598,"Standard normal"
3.92,0.000183712498002457,"Standard normal"
3.93,0.000176641459347571,"Standard normal"
3.94,0.000169825599429344,"Standard normal"
3.95,0.000163256408766241,"Standard normal"
3.96,0.000156925634065532,"Standard normal"
3.97,0.000150825271550518,"Standard normal"
3.98,0.000144947560423891,"Standard normal"
3.99,0.00013928497646576,"Standard normal"
4,0.000133830225764885,"Standard normal"
4.01,0.000128576238581621,"Standard normal"
4.02,0.000123516163341024,"Standard normal"
4.03,0.000118643360754566,"Standard normal"
4.04,0.000113951398068864,"Standard normal"
4.05,0.0001094340434398,"Standard normal"
4.06,0.0001050852604304,"Standard normal"
4.07,0.000100899202630814,"Standard normal"
4.08,9.68702083987193e-05,"Standard normal"
4.09,9.29927957184459e-05,"Standard normal"
4.1,8.92616571771329e-05,"Standard normal"
4.11,8.56716550561822e-05,"Standard normal"
4.12,8.22178165362856e-05,"Standard normal"
4.13,7.88953290142928e-05,"Standard normal"
4.14,7.56995355301609e-05,"Standard normal"
4.15,7.26259303022523e-05,"Standard normal"
4.16,6.96701543692143e-05,"Standard normal"
4.17,6.68279913366906e-05,"Standard normal"
4.18,6.40953632271061e-05,"Standard normal"
4.19,6.14683264307694e-05,"Standard normal"
4.2,5.89430677565396e-05,"Standard normal"
4.21,5.65159005803072e-05,"Standard normal"
4.22,5.418326108954e-05,"Standard normal"
4.23,5.19417046221598e-05,"Standard normal"
4.24,4.97879020980121e-05,"Standard normal"
4.25,4.7718636541205e-05,"Standard normal"
4.26,4.57307996916013e-05,"Standard normal"
4.27,4.38213887037581e-05,"Standard normal"
4.28,4.19875029316175e-05,"Standard normal"
4.29,4.02263407972648e-05,"Standard normal"
4.3,3.8535196742087e-05,"Standard normal"
4.31,3.69114582586661e-05,"Standard normal"
4.32,3.53526030017731e-05,"Standard normal"
4.33,3.38561959768279e-05,"Standard normal"
4.34,3.24198868042138e-05,"Standard normal"
4.35,3.10414070578503e-05,"Standard normal"
4.36,2.97185676764423e-05,"Standard normal"
4.37,2.84492564458442e-05,"Standard normal"
4.38,2.72314355509925e-05,"Standard normal"
4.39,2.60631391958783e-05,"Standard normal"
4.4,2.49424712900535e-05,"Standard normal"
4.41,2.38676032001796e-05,"Standard normal"
4.42,2.28367715651469e-05,"Standard normal"
4.43,2.18482761733165e-05,"Standard normal"
4.44,2.09004779004505e-05,"Standard normal"
4.45,1.99917967069227e-05,"Standard normal"
4.46,1.91207096928177e-05,"Standard normal"
4.47,1.82857492095473e-05,"Standard normal"
4.48,1.74855010266391e-05,"Standard normal"
4.49,1.67186025523651e-05,"Standard normal"
4.5,1.59837411069055e-05,"Standard normal"
4.51,1.52796522467616e-05,"Standard normal"
4.52,1.46051181391529e-05,"Standard normal"
4.53,1.39589659851548e-05,"Standard normal"
4.54,1.33400664903558e-05,"Standard normal"
4.55,1.27473323818334e-05,"Standard normal"
4.56,1.21797169702687e-05,"Standard normal"
4.57,1.16362127560427e-05,"Standard normal"
4.58,1.11158500781778e-05,"Standard normal"
4.59,1.06176958050084e-05,"Standard normal"
4.6,1.01408520654868e-05,"Standard normal"
4.61,9.68445502005147e-06,"Standard normal"
4.62,9.24767367000557e-06,"Standard normal"
4.63,8.82970870437405e-06,"Standard normal"
4.64,8.42979138322874e-06,"Standard normal"
4.65,8.0471824564923e-06,"Standard normal"
4.66,7.68117111725046e-06,"Standard normal"
4.67,7.33107398862394e-06,"Standard normal"
4.68,6.9962341432704e-06,"Standard normal"
4.69,6.67602015460749e-06,"Standard normal"
4.7,6.36982517886707e-06,"Standard normal"
4.71,6.07706606711109e-06,"Standard normal"
4.72,5.79718250635727e-06,"Standard normal"
4.73,5.52963618898405e-06,"Standard normal"
4.74,5.2739100096013e-06,"Standard normal"
4.75,5.02950728859245e-06,"Standard normal"
4.76,4.79595102155252e-06,"Standard normal"
4.77,4.57278315386414e-06,"Standard normal"
4.78,4.35956387967165e-06,"Standard normal"
4.79,4.15587096453118e-06,"Standard normal"
4.8,3.96129909103206e-06,"Standard normal"
4.81,3.77545922670133e-06,"Standard normal"
4.82,3.59797801352125e-06,"Standard normal"
4.83,3.42849717840504e-06,"Standard normal"
4.84,3.26667296399328e-06,"Standard normal"
4.85,3.11217557914894e-06,"Standard normal"
4.86,2.96468866854528e-06,"Standard normal"
4.87,2.82390880075581e-06,"Standard normal"
4.88,2.68954497427151e-06,"Standard normal"
4.89,2.56131814088453e-06,"Standard normal"
4.9,2.43896074589335e-06,"Standard normal"
4.91,2.322216284598e-06,"Standard normal"
4.92,2.21083887456842e-06,"Standard normal"
4.93,2.10459284318313e-06,"Standard normal"
4.94,2.0032523299485e-06,"Standard normal"
4.95,1.9066009031228e-06,"Standard normal"
4.96,1.81443119018202e-06,"Standard normal"
4.97,1.72654452167706e-06,"Standard normal"
4.98,1.64275058804507e-06,"Standard normal"
4.99,1.56286710894929e-06,"Standard normal"
5,1.4867195147343e-06,"Standard normal"
-5,0.0122426879301458,"t, df = 1"
-4.99,0.012289909544125,"t, df = 1"
-4.98,0.0123374012102057,"t, df = 1"
-4.97,0.012385164962464,"t, df = 1"
-4.96,0.012433202853876,"t, df = 1"
-4.95,0.0124815169565255,"t, df = 1"
-4.94,0.0125301093618145,"t, df = 1"
-4.93,0.0125789821806761,"t, df = 1"
-4.92,0.0126281375437901,"t, df = 1"
-4.91,0.0126775776018014,"t, df = 1"
-4.9,0.0127273045255414,"t, df = 1"
-4.89,0.0127773205062516,"t, df = 1"
-4.88,0.0128276277558108,"t, df = 1"
-4.87,0.0128782285069645,"t, df = 1"
-4.86,0.0129291250135579,"t, df = 1"
-4.85,0.0129803195507714,"t, df = 1"
-4.84,0.0130318144153589,"t, df = 1"
-4.83,0.0130836119258902,"t, df = 1"
-4.82,0.0131357144229953,"t, df = 1"
-4.81,0.0131881242696124,"t, df = 1"
-4.8,0.0132408438512392,"t, df = 1"
-4.79,0.0132938755761875,"t, df = 1"
-4.78,0.0133472218758403,"t, df = 1"
-4.77,0.0134008852049135,"t, df = 1"
-4.76,0.0134548680417198,"t, df = 1"
-4.75,0.0135091728884367,"t, df = 1"
-4.74,0.013563802271378,"t, df = 1"
-4.73,0.0136187587412683,"t, df = 1"
-4.72,0.0136740448735218,"t, df = 1"
-4.71,0.0137296632685241,"t, df = 1"
-4.7,0.0137856165519182,"t, df = 1"
-4.69,0.0138419073748936,"t, df = 1"
-4.68,0.0138985384144802,"t, df = 1"
-4.67,0.0139555123738449,"t, df = 1"
-4.66,0.0140128319825931,"t, df = 1"
-4.65,0.0140704999970733,"t, df = 1"
-4.64,0.0141285192006867,"t, df = 1"
-4.63,0.0141868924041998,"t, df = 1"
-4.62,0.0142456224460621,"t, df = 1"
-4.61,0.0143047121927275,"t, df = 1"
-4.6,0.0143641645389797,"t, df = 1"
-4.59,0.0144239824082631,"t, df = 1"
-4.58,0.0144841687530164,"t, df = 1"
-4.57,0.0145447265550124,"t, df = 1"
-4.56,0.0146056588257007,"t, df = 1"
-4.55,0.0146669686065564,"t, df = 1"
-4.54,0.0147286589694327,"t, df = 1"
-4.53,0.014790733016918,"t, df = 1"
-4.52,0.0148531938826989,"t, df = 1"
-4.51,0.0149160447319268,"t, df = 1"
-4.5,0.0149792887615902,"t, df = 1"
-4.49,0.0150429292008918,"t, df = 1"
-4.48,0.015106969311631,"t, df = 1"
-4.47,0.0151714123885911,"t, df = 1"
-4.46,0.0152362617599318,"t, df = 1"
-4.45,0.0153015207875876,"t, df = 1"
-4.44,0.015367192867671,"t, df = 1"
-4.43,0.0154332814308816,"t, df = 1"
-4.42,0.0154997899429204,"t, df = 1"
-4.41,0.01556672190491,"t, df = 1"
-4.4,0.0156340808538208,"t, df = 1"
-4.39,0.0157018703629023,"t, df = 1"
-4.38,0.0157700940421212,"t, df = 1"
-4.37,0.015838755538605,"t, df = 1"
-4.36,0.0159078585370917,"t, df = 1"
-4.35,0.015977406760386,"t, df = 1"
-4.34,0.0160474039698215,"t, df = 1"
-4.33,0.0161178539657293,"t, df = 1"
-4.32,0.0161887605879135,"t, df = 1"
-4.31,0.016260127716133,"t, df = 1"
-4.3,0.0163319592705896,"t, df = 1"
-4.29,0.0164042592124237,"t, df = 1"
-4.28,0.0164770315442164,"t, df = 1"
-4.27,0.0165502803104987,"t, df = 1"
-4.26,0.0166240095982677,"t, df = 1"
-4.25,0.0166982235375103,"t, df = 1"
-4.24,0.0167729263017342,"t, df = 1"
-4.23,0.0168481221085059,"t, df = 1"
-4.22,0.016923815219997,"t, df = 1"
-4.21,0.0170000099435375,"t, df = 1"
-4.2,0.0170767106321776,"t, df = 1"
-4.19,0.0171539216852566,"t, df = 1"
-4.18,0.0172316475489807,"t, df = 1"
-4.17,0.0173098927170081,"t, df = 1"
-4.16,0.0173886617310435,"t, df = 1"
-4.15,0.01746795918144,"t, df = 1"
-4.14,0.01754778970781,"t, df = 1"
-4.13,0.017628157999645,"t, df = 1"
-4.12,0.017709068796944,"t, df = 1"
-4.11,0.0177905268908507,"t, df = 1"
-4.1,0.0178725371243004,"t, df = 1"
-4.09,0.0179551043926755,"t, df = 1"
-4.08,0.0180382336444709,"t, df = 1"
-4.07,0.0181219298819686,"t, df = 1"
-4.06,0.0182061981619226,"t, df = 1"
-4.05,0.0182910435962529,"t, df = 1"
-4.04,0.0183764713527498,"t, df = 1"
-4.03,0.0184624866557889,"t, df = 1"
-4.02,0.0185490947870557,"t, df = 1"
-4.01,0.0186363010862812,"t, df = 1"
-4,0.0187241109519877,"t, df = 1"
-3.99,0.0188125298422462,"t, df = 1"
-3.98,0.0189015632754442,"t, df = 1"
-3.97,0.0189912168310646,"t, df = 1"
-3.96,0.0190814961504766,"t, df = 1"
-3.95,0.0191724069377377,"t, df = 1"
-3.94,0.0192639549604076,"t, df = 1"
-3.93,0.0193561460503737,"t, df = 1"
-3.92,0.0194489861046895,"t, df = 1"
-3.91,0.0195424810864245,"t, df = 1"
-3.9,0.0196366370255269,"t, df = 1"
-3.89,0.0197314600196993,"t, df = 1"
-3.88,0.0198269562352869,"t, df = 1"
-3.87,0.0199231319081793,"t, df = 1"
-3.86,0.0200199933447251,"t, df = 1"
-3.85,0.0201175469226602,"t, df = 1"
-3.84,0.0202157990920505,"t, df = 1"
-3.83,0.0203147563762479,"t, df = 1"
-3.82,0.0204144253728605,"t, df = 1"
-3.81,0.020514812754738,"t, df = 1"
-3.8,0.0206159252709709,"t, df = 1"
-3.79,0.0207177697479052,"t, df = 1"
-3.78,0.0208203530901723,"t, df = 1"
-3.77,0.020923682281734,"t, df = 1"
-3.76,0.0210277643869432,"t, df = 1"
-3.75,0.021132606551621,"t, df = 1"
-3.74,0.0212382160041495,"t, df = 1"
-3.73,0.0213446000565813,"t, df = 1"
-3.72,0.0214517661057655,"t, df = 1"
-3.71,0.0215597216344912,"t, df = 1"
-3.7,0.0216684742126474,"t, df = 1"
-3.69,0.0217780314984018,"t, df = 1"
-3.68,0.0218884012393959,"t, df = 1"
-3.67,0.0219995912739594,"t, df = 1"
-3.66,0.0221116095323426,"t, df = 1"
-3.65,0.0222244640379676,"t, df = 1"
-3.64,0.0223381629086985,"t, df = 1"
-3.63,0.0224527143581312,"t, df = 1"
-3.62,0.0225681266969024,"t, df = 1"
-3.61,0.0226844083340192,"t, df = 1"
-3.6,0.0228015677782085,"t, df = 1"
-3.59,0.0229196136392876,"t, df = 1"
-3.58,0.0230385546295555,"t, df = 1"
-3.57,0.0231583995652053,"t, df = 1"
-3.56,0.0232791573677591,"t, df = 1"
-3.55,0.023400837065524,"t, df = 1"
-3.54,0.0235234477950716,"t, df = 1"
-3.53,0.0236469988027391,"t, df = 1"
-3.52,0.0237714994461548,"t, df = 1"
-3.51,0.0238969591957861,"t, df = 1"
-3.5,0.0240233876365125,"t, df = 1"
-3.49,0.0241507944692218,"t, df = 1"
-3.48,0.0242791895124322,"t, df = 1"
-3.47,0.0244085827039384,"t, df = 1"
-3.46,0.0245389841024847,"t, df = 1"
-3.45,0.0246704038894626,"t, df = 1"
-3.44,0.0248028523706357,"t, df = 1"
-3.43,0.0249363399778918,"t, df = 1"
-3.42,0.025070877271021,"t, df = 1"
-3.41,0.025206474939523,"t, df = 1"
-3.4,0.0253431438044419,"t, df = 1"
-3.39,0.0254808948202296,"t, df = 1"
-3.38,0.0256197390766388,"t, df = 1"
-3.37,0.025759687800645,"t, df = 1"
-3.36,0.0259007523583998,"t, df = 1"
-3.35,0.0260429442572134,"t, df = 1"
-3.34,0.0261862751475691,"t, df = 1"
-3.33,0.0263307568251694,"t, df = 1"
-3.32,0.0264764012330143,"t, df = 1"
-3.31,0.0266232204635116,"t, df = 1"
-3.3,0.0267712267606216,"t, df = 1"
-3.29,0.0269204325220347,"t, df = 1"
-3.28,0.0270708503013837,"t, df = 1"
-3.27,0.027222492810491,"t, df = 1"
-3.26,0.0273753729216511,"t, df = 1"
-3.25,0.0275295036699495,"t, df = 1"
-3.24,0.0276848982556177,"t, df = 1"
-3.23,0.0278415700464266,"t, df = 1"
-3.22,0.027999532580116,"t, df = 1"
-3.21,0.0281587995668643,"t, df = 1"
-3.2,0.0283193848917963,"t, df = 1"
-3.19,0.0284813026175312,"t, df = 1"
-3.18,0.0286445669867707,"t, df = 1"
-3.17,0.0288091924249283,"t, df = 1"
-3.16,0.0289751935428006,"t, df = 1"
-3.15,0.0291425851392805,"t, df = 1"
-3.14,0.0293113822041135,"t, df = 1"
-3.13,0.0294815999206986,"t, df = 1"
-3.12,0.0296532536689327,"t, df = 1"
-3.11,0.0298263590281004,"t, df = 1"
-3.1,0.0300009317798106,"t, df = 1"
-3.09,0.0301769879109783,"t, df = 1"
-3.08,0.0303545436168552,"t, df = 1"
-3.07,0.0305336153041075,"t, df = 1"
-3.06,0.0307142195939433,"t, df = 1"
-3.05,0.0308963733252891,"t, df = 1"
-3.04,0.0310800935580174,"t, df = 1"
-3.03,0.0312653975762252,"t, df = 1"
-3.02,0.0314523028915646,"t, df = 1"
-3.01,0.0316408272466268,"t, df = 1"
-3,0.0318309886183791,"t, df = 1"
-2.99,0.0320228052216568,"t, df = 1"
-2.98,0.0322162955127111,"t, df = 1"
-2.97,0.0324114781928123,"t, df = 1"
-2.96,0.032608372211911,"t, df = 1"
-2.95,0.0328069967723567,"t, df = 1"
-2.94,0.0330073713326756,"t, df = 1"
-2.93,0.0332095156114086,"t, df = 1"
-2.92,0.0334134495910093,"t, df = 1"
-2.91,0.0336191935218038,"t, df = 1"
-2.9,0.0338267679260139,"t, df = 1"
-2.89,0.0340361936018424,"t, df = 1"
-2.88,0.0342474916276242,"t, df = 1"
-2.87,0.0344606833660417,"t, df = 1"
-2.86,0.0346757904684072,"t, df = 1"
-2.85,0.0348928348790124,"t, df = 1"
-2.84,0.0351118388395463,"t, df = 1"
-2.83,0.035332824893582,"t, df = 1"
-2.82,0.0355558158911343,"t, df = 1"
-2.81,0.0357808349932881,"t, df = 1"
-2.8,0.0360079056768994,"t, df = 1"
-2.79,0.0362370517393689,"t, df = 1"
-2.78,0.036468297303491,"t, df = 1"
-2.77,0.0367016668223767,"t, df = 1"
-2.76,0.036937185084454,"t, df = 1"
-2.75,0.0371748772185449,"t, df = 1"
-2.74,0.0374147686990209,"t, df = 1"
-2.73,0.0376568853510382,"t, df = 1"
-2.72,0.0379012533558524,"t, df = 1"
-2.71,0.0381478992562158,"t, df = 1"
-2.7,0.0383968499618566,"t, df = 1"
-2.69,0.0386481327550407,"t, df = 1"
-2.68,0.03890177529622,"t, df = 1"
-2.67,0.0391578056297643,"t, df = 1"
-2.66,0.0394162521897804,"t, df = 1"
-2.65,0.0396771438060194,"t, df = 1"
-2.64,0.0399405097098714,"t, df = 1"
-2.63,0.0402063795404503,"t, df = 1"
-2.62,0.0404747833507694,"t, df = 1"
-2.61,0.0407457516140079,"t, df = 1"
-2.6,0.0410193152298699,"t, df = 1"
-2.59,0.0412955055310376,"t, df = 1"
-2.58,0.0415743542897172,"t, df = 1"
-2.57,0.0418558937242818,"t, df = 1"
-2.56,0.0421401565060091,"t, df = 1"
-2.55,0.0424271757659168,"t, df = 1"
-2.54,0.042716985101695,"t, df = 1"
-2.53,0.0430096185847384,"t, df = 1"
-2.52,0.0433051107672767,"t, df = 1"
-2.51,0.0436034966896057,"t, df = 1"
-2.5,0.0439048118874194,"t, df = 1"
-2.49,0.0442090923992432,"t, df = 1"
-2.48,0.0445163747739694,"t, df = 1"
-2.47,0.0448266960784958,"t, df = 1"
-2.46,0.0451400939054669,"t, df = 1"
-2.45,0.0454566063811197,"t, df = 1"
-2.44,0.0457762721732327,"t, df = 1"
-2.43,0.0460991304991804,"t, df = 1"
-2.42,0.0464252211340923,"t, df = 1"
-2.41,0.046754584419117,"t, df = 1"
-2.4,0.0470872612697915,"t, df = 1"
-2.39,0.0474232931845161,"t, df = 1"
-2.38,0.0477627222531347,"t, df = 1"
-2.37,0.04810559116562,"t, df = 1"
-2.36,0.0484519432208644,"t, df = 1"
-2.35,0.0488018223355754,"t, df = 1"
-2.34,0.0491552730532755,"t, df = 1"
-2.33,0.0495123405534058,"t, df = 1"
-2.32,0.0498730706605338,"t, df = 1"
-2.31,0.0502375098536625,"t, df = 1"
-2.3,0.0506057052756424,"t, df = 1"
-2.29,0.0509777047426836,"t, df = 1"
-2.28,0.0513535567539673,"t, df = 1"
-2.27,0.0517333105013556,"t, df = 1"
-2.26,0.0521170158791982,"t, df = 1"
-2.25,0.0525047234942335,"t, df = 1"
-2.24,0.0528964846755834,"t, df = 1"
-2.23,0.0532923514848383,"t, df = 1"
-2.22,0.0536923767262315,"t, df = 1"
-2.21,0.0540966139568992,"t, df = 1"
-2.2,0.0545051174972244,"t, df = 1"
-2.19,0.0549179424412606,"t, df = 1"
-2.18,0.0553351446672329,"t, df = 1"
-2.17,0.0557567808481127,"t, df = 1"
-2.16,0.0561829084622618,"t, df = 1"
-2.15,0.0566135858041424,"t, df = 1"
-2.14,0.0570488719950876,"t, df = 1"
-2.13,0.0574888269941286,"t, df = 1"
-2.12,0.0579335116088728,"t, df = 1"
-2.11,0.058382987506427,"t, df = 1"
-2.1,0.0588373172243606,"t, df = 1"
-2.09,0.0592965641817013,"t, df = 1"
-2.08,0.0597607926899577,"t, df = 1"
-2.07,0.0602300679641603,"t, df = 1"
-2.06,0.0607044561339139,"t, df = 1"
-2.05,0.0611840242544528,"t, df = 1"
-2.04,0.0616688403176904,"t, df = 1"
-2.03,0.0621589732632527,"t, df = 1"
-2.02,0.0626544929894872,"t, df = 1"
-2.01,0.0631554703644354,"t, df = 1"
-2,0.0636619772367581,"t, df = 1"
-1.99,0.064174086446602,"t, df = 1"
-1.98,0.0646918718363935,"t, df = 1"
-1.97,0.0652154082615482,"t, df = 1"
-1.96,0.0657447716010804,"t, df = 1"
-1.95,0.066280038768098,"t, df = 1"
-1.94,0.0668212877201677,"t, df = 1"
-1.93,0.0673685974695318,"t, df = 1"
-1.92,0.0679220480931612,"t, df = 1"
-1.91,0.068481720742624,"t, df = 1"
-1.9,0.0690476976537507,"t, df = 1"
-1.89,0.069620062156075,"t, df = 1"
-1.88,0.0701988986820287,"t, df = 1"
-1.87,0.0707842927758657,"t, df = 1"
-1.86,0.0713763311022941,"t, df = 1"
-1.85,0.0719751014547859,"t, df = 1"
-1.84,0.0725806927635422,"t, df = 1"
-1.83,0.0731931951030814,"t, df = 1"
-1.82,0.0738126996994228,"t, df = 1"
-1.81,0.0744392989368328,"t, df = 1"
-1.8,0.0750730863641016,"t, df = 1"
-1.79,0.0757141567003141,"t, df = 1"
-1.78,0.0763626058400803,"t, df = 1"
-1.77,0.0770185308581845,"t, df = 1"
-1.76,0.0776820300136155,"t, df = 1"
-1.75,0.0783532027529331,"t, df = 1"
-1.74,0.0790321497129285,"t, df = 1"
-1.73,0.0797189727225302,"t, df = 1"
-1.72,0.0804137748039083,"t, df = 1"
-1.71,0.0811166601727251,"t, df = 1"
-1.7,0.0818277342374784,"t, df = 1"
-1.69,0.0825471035978815,"t, df = 1"
-1.68,0.0832748760422224,"t, df = 1"
-1.67,0.0840111605436382,"t, df = 1"
-1.66,0.084756067255243,"t, df = 1"
-1.65,0.0855097075040405,"t, df = 1"
-1.64,0.0862721937835512,"t, df = 1"
-1.63,0.0870436397450821,"t, df = 1"
-1.62,0.0878241601875595,"t, df = 1"
-1.61,0.088613871045848,"t, df = 1"
-1.6,0.0894128893774693,"t, df = 1"
-1.59,0.0902213333476349,"t, df = 1"
-1.58,0.0910393222125016,"t, df = 1"
-1.57,0.0918669763005543,"t, df = 1"
-1.56,0.0927044169920173,"t, df = 1"
-1.55,0.0935517666961913,"t, df = 1"
-1.54,0.0944091488266078,"t, df = 1"
-1.53,0.0952766877738905,"t, df = 1"
-1.52,0.0961545088762055,"t, df = 1"
-1.51,0.0970427383871805,"t, df = 1"
-1.5,0.0979415034411664,"t, df = 1"
-1.49,0.0988509320157109,"t, df = 1"
-1.48,0.0997711528911079,"t, df = 1"
-1.47,0.100702295606881,"t, df = 1"
-1.46,0.101644490415056,"t, df = 1"
-1.45,0.10259786823007,"t, df = 1"
-1.44,0.103562560575153,"t, df = 1"
-1.43,0.104538699525039,"t, df = 1"
-1.42,0.105526417644805,"t, df = 1"
-1.41,0.106525847924698,"t, df = 1"
-1.4,0.10753712371074,"t, df = 1"
-1.39,0.108560378630944,"t, df = 1"
-1.38,0.109595746516937,"t, df = 1"
-1.37,0.110643361320793,"t, df = 1"
-1.36,0.111703357026878,"t, df = 1"
-1.35,0.112775867558473,"t, df = 1"
-1.34,0.113861026678992,"t, df = 1"
-1.33,0.114958967887533,"t, df = 1"
-1.32,0.116069824308559,"t, df = 1"
-1.31,0.117193728575454,"t, df = 1"
-1.3,0.118330812707729,"t, df = 1"
-1.29,0.119481207981604,"t, df = 1"
-1.28,0.120645044793735,"t, df = 1"
-1.27,0.121822452517812,"t, df = 1"
-1.26,0.123013559353761,"t, df = 1"
-1.25,0.124218492169284,"t, df = 1"
-1.24,0.125437376333461,"t, df = 1"
-1.23,0.126670335542119,"t, df = 1"
-1.22,0.127917491634701,"t, df = 1"
-1.21,0.129178964402334,"t, df = 1"
-1.2,0.1304548713868,"t, df = 1"
-1.19,0.131745327670126,"t, df = 1"
-1.18,0.133050445654485,"t, df = 1"
-1.17,0.134370334832112,"t, df = 1"
-1.16,0.135705101544931,"t, df = 1"
-1.15,0.137054848733602,"t, df = 1"
-1.14,0.138419675675679,"t, df = 1"
-1.13,0.139799677712588,"t, df = 1"
-1.12,0.141194945965131,"t, df = 1"
-1.11,0.142605567037225,"t, df = 1"
-1.1,0.144031622707598,"t, df = 1"
-1.09,0.145473189609154,"t, df = 1"
-1.08,0.146930338895767,"t, df = 1"
-1.07,0.148403135896215,"t, df = 1"
-1.06,0.149891639755034,"t, df = 1"
-1.05,0.151395903060067,"t, df = 1"
-1.04,0.152915971456471,"t, df = 1"
-1.03,0.154451883247024,"t, df = 1"
-1.02,0.156003668978529,"t, df = 1"
-1.01,0.157571351014203,"t, df = 1"
-1,0.159154943091895,"t, df = 1"
-0.99,0.160754449868083,"t, df = 1"
-0.98,0.162369866447557,"t, df = 1"
-0.97,0.164001177898805,"t, df = 1"
-0.96,0.165648358755095,"t, df = 1"
-0.95,0.167311372501335,"t, df = 1"
-0.94,0.16899017104682,"t, df = 1"
-0.93,0.170684694184026,"t, df = 1"
-0.92,0.172394869033682,"t, df = 1"
-0.91,0.174120609476391,"t, df = 1"
-0.9,0.175861815571155,"t, df = 1"
-0.89,0.177618372961214,"t, df = 1"
-0.88,0.179390152267691,"t, df = 1"
-0.87,0.181177008471621,"t, df = 1"
-0.86,0.182978780285003,"t, df = 1"
-0.85,0.184795289511635,"t, df = 1"
-0.84,0.186626340398564,"t, df = 1"
-0.83,0.188471718979093,"t, df = 1"
-0.82,0.19033119240839,"t, df = 1"
-0.81,0.192204508292851,"t, df = 1"
-0.8,0.194091394014507,"t, df = 1"
-0.79,0.195991556051838,"t, df = 1"
-0.78,0.197904679298552,"t, df = 1"
-0.77,0.199830426381939,"t, df = 1"
-0.76,0.201768436982626,"t, df = 1"
-0.75,0.203718327157626,"t, df = 1"
-0.74,0.205679688668771,"t, df = 1"
-0.73,0.207652088318736,"t, df = 1"
-0.72,0.209635067297017,"t, df = 1"
-0.71,0.211628140538389,"t, df = 1"
-0.7,0.213630796096504,"t, df = 1"
-0.69,0.215642494535459,"t, df = 1"
-0.68,0.217662668342308,"t, df = 1"
-0.67,0.219690721363649,"t, df = 1"
-0.66,0.221726028269567,"t, df = 1"
-0.65,0.223767934048359,"t, df = 1"
-0.64,0.225815753535606,"t, df = 1"
-0.63,0.227868770981309,"t, df = 1"
-0.62,0.229926239658907,"t, df = 1"
-0.61,0.231987381520145,"t, df = 1"
-0.6,0.234051386899846,"t, df = 1"
-0.59,0.23611741427475,"t, df = 1"
-0.58,0.238184590080658,"t, df = 1"
-0.57,0.240252008592189,"t, df = 1"
-0.56,0.242318731869512,"t, df = 1"
-0.55,0.244383789776423,"t, df = 1"
-0.54,0.246446180074164,"t, df = 1"
-0.53,0.248504868595355,"t, df = 1"
-0.52,0.250558789502354,"t, df = 1"
-0.51,0.252606845634307,"t, df = 1"
-0.5,0.254647908947033,"t, df = 1"
-0.49,0.256680821049747,"t, df = 1"
-0.48,0.258704393842483,"t, df = 1"
-0.47,0.260717410257835,"t, df = 1"
-0.46,0.262718625110425,"t, df = 1"
-0.45,0.264706766057206,"t, df = 1"
-0.44,0.266680534671407,"t, df = 1"
-0.43,0.268638607632535,"t, df = 1"
-0.42,0.270579638034504,"t, df = 1"
-0.41,0.27250225681345,"t, df = 1"
-0.399999999999999,0.274405074296371,"t, df = 1"
-0.39,0.276286681871184,"t, df = 1"
-0.38,0.278145653778216,"t, df = 1"
-0.37,0.279980549022597,"t, df = 1"
-0.36,0.28178991340633,"t, df = 1"
-0.35,0.28357228167821,"t, df = 1"
-0.34,0.285326179799024,"t, df = 1"
-0.33,0.287050127318776,"t, df = 1"
-0.32,0.288742639861929,"t, df = 1"
-0.31,0.290402231715893,"t, df = 1"
-0.3,0.292027418517239,"t, df = 1"
-0.29,0.293616720029324,"t, df = 1"
-0.28,0.295168663004257,"t, df = 1"
-0.27,0.296681784121345,"t, df = 1"
-0.26,0.298154632993435,"t, df = 1"
-0.25,0.299585775231803,"t, df = 1"
-0.24,0.30097379555956,"t, df = 1"
-0.23,0.302317300962856,"t, df = 1"
-0.22,0.303614923868553,"t, df = 1"
-0.21,0.304865325336453,"t, df = 1"
-0.2,0.306067198253645,"t, df = 1"
-0.19,0.307219270518088,"t, df = 1"
-0.18,0.30832030819817,"t, df = 1"
-0.17,0.309369118654671,"t, df = 1"
-0.16,0.31036455361134,"t, df = 1"
-0.149999999999999,0.311305512160187,"t, df = 1"
-0.14,0.312190943687515,"t, df = 1"
-0.13,0.313019850706845,"t, df = 1"
-0.12,0.313791291584967,"t, df = 1"
-0.11,0.314504383147703,"t, df = 1"
-0.0999999999999996,0.315158303152268,"t, df = 1"
-0.0899999999999999,0.31575229261362,"t, df = 1"
-0.0800000000000001,0.316285657972765,"t, df = 1"
-0.0700000000000003,0.316757773095622,"t, df = 1"
-0.0599999999999996,0.31716808109186,"t, df = 1"
-0.0499999999999998,0.317516095943931,"t, df = 1"
-0.04,0.317801403937491,"t, df = 1"
-0.0300000000000002,0.318023664885394,"t, df = 1"
-0.0199999999999996,0.318182613138535,"t, df = 1"
-0.00999999999999979,0.318278058377953,"t, df = 1"
0,0.318309886183791,"t, df = 1"
0.00999999999999979,0.318278058377953,"t, df = 1"
0.0200000000000005,0.318182613138535,"t, df = 1"
0.0300000000000002,0.318023664885394,"t, df = 1"
0.04,0.317801403937491,"t, df = 1"
0.0499999999999998,0.317516095943931,"t, df = 1"
0.0600000000000005,0.31716808109186,"t, df = 1"
0.0700000000000003,0.316757773095622,"t, df = 1"
0.0800000000000001,0.316285657972765,"t, df = 1"
0.0899999999999999,0.31575229261362,"t, df = 1"
0.100000000000001,0.315158303152268,"t, df = 1"
0.11,0.314504383147703,"t, df = 1"
0.12,0.313791291584967,"t, df = 1"
0.13,0.313019850706845,"t, df = 1"
0.14,0.312190943687515,"t, df = 1"
0.15,0.311305512160186,"t, df = 1"
0.16,0.31036455361134,"t, df = 1"
0.17,0.309369118654671,"t, df = 1"
0.18,0.30832030819817,"t, df = 1"
0.19,0.307219270518088,"t, df = 1"
0.2,0.306067198253645,"t, df = 1"
0.21,0.304865325336453,"t, df = 1"
0.22,0.303614923868553,"t, df = 1"
0.23,0.302317300962856,"t, df = 1"
0.24,0.30097379555956,"t, df = 1"
0.25,0.299585775231803,"t, df = 1"
0.26,0.298154632993435,"t, df = 1"
0.27,0.296681784121345,"t, df = 1"
0.28,0.295168663004257,"t, df = 1"
0.29,0.293616720029324,"t, df = 1"
0.3,0.292027418517239,"t, df = 1"
0.31,0.290402231715893,"t, df = 1"
0.32,0.288742639861929,"t, df = 1"
0.33,0.287050127318776,"t, df = 1"
0.34,0.285326179799024,"t, df = 1"
0.350000000000001,0.28357228167821,"t, df = 1"
0.36,0.28178991340633,"t, df = 1"
0.37,0.279980549022597,"t, df = 1"
0.38,0.278145653778216,"t, df = 1"
0.39,0.276286681871184,"t, df = 1"
0.4,0.274405074296371,"t, df = 1"
0.41,0.27250225681345,"t, df = 1"
0.42,0.270579638034504,"t, df = 1"
0.43,0.268638607632535,"t, df = 1"
0.44,0.266680534671406,"t, df = 1"
0.45,0.264706766057206,"t, df = 1"
0.46,0.262718625110425,"t, df = 1"
0.47,0.260717410257835,"t, df = 1"
0.48,0.258704393842483,"t, df = 1"
0.49,0.256680821049747,"t, df = 1"
0.5,0.254647908947033,"t, df = 1"
0.51,0.252606845634307,"t, df = 1"
0.52,0.250558789502354,"t, df = 1"
0.53,0.248504868595355,"t, df = 1"
0.54,0.246446180074164,"t, df = 1"
0.55,0.244383789776423,"t, df = 1"
0.56,0.242318731869512,"t, df = 1"
0.57,0.240252008592189,"t, df = 1"
0.58,0.238184590080658,"t, df = 1"
0.59,0.23611741427475,"t, df = 1"
0.6,0.234051386899846,"t, df = 1"
0.61,0.231987381520145,"t, df = 1"
0.62,0.229926239658907,"t, df = 1"
0.63,0.227868770981309,"t, df = 1"
0.64,0.225815753535606,"t, df = 1"
0.65,0.223767934048359,"t, df = 1"
0.66,0.221726028269567,"t, df = 1"
0.67,0.219690721363649,"t, df = 1"
0.68,0.217662668342308,"t, df = 1"
0.69,0.215642494535459,"t, df = 1"
0.7,0.213630796096504,"t, df = 1"
0.71,0.211628140538389,"t, df = 1"
0.72,0.209635067297017,"t, df = 1"
0.73,0.207652088318736,"t, df = 1"
0.74,0.205679688668771,"t, df = 1"
0.75,0.203718327157626,"t, df = 1"
0.76,0.201768436982626,"t, df = 1"
0.77,0.199830426381939,"t, df = 1"
0.78,0.197904679298552,"t, df = 1"
0.79,0.195991556051838,"t, df = 1"
0.8,0.194091394014507,"t, df = 1"
0.81,0.192204508292851,"t, df = 1"
0.82,0.19033119240839,"t, df = 1"
0.83,0.188471718979093,"t, df = 1"
0.84,0.186626340398564,"t, df = 1"
0.85,0.184795289511635,"t, df = 1"
0.86,0.182978780285003,"t, df = 1"
0.87,0.181177008471621,"t, df = 1"
0.88,0.179390152267691,"t, df = 1"
0.89,0.177618372961214,"t, df = 1"
0.9,0.175861815571155,"t, df = 1"
0.91,0.174120609476391,"t, df = 1"
0.92,0.172394869033682,"t, df = 1"
0.93,0.170684694184026,"t, df = 1"
0.94,0.16899017104682,"t, df = 1"
0.95,0.167311372501335,"t, df = 1"
0.96,0.165648358755095,"t, df = 1"
0.97,0.164001177898805,"t, df = 1"
0.98,0.162369866447557,"t, df = 1"
0.99,0.160754449868083,"t, df = 1"
1,0.159154943091895,"t, df = 1"
1.01,0.157571351014203,"t, df = 1"
1.02,0.156003668978529,"t, df = 1"
1.03,0.154451883247023,"t, df = 1"
1.04,0.152915971456471,"t, df = 1"
1.05,0.151395903060067,"t, df = 1"
1.06,0.149891639755034,"t, df = 1"
1.07,0.148403135896215,"t, df = 1"
1.08,0.146930338895767,"t, df = 1"
1.09,0.145473189609154,"t, df = 1"
1.1,0.144031622707598,"t, df = 1"
1.11,0.142605567037225,"t, df = 1"
1.12,0.141194945965131,"t, df = 1"
1.13,0.139799677712588,"t, df = 1"
1.14,0.138419675675679,"t, df = 1"
1.15,0.137054848733602,"t, df = 1"
1.16,0.135705101544931,"t, df = 1"
1.17,0.134370334832112,"t, df = 1"
1.18,0.133050445654485,"t, df = 1"
1.19,0.131745327670126,"t, df = 1"
1.2,0.130454871386799,"t, df = 1"
1.21,0.129178964402334,"t, df = 1"
1.22,0.127917491634701,"t, df = 1"
1.23,0.126670335542119,"t, df = 1"
1.24,0.125437376333461,"t, df = 1"
1.25,0.124218492169284,"t, df = 1"
1.26,0.123013559353761,"t, df = 1"
1.27,0.121822452517812,"t, df = 1"
1.28,0.120645044793735,"t, df = 1"
1.29,0.119481207981604,"t, df = 1"
1.3,0.118330812707729,"t, df = 1"
1.31,0.117193728575454,"t, df = 1"
1.32,0.116069824308558,"t, df = 1"
1.33,0.114958967887533,"t, df = 1"
1.34,0.113861026678992,"t, df = 1"
1.35,0.112775867558473,"t, df = 1"
1.36,0.111703357026878,"t, df = 1"
1.37,0.110643361320793,"t, df = 1"
1.38,0.109595746516937,"t, df = 1"
1.39,0.108560378630944,"t, df = 1"
1.4,0.10753712371074,"t, df = 1"
1.41,0.106525847924698,"t, df = 1"
1.42,0.105526417644805,"t, df = 1"
1.43,0.104538699525039,"t, df = 1"
1.44,0.103562560575153,"t, df = 1"
1.45,0.10259786823007,"t, df = 1"
1.46,0.101644490415056,"t, df = 1"
1.47,0.100702295606881,"t, df = 1"
1.48,0.0997711528911079,"t, df = 1"
1.49,0.0988509320157109,"t, df = 1"
1.5,0.0979415034411664,"t, df = 1"
1.51,0.0970427383871805,"t, df = 1"
1.52,0.0961545088762055,"t, df = 1"
1.53,0.0952766877738905,"t, df = 1"
1.54,0.0944091488266078,"t, df = 1"
1.55,0.0935517666961913,"t, df = 1"
1.56,0.0927044169920173,"t, df = 1"
1.57,0.0918669763005543,"t, df = 1"
1.58,0.0910393222125016,"t, df = 1"
1.59,0.0902213333476349,"t, df = 1"
1.6,0.0894128893774693,"t, df = 1"
1.61,0.088613871045848,"t, df = 1"
1.62,0.0878241601875595,"t, df = 1"
1.63,0.0870436397450821,"t, df = 1"
1.64,0.0862721937835512,"t, df = 1"
1.65,0.0855097075040405,"t, df = 1"
1.66,0.084756067255243,"t, df = 1"
1.67,0.0840111605436382,"t, df = 1"
1.68,0.0832748760422224,"t, df = 1"
1.69,0.0825471035978814,"t, df = 1"
1.7,0.0818277342374783,"t, df = 1"
1.71,0.0811166601727251,"t, df = 1"
1.72,0.0804137748039083,"t, df = 1"
1.73,0.0797189727225301,"t, df = 1"
1.74,0.0790321497129284,"t, df = 1"
1.75,0.0783532027529331,"t, df = 1"
1.76,0.0776820300136155,"t, df = 1"
1.77,0.0770185308581845,"t, df = 1"
1.78,0.0763626058400803,"t, df = 1"
1.79,0.0757141567003141,"t, df = 1"
1.8,0.0750730863641016,"t, df = 1"
1.81,0.0744392989368328,"t, df = 1"
1.82,0.0738126996994227,"t, df = 1"
1.83,0.0731931951030814,"t, df = 1"
1.84,0.0725806927635422,"t, df = 1"
1.85,0.0719751014547859,"t, df = 1"
1.86,0.071376331102294,"t, df = 1"
1.87,0.0707842927758657,"t, df = 1"
1.88,0.0701988986820287,"t, df = 1"
1.89,0.069620062156075,"t, df = 1"
1.9,0.0690476976537507,"t, df = 1"
1.91,0.068481720742624,"t, df = 1"
1.92,0.0679220480931612,"t, df = 1"
1.93,0.0673685974695318,"t, df = 1"
1.94,0.0668212877201676,"t, df = 1"
1.95,0.066280038768098,"t, df = 1"
1.96,0.0657447716010804,"t, df = 1"
1.97,0.0652154082615482,"t, df = 1"
1.98,0.0646918718363935,"t, df = 1"
1.99,0.064174086446602,"t, df = 1"
2,0.0636619772367581,"t, df = 1"
2.01,0.0631554703644354,"t, df = 1"
2.02,0.0626544929894872,"t, df = 1"
2.03,0.0621589732632527,"t, df = 1"
2.04,0.0616688403176904,"t, df = 1"
2.05,0.0611840242544528,"t, df = 1"
2.06,0.0607044561339138,"t, df = 1"
2.07,0.0602300679641603,"t, df = 1"
2.08,0.0597607926899577,"t, df = 1"
2.09,0.0592965641817013,"t, df = 1"
2.1,0.0588373172243606,"t, df = 1"
2.11,0.058382987506427,"t, df = 1"
2.12,0.0579335116088728,"t, df = 1"
2.13,0.0574888269941286,"t, df = 1"
2.14,0.0570488719950876,"t, df = 1"
2.15,0.0566135858041424,"t, df = 1"
2.16,0.0561829084622618,"t, df = 1"
2.17,0.0557567808481127,"t, df = 1"
2.18,0.0553351446672329,"t, df = 1"
2.19,0.0549179424412606,"t, df = 1"
2.2,0.0545051174972244,"t, df = 1"
2.21,0.0540966139568992,"t, df = 1"
2.22,0.0536923767262315,"t, df = 1"
2.23,0.0532923514848383,"t, df = 1"
2.24,0.0528964846755834,"t, df = 1"
2.25,0.0525047234942335,"t, df = 1"
2.26,0.0521170158791982,"t, df = 1"
2.27,0.0517333105013556,"t, df = 1"
2.28,0.0513535567539672,"t, df = 1"
2.29,0.0509777047426836,"t, df = 1"
2.3,0.0506057052756424,"t, df = 1"
2.31,0.0502375098536624,"t, df = 1"
2.32,0.0498730706605338,"t, df = 1"
2.33,0.0495123405534058,"t, df = 1"
2.34,0.0491552730532755,"t, df = 1"
2.35,0.0488018223355754,"t, df = 1"
2.36,0.0484519432208644,"t, df = 1"
2.37,0.04810559116562,"t, df = 1"
2.38,0.0477627222531347,"t, df = 1"
2.39,0.0474232931845161,"t, df = 1"
2.4,0.0470872612697915,"t, df = 1"
2.41,0.046754584419117,"t, df = 1"
2.42,0.0464252211340923,"t, df = 1"
2.43,0.0460991304991804,"t, df = 1"
2.44,0.0457762721732327,"t, df = 1"
2.45,0.0454566063811197,"t, df = 1"
2.46,0.0451400939054669,"t, df = 1"
2.47,0.0448266960784958,"t, df = 1"
2.48,0.0445163747739694,"t, df = 1"
2.49,0.0442090923992432,"t, df = 1"
2.5,0.0439048118874194,"t, df = 1"
2.51,0.0436034966896057,"t, df = 1"
2.52,0.0433051107672767,"t, df = 1"
2.53,0.0430096185847384,"t, df = 1"
2.54,0.042716985101695,"t, df = 1"
2.55,0.0424271757659168,"t, df = 1"
2.56,0.0421401565060091,"t, df = 1"
2.57,0.0418558937242818,"t, df = 1"
2.58,0.0415743542897172,"t, df = 1"
2.59,0.0412955055310376,"t, df = 1"
2.6,0.0410193152298699,"t, df = 1"
2.61,0.0407457516140078,"t, df = 1"
2.62,0.0404747833507694,"t, df = 1"
2.63,0.0402063795404503,"t, df = 1"
2.64,0.0399405097098713,"t, df = 1"
2.65,0.0396771438060194,"t, df = 1"
2.66,0.0394162521897804,"t, df = 1"
2.67,0.0391578056297643,"t, df = 1"
2.68,0.03890177529622,"t, df = 1"
2.69,0.0386481327550407,"t, df = 1"
2.7,0.0383968499618565,"t, df = 1"
2.71,0.0381478992562158,"t, df = 1"
2.72,0.0379012533558524,"t, df = 1"
2.73,0.0376568853510382,"t, df = 1"
2.74,0.0374147686990209,"t, df = 1"
2.75,0.0371748772185449,"t, df = 1"
2.76,0.036937185084454,"t, df = 1"
2.77,0.0367016668223767,"t, df = 1"
2.78,0.036468297303491,"t, df = 1"
2.79,0.0362370517393689,"t, df = 1"
2.8,0.0360079056768994,"t, df = 1"
2.81,0.0357808349932881,"t, df = 1"
2.82,0.0355558158911343,"t, df = 1"
2.83,0.035332824893582,"t, df = 1"
2.84,0.0351118388395463,"t, df = 1"
2.85,0.0348928348790124,"t, df = 1"
2.86,0.0346757904684072,"t, df = 1"
2.87,0.0344606833660417,"t, df = 1"
2.88,0.0342474916276242,"t, df = 1"
2.89,0.0340361936018424,"t, df = 1"
2.9,0.0338267679260139,"t, df = 1"
2.91,0.0336191935218038,"t, df = 1"
2.92,0.0334134495910093,"t, df = 1"
2.93,0.0332095156114086,"t, df = 1"
2.94,0.0330073713326756,"t, df = 1"
2.95,0.0328069967723567,"t, df = 1"
2.96,0.032608372211911,"t, df = 1"
2.97,0.0324114781928123,"t, df = 1"
2.98,0.0322162955127111,"t, df = 1"
2.99,0.0320228052216568,"t, df = 1"
3,0.0318309886183791,"t, df = 1"
3.01,0.0316408272466268,"t, df = 1"
3.02,0.0314523028915646,"t, df = 1"
3.03,0.0312653975762252,"t, df = 1"
3.04,0.0310800935580173,"t, df = 1"
3.05,0.0308963733252891,"t, df = 1"
3.06,0.0307142195939433,"t, df = 1"
3.07,0.0305336153041075,"t, df = 1"
3.08,0.0303545436168552,"t, df = 1"
3.09,0.0301769879109783,"t, df = 1"
3.1,0.0300009317798106,"t, df = 1"
3.11,0.0298263590281004,"t, df = 1"
3.12,0.0296532536689327,"t, df = 1"
3.13,0.0294815999206986,"t, df = 1"
3.14,0.0293113822041135,"t, df = 1"
3.15,0.0291425851392804,"t, df = 1"
3.16,0.0289751935428006,"t, df = 1"
3.17,0.0288091924249283,"t, df = 1"
3.18,0.0286445669867707,"t, df = 1"
3.19,0.0284813026175312,"t, df = 1"
3.2,0.0283193848917963,"t, df = 1"
3.21,0.0281587995668643,"t, df = 1"
3.22,0.027999532580116,"t, df = 1"
3.23,0.0278415700464266,"t, df = 1"
3.24,0.0276848982556177,"t, df = 1"
3.25,0.0275295036699495,"t, df = 1"
3.26,0.0273753729216511,"t, df = 1"
3.27,0.027222492810491,"t, df = 1"
3.28,0.0270708503013838,"t, df = 1"
3.29,0.0269204325220347,"t, df = 1"
3.3,0.0267712267606216,"t, df = 1"
3.31,0.0266232204635116,"t, df = 1"
3.32,0.0264764012330143,"t, df = 1"
3.33,0.0263307568251694,"t, df = 1"
3.34,0.0261862751475691,"t, df = 1"
3.35,0.0260429442572134,"t, df = 1"
3.36,0.0259007523583999,"t, df = 1"
3.37,0.025759687800645,"t, df = 1"
3.38,0.0256197390766388,"t, df = 1"
3.39,0.0254808948202296,"t, df = 1"
3.4,0.0253431438044419,"t, df = 1"
3.41,0.025206474939523,"t, df = 1"
3.42,0.025070877271021,"t, df = 1"
3.43,0.0249363399778918,"t, df = 1"
3.44,0.0248028523706357,"t, df = 1"
3.45,0.0246704038894626,"t, df = 1"
3.46,0.0245389841024847,"t, df = 1"
3.47,0.0244085827039384,"t, df = 1"
3.48,0.0242791895124322,"t, df = 1"
3.49,0.0241507944692218,"t, df = 1"
3.5,0.0240233876365125,"t, df = 1"
3.51,0.0238969591957861,"t, df = 1"
3.52,0.0237714994461548,"t, df = 1"
3.53,0.0236469988027391,"t, df = 1"
3.54,0.0235234477950716,"t, df = 1"
3.55,0.023400837065524,"t, df = 1"
3.56,0.0232791573677591,"t, df = 1"
3.57,0.0231583995652053,"t, df = 1"
3.58,0.0230385546295555,"t, df = 1"
3.59,0.0229196136392876,"t, df = 1"
3.6,0.0228015677782085,"t, df = 1"
3.61,0.0226844083340192,"t, df = 1"
3.62,0.0225681266969024,"t, df = 1"
3.63,0.0224527143581312,"t, df = 1"
3.64,0.0223381629086985,"t, df = 1"
3.65,0.0222244640379676,"t, df = 1"
3.66,0.0221116095323426,"t, df = 1"
3.67,0.0219995912739594,"t, df = 1"
3.68,0.0218884012393959,"t, df = 1"
3.69,0.0217780314984018,"t, df = 1"
3.7,0.0216684742126474,"t, df = 1"
3.71,0.0215597216344911,"t, df = 1"
3.72,0.0214517661057655,"t, df = 1"
3.73,0.0213446000565813,"t, df = 1"
3.74,0.0212382160041495,"t, df = 1"
3.75,0.021132606551621,"t, df = 1"
3.76,0.0210277643869432,"t, df = 1"
3.77,0.020923682281734,"t, df = 1"
3.78,0.0208203530901723,"t, df = 1"
3.79,0.0207177697479052,"t, df = 1"
3.8,0.0206159252709709,"t, df = 1"
3.81,0.020514812754738,"t, df = 1"
3.82,0.0204144253728605,"t, df = 1"
3.83,0.0203147563762479,"t, df = 1"
3.84,0.0202157990920505,"t, df = 1"
3.85,0.0201175469226602,"t, df = 1"
3.86,0.0200199933447251,"t, df = 1"
3.87,0.0199231319081793,"t, df = 1"
3.88,0.0198269562352869,"t, df = 1"
3.89,0.0197314600196993,"t, df = 1"
3.9,0.0196366370255269,"t, df = 1"
3.91,0.0195424810864245,"t, df = 1"
3.92,0.0194489861046895,"t, df = 1"
3.93,0.0193561460503737,"t, df = 1"
3.94,0.0192639549604076,"t, df = 1"
3.95,0.0191724069377377,"t, df = 1"
3.96,0.0190814961504766,"t, df = 1"
3.97,0.0189912168310646,"t, df = 1"
3.98,0.0189015632754442,"t, df = 1"
3.99,0.0188125298422462,"t, df = 1"
4,0.0187241109519877,"t, df = 1"
4.01,0.0186363010862812,"t, df = 1"
4.02,0.0185490947870557,"t, df = 1"
4.03,0.0184624866557889,"t, df = 1"
4.04,0.0183764713527498,"t, df = 1"
4.05,0.0182910435962529,"t, df = 1"
4.06,0.0182061981619226,"t, df = 1"
4.07,0.0181219298819686,"t, df = 1"
4.08,0.0180382336444709,"t, df = 1"
4.09,0.0179551043926755,"t, df = 1"
4.1,0.0178725371243004,"t, df = 1"
4.11,0.0177905268908508,"t, df = 1"
4.12,0.017709068796944,"t, df = 1"
4.13,0.017628157999645,"t, df = 1"
4.14,0.01754778970781,"t, df = 1"
4.15,0.01746795918144,"t, df = 1"
4.16,0.0173886617310435,"t, df = 1"
4.17,0.0173098927170081,"t, df = 1"
4.18,0.0172316475489807,"t, df = 1"
4.19,0.0171539216852566,"t, df = 1"
4.2,0.0170767106321776,"t, df = 1"
4.21,0.0170000099435375,"t, df = 1"
4.22,0.0169238152199969,"t, df = 1"
4.23,0.0168481221085059,"t, df = 1"
4.24,0.0167729263017342,"t, df = 1"
4.25,0.0166982235375103,"t, df = 1"
4.26,0.0166240095982677,"t, df = 1"
4.27,0.0165502803104987,"t, df = 1"
4.28,0.0164770315442164,"t, df = 1"
4.29,0.0164042592124237,"t, df = 1"
4.3,0.0163319592705896,"t, df = 1"
4.31,0.016260127716133,"t, df = 1"
4.32,0.0161887605879135,"t, df = 1"
4.33,0.0161178539657293,"t, df = 1"
4.34,0.0160474039698215,"t, df = 1"
4.35,0.015977406760386,"t, df = 1"
4.36,0.0159078585370917,"t, df = 1"
4.37,0.015838755538605,"t, df = 1"
4.38,0.0157700940421212,"t, df = 1"
4.39,0.0157018703629022,"t, df = 1"
4.4,0.0156340808538208,"t, df = 1"
4.41,0.01556672190491,"t, df = 1"
4.42,0.0154997899429204,"t, df = 1"
4.43,0.0154332814308816,"t, df = 1"
4.44,0.015367192867671,"t, df = 1"
4.45,0.0153015207875876,"t, df = 1"
4.46,0.0152362617599318,"t, df = 1"
4.47,0.0151714123885911,"t, df = 1"
4.48,0.015106969311631,"t, df = 1"
4.49,0.0150429292008918,"t, df = 1"
4.5,0.0149792887615902,"t, df = 1"
4.51,0.0149160447319268,"t, df = 1"
4.52,0.0148531938826989,"t, df = 1"
4.53,0.014790733016918,"t, df = 1"
4.54,0.0147286589694326,"t, df = 1"
4.55,0.0146669686065564,"t, df = 1"
4.56,0.0146056588257007,"t, df = 1"
4.57,0.0145447265550124,"t, df = 1"
4.58,0.0144841687530164,"t, df = 1"
4.59,0.0144239824082631,"t, df = 1"
4.6,0.0143641645389797,"t, df = 1"
4.61,0.0143047121927275,"t, df = 1"
4.62,0.0142456224460621,"t, df = 1"
4.63,0.0141868924041998,"t, df = 1"
4.64,0.0141285192006867,"t, df = 1"
4.65,0.0140704999970733,"t, df = 1"
4.66,0.0140128319825931,"t, df = 1"
4.67,0.0139555123738449,"t, df = 1"
4.68,0.0138985384144802,"t, df = 1"
4.69,0.0138419073748936,"t, df = 1"
4.7,0.0137856165519182,"t, df = 1"
4.71,0.0137296632685241,"t, df = 1"
4.72,0.0136740448735218,"t, df = 1"
4.73,0.0136187587412683,"t, df = 1"
4.74,0.013563802271378,"t, df = 1"
4.75,0.0135091728884367,"t, df = 1"
4.76,0.0134548680417198,"t, df = 1"
4.77,0.0134008852049135,"t, df = 1"
4.78,0.0133472218758403,"t, df = 1"
4.79,0.0132938755761875,"t, df = 1"
4.8,0.0132408438512392,"t, df = 1"
4.81,0.0131881242696123,"t, df = 1"
4.82,0.0131357144229953,"t, df = 1"
4.83,0.0130836119258902,"t, df = 1"
4.84,0.0130318144153589,"t, df = 1"
4.85,0.0129803195507714,"t, df = 1"
4.86,0.0129291250135579,"t, df = 1"
4.87,0.0128782285069645,"t, df = 1"
4.88,0.0128276277558108,"t, df = 1"
4.89,0.0127773205062516,"t, df = 1"
4.9,0.0127273045255414,"t, df = 1"
4.91,0.0126775776018014,"t, df = 1"
4.92,0.0126281375437901,"t, df = 1"
4.93,0.0125789821806761,"t, df = 1"
4.94,0.0125301093618145,"t, df = 1"
4.95,0.0124815169565255,"t, df = 1"
4.96,0.012433202853876,"t, df = 1"
4.97,0.012385164962464,"t, df = 1"
4.98,0.0123374012102057,"t, df = 1"
4.99,0.012289909544125,"t, df = 1"
5,0.0122426879301458,"t, df = 1"
-5,0.00175743837880785,"t, df = 5"
-4.99,0.00177511276877181,"t, df = 5"
-4.98,0.00179298885454317,"t, df = 5"
-4.97,0.00181106918729677,"t, df = 5"
-4.96,0.00182935635326852,"t, df = 5"
-4.95,0.00184785297426934,"t, df = 5"
-4.94,0.00186656170820685,"t, df = 5"
-4.93,0.00188548524961513,"t, df = 5"
-4.92,0.0019046263301926,"t, df = 5"
-4.91,0.0019239877193481,"t, df = 5"
-4.9,0.00194357222475539,"t, df = 5"
-4.89,0.0019633826929162,"t, df = 5"
-4.88,0.00198342200973177,"t, df = 5"
-4.87,0.00200369310108338,"t, df = 5"
-4.86,0.0020241989334216,"t, df = 5"
-4.85,0.0020449425143647,"t, df = 5"
-4.84,0.00206592689330623,"t, df = 5"
-4.83,0.00208715516203191,"t, df = 5"
-4.82,0.00210863045534606,"t, df = 5"
-4.81,0.00213035595170759,"t, df = 5"
-4.8,0.00215233487387578,"t, df = 5"
-4.79,0.00217457048956606,"t, df = 5"
-4.78,0.0021970661121158,"t, df = 5"
-4.77,0.00221982510116034,"t, df = 5"
-4.76,0.00224285086331948,"t, df = 5"
-4.75,0.00226614685289448,"t, df = 5"
-4.74,0.00228971657257579,"t, df = 5"
-4.73,0.00231356357416168,"t, df = 5"
-4.72,0.00233769145928796,"t, df = 5"
-4.71,0.00236210388016884,"t, df = 5"
-4.7,0.00238680454034931,"t, df = 5"
-4.69,0.00241179719546898,"t, df = 5"
-4.68,0.00243708565403779,"t, df = 5"
-4.67,0.00246267377822357,"t, df = 5"
-4.66,0.00248856548465177,"t, df = 5"
-4.65,0.00251476474521748,"t, df = 5"
-4.64,0.00254127558790997,"t, df = 5"
-4.63,0.00256810209764986,"t, df = 5"
-4.62,0.00259524841713928,"t, df = 5"
-4.61,0.00262271874772498,"t, df = 5"
-4.6,0.00265051735027484,"t, df = 5"
-4.59,0.00267864854606779,"t, df = 5"
-4.58,0.00270711671769746,"t, df = 5"
-4.57,0.00273592630998967,"t, df = 5"
-4.56,0.00276508183093415,"t, df = 5"
-4.55,0.00279458785263041,"t, df = 5"
-4.54,0.00282444901224834,"t, df = 5"
-4.53,0.00285467001300344,"t, df = 5"
-4.52,0.00288525562514707,"t, df = 5"
-4.51,0.00291621068697196,"t, df = 5"
-4.5,0.00294754010583311,"t, df = 5"
-4.49,0.00297924885918437,"t, df = 5"
-4.48,0.00301134199563099,"t, df = 5"
-4.47,0.00304382463599824,"t, df = 5"
-4.46,0.00307670197441649,"t, df = 5"
-4.45,0.00310997927942286,"t, df = 5"
-4.44,0.0031436618950799,"t, df = 5"
-4.43,0.00317775524211119,"t, df = 5"
-4.42,0.00321226481905457,"t, df = 5"
-4.41,0.00324719620343287,"t, df = 5"
-4.4,0.00328255505294261,"t, df = 5"
-4.39,0.0033183471066609,"t, df = 5"
-4.38,0.00335457818627075,"t, df = 5"
-4.37,0.00339125419730518,"t, df = 5"
-4.36,0.00342838113041022,"t, df = 5"
-4.35,0.00346596506262732,"t, df = 5"
-4.34,0.00350401215869523,"t, df = 5"
-4.33,0.00354252867237177,"t, df = 5"
-4.32,0.00358152094777571,"t, df = 5"
-4.31,0.00362099542074917,"t, df = 5"
-4.3,0.00366095862024063,"t, df = 5"
-4.29,0.00370141716970907,"t, df = 5"
-4.28,0.00374237778854939,"t, df = 5"
-4.27,0.00378384729353952,"t, df = 5"
-4.26,0.00382583260030945,"t, df = 5"
-4.25,0.00386834072483253,"t, df = 5"
-4.24,0.00391137878493939,"t, df = 5"
-4.23,0.00395495400185477,"t, df = 5"
-4.22,0.00399907370175755,"t, df = 5"
-4.21,0.00404374531736437,"t, df = 5"
-4.2,0.00408897638953718,"t, df = 5"
-4.19,0.00413477456891498,"t, df = 5"
-4.18,0.00418114761757015,"t, df = 5"
-4.17,0.00422810341068977,"t, df = 5"
-4.16,0.00427564993828204,"t, df = 5"
-4.15,0.00432379530690855,"t, df = 5"
-4.14,0.00437254774144233,"t, df = 5"
-4.13,0.0044219155868523,"t, df = 5"
-4.12,0.0044719073100145,"t, df = 5"
-4.11,0.00452253150155023,"t, df = 5"
-4.1,0.00457379687769172,"t, df = 5"
-4.09,0.00462571228217555,"t, df = 5"
-4.08,0.00467828668816432,"t, df = 5"
-4.07,0.00473152920019675,"t, df = 5"
-4.06,0.00478544905616688,"t, df = 5"
-4.05,0.00484005562933238,"t, df = 5"
-4.04,0.00489535843035281,"t, df = 5"
-4.03,0.00495136710935781,"t, df = 5"
-4.02,0.00500809145804582,"t, df = 5"
-4.01,0.00506554141181376,"t, df = 5"
-4,0.00512372705191791,"t, df = 5"
-3.99,0.00518265860766662,"t, df = 5"
-3.98,0.00524234645864495,"t, df = 5"
-3.97,0.00530280113697196,"t, df = 5"
-3.96,0.00536403332959092,"t, df = 5"
-3.95,0.00542605388059277,"t, df = 5"
-3.94,0.00548887379357342,"t, df = 5"
-3.93,0.0055525042340252,"t, df = 5"
-3.92,0.0056169565317629,"t, df = 5"
-3.91,0.00568224218338484,"t, df = 5"
-3.9,0.0057483728547694,"t, df = 5"
-3.89,0.00581536038360738,"t, df = 5"
-3.88,0.00588321678197069,"t, df = 5"
-3.87,0.00595195423891783,"t, df = 5"
-3.86,0.0060215851231364,"t, df = 5"
-3.85,0.00609212198562332,"t, df = 5"
-3.84,0.00616357756240305,"t, df = 5"
-3.83,0.00623596477728426,"t, df = 5"
-3.82,0.00630929674465544,"t, df = 5"
-3.81,0.00638358677231977,"t, df = 5"
-3.8,0.00645884836436984,"t, df = 5"
-3.79,0.00653509522410257,"t, df = 5"
-3.78,0.00661234125697473,"t, df = 5"
-3.77,0.00669060057359957,"t, df = 5"
-3.76,0.00676988749278499,"t, df = 5"
-3.75,0.00685021654461359,"t, df = 5"
-3.74,0.00693160247356518,"t, df = 5"
-3.73,0.00701406024168204,"t, df = 5"
-3.72,0.00709760503177747,"t, df = 5"
-3.71,0.00718225225068794,"t, df = 5"
-3.7,0.0072680175325694,"t, df = 5"
-3.69,0.00735491674223809,"t, df = 5"
-3.68,0.00744296597855624,"t, df = 5"
-3.67,0.00753218157786314,"t, df = 5"
-3.66,0.00762258011745196,"t, df = 5"
-3.65,0.00771417841909275,"t, df = 5"
-3.64,0.00780699355260196,"t, df = 5"
-3.63,0.00790104283945895,"t, df = 5"
-3.62,0.00799634385646985,"t, df = 5"
-3.61,0.00809291443947907,"t, df = 5"
-3.6,0.00819077268712906,"t, df = 5"
-3.59,0.00828993696466839,"t, df = 5"
-3.58,0.00839042590780876,"t, df = 5"
-3.57,0.00849225842663118,"t, df = 5"
-3.56,0.00859545370954168,"t, df = 5"
-3.55,0.00870003122727683,"t, df = 5"
-3.54,0.00880601073695953,"t, df = 5"
-3.53,0.0089134122862053,"t, df = 5"
-3.52,0.00902225621727928,"t, df = 5"
-3.51,0.0091325631713044,"t, df = 5"
-3.5,0.00924435409252092,"t, df = 5"
-3.49,0.00935765023259756,"t, df = 5"
-3.48,0.00947247315499453,"t, df = 5"
-3.47,0.00958884473937866,"t, df = 5"
-3.46,0.00970678718609082,"t, df = 5"
-3.45,0.00982632302066596,"t, df = 5"
-3.44,0.00994747509840576,"t, df = 5"
-3.43,0.0100702666090041,"t, df = 5"
-3.42,0.0101947210812258,"t, df = 5"
-3.41,0.010320862387638,"t, df = 5"
-3.4,0.0104487147493952,"t, df = 5"
-3.39,0.0105783027410776,"t, df = 5"
-3.38,0.0107096512955824,"t, df = 5"
-3.37,0.0108427857090688,"t, df = 5"
-3.36,0.0109777316459562,"t, df = 5"
-3.35,0.0111145151439759,"t, df = 5"
-3.34,0.0112531626192761,"t, df = 5"
-3.33,0.0113937008715799,"t, df = 5"
-3.32,0.0115361570893963,"t, df = 5"
-3.31,0.0116805588552846,"t, df = 5"
-3.3,0.0118269341511712,"t, df = 5"
-3.29,0.0119753113637187,"t, df = 5"
-3.28,0.0121257192897478,"t, df = 5"
-3.27,0.0122781871417106,"t, df = 5"
-3.26,0.012432744553216,"t, df = 5"
-3.25,0.0125894215846057,"t, df = 5"
-3.24,0.0127482487285819,"t, df = 5"
-3.23,0.0129092569158843,"t, df = 5"
-3.22,0.0130724775210176,"t, df = 5"
-3.21,0.0132379423680282,"t, df = 5"
-3.2,0.0134056837363289,"t, df = 5"
-3.19,0.0135757343665723,"t, df = 5"
-3.18,0.013748127466571,"t, df = 5"
-3.17,0.0139228967172641,"t, df = 5"
-3.16,0.0141000762787294,"t, df = 5"
-3.15,0.0142797007962406,"t, df = 5"
-3.14,0.0144618054063671,"t, df = 5"
-3.13,0.014646425743118,"t, df = 5"
-3.12,0.014833597944126,"t, df = 5"
-3.11,0.0150233586568728,"t, df = 5"
-3.1,0.0152157450449528,"t, df = 5"
-3.09,0.0154107947943751,"t, df = 5"
-3.08,0.0156085461199013,"t, df = 5"
-3.07,0.0158090377714185,"t, df = 5"
-3.06,0.0160123090403453,"t, df = 5"
-3.05,0.0162183997660695,"t, df = 5"
-3.04,0.0164273503424151,"t, df = 5"
-3.03,0.0166392017241384,"t, df = 5"
-3.02,0.0168539954334483,"t, df = 5"
-3.01,0.0170717735665523,"t, df = 5"
-3,0.017292578800223,"t, df = 5"
-2.99,0.0175164543983845,"t, df = 5"
-2.98,0.0177434442187163,"t, df = 5"
-2.97,0.017973592719271,"t, df = 5"
-2.96,0.0182069449651043,"t, df = 5"
-2.95,0.0184435466349149,"t, df = 5"
-2.94,0.0186834440276897,"t, df = 5"
-2.93,0.0189266840693533,"t, df = 5"
-2.92,0.0191733143194171,"t, df = 5"
-2.91,0.0194233829776261,"t, df = 5"
-2.9,0.0196769388905985,"t, df = 5"
-2.89,0.0199340315584563,"t, df = 5"
-2.88,0.0201947111414414,"t, df = 5"
-2.87,0.0204590284665147,"t, df = 5"
-2.86,0.0207270350339337,"t, df = 5"
-2.85,0.0209987830238041,"t, df = 5"
-2.84,0.0212743253026016,"t, df = 5"
-2.83,0.0215537154296594,"t, df = 5"
-2.82,0.0218370076636157,"t, df = 5"
-2.81,0.0221242569688179,"t, df = 5"
-2.8,0.0224155190216773,"t, df = 5"
-2.79,0.022710850216969,"t, df = 5"
-2.78,0.0230103076740725,"t, df = 5"
-2.77,0.0233139492431465,"t, df = 5"
-2.76,0.0236218335112318,"t, df = 5"
-2.75,0.0239340198082774,"t, df = 5"
-2.74,0.0242505682130824,"t, df = 5"
-2.73,0.0245715395591475,"t, df = 5"
-2.72,0.0248969954404298,"t, df = 5"
-2.71,0.0252269982169924,"t, df = 5"
-2.7,0.0255616110205446,"t, df = 5"
-2.69,0.0259008977598609,"t, df = 5"
-2.68,0.0262449231260754,"t, df = 5"
-2.67,0.0265937525978408,"t, df = 5"
-2.66,0.0269474524463442,"t, df = 5"
-2.65,0.0273060897401727,"t, df = 5"
-2.64,0.0276697323500173,"t, df = 5"
-2.63,0.028038448953209,"t, df = 5"
-2.62,0.0284123090380756,"t, df = 5"
-2.61,0.0287913829081097,"t, df = 5"
-2.6,0.0291757416859393,"t, df = 5"
-2.59,0.0295654573170895,"t, df = 5"
-2.58,0.0299606025735248,"t, df = 5"
-2.57,0.0303612510569612,"t, df = 5"
-2.56,0.0307674772019377,"t, df = 5"
-2.55,0.0311793562786337,"t, df = 5"
-2.54,0.0315969643954231,"t, df = 5"
-2.53,0.0320203785011494,"t, df = 5"
-2.52,0.0324496763871131,"t, df = 5"
-2.51,0.0328849366887547,"t, df = 5"
-2.5,0.0333262388870228,"t, df = 5"
-2.49,0.0337736633094124,"t, df = 5"
-2.48,0.0342272911306587,"t, df = 5"
-2.47,0.0346872043730739,"t, df = 5"
-2.46,0.0351534859065096,"t, df = 5"
-2.45,0.0356262194479327,"t, df = 5"
-2.44,0.0361054895605957,"t, df = 5"
-2.43,0.0365913816527884,"t, df = 5"
-2.42,0.0370839819761532,"t, df = 5"
-2.41,0.0375833776235467,"t, df = 5"
-2.4,0.038089656526432,"t, df = 5"
-2.39,0.0386029074517822,"t, df = 5"
-2.38,0.0391232199984791,"t, df = 5"
-2.37,0.0396506845931859,"t, df = 5"
-2.36,0.0401853924856786,"t, df = 5"
-2.35,0.0407274357436126,"t, df = 5"
-2.34,0.041276907246709,"t, df = 5"
-2.33,0.0418339006803367,"t, df = 5"
-2.32,0.0423985105284725,"t, df = 5"
-2.31,0.0429708320660161,"t, df = 5"
-2.3,0.04355096135044,"t, df = 5"
-2.29,0.0441389952127514,"t, df = 5"
-2.28,0.0447350312477446,"t, df = 5"
-2.27,0.04533916780352,"t, df = 5"
-2.26,0.0459515039702479,"t, df = 5"
-2.25,0.046572139568152,"t, df = 5"
-2.24,0.0472011751346901,"t, df = 5"
-2.23,0.0478387119109055,"t, df = 5"
-2.22,0.0484848518269267,"t, df = 5"
-2.21,0.0491396974865877,"t, df = 5"
-2.2,0.0498033521511451,"t, df = 5"
-2.19,0.0504759197220645,"t, df = 5"
-2.18,0.0511575047228504,"t, df = 5"
-2.17,0.0518482122798928,"t, df = 5"
-2.16,0.0525481481023029,"t, df = 5"
-2.15,0.0532574184607103,"t, df = 5"
-2.14,0.0539761301649942,"t, df = 5"
-2.13,0.0547043905409197,"t, df = 5"
-2.12,0.0554423074056511,"t, df = 5"
-2.11,0.0561899890421132,"t, df = 5"
-2.1,0.0569475441721705,"t, df = 5"
-2.09,0.0577150819285971,"t, df = 5"
-2.08,0.0584927118258041,"t, df = 5"
-2.07,0.0592805437292988,"t, df = 5"
-2.06,0.0600786878238409,"t, df = 5"
-2.05,0.0608872545802703,"t, df = 5"
-2.04,0.0617063547209706,"t, df = 5"
-2.03,0.0625360991839435,"t, df = 5"
-2.02,0.0633765990854576,"t, df = 5"
-2.01,0.0642279656812458,"t, df = 5"
-2,0.0650903103262165,"t, df = 5"
-1.99,0.0659637444326512,"t, df = 5"
-1.98,0.0668483794268541,"t, df = 5"
-1.97,0.0677443267042265,"t, df = 5"
-1.96,0.0686516975827323,"t, df = 5"
-1.95,0.0695706032547264,"t, df = 5"
-1.94,0.0705011547371143,"t, df = 5"
-1.93,0.0714434628198135,"t, df = 5"
-1.92,0.0723976380124865,"t, df = 5"
-1.91,0.0733637904895166,"t, df = 5"
-1.9,0.0743420300331962,"t, df = 5"
-1.89,0.0753324659751008,"t, df = 5"
-1.88,0.0763352071356191,"t, df = 5"
-1.87,0.0773503617616119,"t, df = 5"
-1.86,0.0783780374621739,"t, df = 5"
-1.85,0.0794183411424704,"t, df = 5"
-1.84,0.0804713789356258,"t, df = 5"
-1.83,0.0815372561326364,"t, df = 5"
-1.82,0.0826160771102863,"t, df = 5"
-1.81,0.0837079452570417,"t, df = 5"
-1.8,0.0848129628969038,"t, df = 5"
-1.79,0.0859312312111972,"t, df = 5"
-1.78,0.0870628501582769,"t, df = 5"
-1.77,0.088207918391134,"t, df = 5"
-1.76,0.0893665331728845,"t, df = 5"
-1.75,0.0905387902901245,"t, df = 5"
-1.74,0.0917247839641406,"t, df = 5"
-1.73,0.0929246067599599,"t, df = 5"
-1.72,0.0941383494932336,"t, df = 5"
-1.71,0.0953661011349409,"t, df = 5"
-1.7,0.0966079487139118,"t, df = 5"
-1.69,0.0978639772171597,"t, df = 5"
-1.68,0.0991342694880249,"t, df = 5"
-1.67,0.100418906122127,"t, df = 5"
-1.66,0.101717965361131,"t, df = 5"
-1.65,0.103031522984328,"t, df = 5"
-1.64,0.10435965219804,"t, df = 5"
-1.63,0.105702423522864,"t, df = 5"
-1.62,0.107059904678758,"t, df = 5"
-1.61,0.108432160467993,"t, df = 5"
-1.6,0.109819252655991,"t, df = 5"
-1.59,0.111221239850061,"t, df = 5"
-1.58,0.112638177376072,"t, df = 5"
-1.57,0.114070117153085,"t, df = 5"
-1.56,0.115517107565973,"t, df = 5"
-1.55,0.116979193336075,"t, df = 5"
-1.54,0.118456415389917,"t, df = 5"
-1.53,0.119948810726044,"t, df = 5"
-1.52,0.121456412280018,"t, df = 5"
-1.51,0.122979248787625,"t, df = 5"
-1.5,0.124517344646355,"t, df = 5"
-1.49,0.126070719775213,"t, df = 5"
-1.48,0.127639389472925,"t, df = 5"
-1.47,0.129223364274617,"t, df = 5"
-1.46,0.130822649807026,"t, df = 5"
-1.45,0.132437246642349,"t, df = 5"
-1.44,0.134067150150784,"t, df = 5"
-1.43,0.135712350351879,"t, df = 5"
-1.42,0.13737283176477,"t, df = 5"
-1.41,0.139048573257412,"t, df = 5"
-1.4,0.140739547894915,"t, df = 5"
-1.39,0.142445722787082,"t, df = 5"
-1.38,0.144167058935286,"t, df = 5"
-1.37,0.14590351107879,"t, df = 5"
-1.36,0.147655027540652,"t, df = 5"
-1.35,0.149421550073338,"t, df = 5"
-1.34,0.151203013704195,"t, df = 5"
-1.33,0.152999346580923,"t, df = 5"
-1.32,0.154810469817194,"t, df = 5"
-1.31,0.156636297338585,"t, df = 5"
-1.3,0.158476735728983,"t, df = 5"
-1.29,0.160331684077633,"t, df = 5"
-1.28,0.162201033827005,"t, df = 5"
-1.27,0.164084668621662,"t, df = 5"
-1.26,0.165982464158311,"t, df = 5"
-1.25,0.167894288037246,"t, df = 5"
-1.24,0.169819999615358,"t, df = 5"
-1.23,0.171759449860939,"t, df = 5"
-1.22,0.173712481210483,"t, df = 5"
-1.21,0.175678927427696,"t, df = 5"
-1.2,0.177658613464936,"t, df = 5"
-1.19,0.179651355327324,"t, df = 5"
-1.18,0.181656959939742,"t, df = 5"
-1.17,0.183675225016962,"t, df = 5"
-1.16,0.185705938937146,"t, df = 5"
-1.15,0.187748880618972,"t, df = 5"
-1.14,0.189803819402623,"t, df = 5"
-1.13,0.191870514934906,"t, df = 5"
-1.12,0.193948717058756,"t, df = 5"
-1.11,0.196038165707383,"t, df = 5"
-1.1,0.198138590803346,"t, df = 5"
-1.09,0.200249712162796,"t, df = 5"
-1.08,0.202371239405183,"t, df = 5"
-1.07,0.204502871868698,"t, df = 5"
-1.06,0.206644298531711,"t, df = 5"
-1.05,0.208795197940503,"t, df = 5"
-1.04,0.210955238143563,"t, df = 5"
-1.03,0.213124076632722,"t, df = 5"
-1.02,0.215301360291422,"t, df = 5"
-1.01,0.217486725350389,"t, df = 5"
-1,0.219679797350981,"t, df = 5"
-0.99,0.221880191116516,"t, df = 5"
-0.98,0.224087510731832,"t, df = 5"
-0.97,0.226301349531356,"t, df = 5"
-0.96,0.228521290095977,"t, df = 5"
-0.95,0.230746904258959,"t, df = 5"
-0.94,0.232977753121178,"t, df = 5"
-0.93,0.235213387075944,"t, df = 5"
-0.92,0.23745334584365,"t, df = 5"
-0.91,0.239697158516503,"t, df = 5"
-0.9,0.24194434361359,"t, df = 5"
-0.89,0.244194409146486,"t, df = 5"
-0.88,0.246446852695663,"t, df = 5"
-0.87,0.248701161497899,"t, df = 5"
-0.86,0.250956812544895,"t, df = 5"
-0.85,0.253213272693312,"t, df = 5"
-0.84,0.255469998786401,"t, df = 5"
-0.83,0.257726437787421,"t, df = 5"
-0.82,0.259982026924989,"t, df = 5"
-0.81,0.26223619385053,"t, df = 5"
-0.8,0.264488356807958,"t, df = 5"
-0.79,0.266737924815714,"t, df = 5"
-0.78,0.268984297861275,"t, df = 5"
-0.77,0.271226867108216,"t, df = 5"
-0.76,0.27346501511591,"t, df = 5"
-0.75,0.275698116071937,"t, df = 5"
-0.74,0.277925536037218,"t, df = 5"
-0.73,0.280146633203927,"t, df = 5"
-0.72,0.282360758166171,"t, df = 5"
-0.71,0.284567254203426,"t, df = 5"
-0.7,0.286765457576698,"t, df = 5"
-0.69,0.288954697837362,"t, df = 5"
-0.68,0.291134298148589,"t, df = 5"
-0.67,0.293303575619276,"t, df = 5"
-0.66,0.295461841650358,"t, df = 5"
-0.65,0.297608402293367,"t, df = 5"
-0.64,0.299742558621058,"t, df = 5"
-0.63,0.301863607109939,"t, df = 5"
-0.62,0.303970840034482,"t, df = 5"
-0.61,0.306063545872783,"t, df = 5"
-0.6,0.30814100972342,"t, df = 5"
-0.59,0.310202513733228,"t, df = 5"
-0.58,0.312247337535689,"t, df = 5"
-0.57,0.314274758699598,"t, df = 5"
-0.56,0.316284053187682,"t, df = 5"
-0.55,0.31827449582476,"t, df = 5"
-0.54,0.320245360775086,"t, df = 5"
-0.53,0.322195922028413,"t, df = 5"
-0.52,0.32412545389438,"t, df = 5"
-0.51,0.326033231504706,"t, df = 5"
-0.5,0.327918531322747,"t, df = 5"
-0.49,0.329780631659876,"t, df = 5"
-0.48,0.331618813198166,"t, df = 5"
-0.47,0.333432359518827,"t, df = 5"
-0.46,0.335220557635811,"t, df = 5"
-0.45,0.336982698534014,"t, df = 5"
-0.44,0.33871807771145,"t, df = 5"
-0.43,0.340425995724774,"t, df = 5"
-0.42,0.342105758737512,"t, df = 5"
-0.41,0.343756679070339,"t, df = 5"
-0.399999999999999,0.345378075752733,"t, df = 5"
-0.39,0.346969275075307,"t, df = 5"
-0.38,0.348529611142133,"t, df = 5"
-0.37,0.350058426422342,"t, df = 5"
-0.36,0.351555072300273,"t, df = 5"
-0.35,0.353018909623454,"t, df = 5"
-0.34,0.354449309247664,"t, df = 5"
-0.33,0.355845652578346,"t, df = 5"
-0.32,0.357207332107617,"t, df = 5"
-0.31,0.358533751946127,"t, df = 5"
-0.3,0.35982432834901,"t, df = 5"
-0.29,0.361078490235191,"t, df = 5"
-0.28,0.362295679699277,"t, df = 5"
-0.27,0.363475352515305,"t, df = 5"
-0.26,0.364616978631589,"t, df = 5"
-0.25,0.365720042655943,"t, df = 5"
-0.24,0.366784044330541,"t, df = 5"
-0.23,0.367808498995705,"t, df = 5"
-0.22,0.368792938041902,"t, df = 5"
-0.21,0.369736909349268,"t, df = 5"
-0.2,0.37063997771397,"t, df = 5"
-0.19,0.371501725260734,"t, df = 5"
-0.18,0.372321751840915,"t, df = 5"
-0.17,0.373099675415449,"t, df = 5"
-0.16,0.373835132422103,"t, df = 5"
-0.149999999999999,0.374527778126423,"t, df = 5"
-0.14,0.37517728695582,"t, df = 5"
-0.13,0.375783352816254,"t, df = 5"
-0.12,0.376345689391,"t, df = 5"
-0.11,0.376864030421014,"t, df = 5"
-0.0999999999999996,0.377338129966431,"t, df = 5"
-0.0899999999999999,0.377767762648782,"t, df = 5"
-0.0800000000000001,0.378152723873508,"t, df = 5"
-0.0700000000000003,0.378492830032423,"t, df = 5"
-0.0599999999999996,0.37878791868578,"t, df = 5"
-0.0499999999999998,0.379037848723643,"t, df = 5"
-0.04,0.379242500506285,"t, df = 5"
-0.0300000000000002,0.379401775983398,"t, df = 5"
-0.0199999999999996,0.379515598791891,"t, df = 5"
-0.00999999999999979,0.379583914332131,"t, df = 5"
0,0.379606689822494,"t, df = 5"
0.00999999999999979,0.379583914332131,"t, df = 5"
0.0200000000000005,0.379515598791891,"t, df = 5"
0.0300000000000002,0.379401775983398,"t, df = 5"
0.04,0.379242500506285,"t, df = 5"
0.0499999999999998,0.379037848723643,"t, df = 5"
0.0600000000000005,0.37878791868578,"t, df = 5"
0.0700000000000003,0.378492830032423,"t, df = 5"
0.0800000000000001,0.378152723873508,"t, df = 5"
0.0899999999999999,0.377767762648782,"t, df = 5"
0.100000000000001,0.377338129966431,"t, df = 5"
0.11,0.376864030421014,"t, df = 5"
0.12,0.376345689391,"t, df = 5"
0.13,0.375783352816254,"t, df = 5"
0.14,0.37517728695582,"t, df = 5"
0.15,0.374527778126423,"t, df = 5"
0.16,0.373835132422103,"t, df = 5"
0.17,0.373099675415449,"t, df = 5"
0.18,0.372321751840915,"t, df = 5"
0.19,0.371501725260734,"t, df = 5"
0.2,0.37063997771397,"t, df = 5"
0.21,0.369736909349268,"t, df = 5"
0.22,0.368792938041902,"t, df = 5"
0.23,0.367808498995705,"t, df = 5"
0.24,0.366784044330541,"t, df = 5"
0.25,0.365720042655943,"t, df = 5"
0.26,0.364616978631589,"t, df = 5"
0.27,0.363475352515305,"t, df = 5"
0.28,0.362295679699277,"t, df = 5"
0.29,0.361078490235191,"t, df = 5"
0.3,0.35982432834901,"t, df = 5"
0.31,0.358533751946127,"t, df = 5"
0.32,0.357207332107617,"t, df = 5"
0.33,0.355845652578346,"t, df = 5"
0.34,0.354449309247664,"t, df = 5"
0.350000000000001,0.353018909623454,"t, df = 5"
0.36,0.351555072300273,"t, df = 5"
0.37,0.350058426422342,"t, df = 5"
0.38,0.348529611142133,"t, df = 5"
0.39,0.346969275075307,"t, df = 5"
0.4,0.345378075752733,"t, df = 5"
0.41,0.343756679070339,"t, df = 5"
0.42,0.342105758737512,"t, df = 5"
0.43,0.340425995724774,"t, df = 5"
0.44,0.33871807771145,"t, df = 5"
0.45,0.336982698534014,"t, df = 5"
0.46,0.335220557635811,"t, df = 5"
0.47,0.333432359518827,"t, df = 5"
0.48,0.331618813198166,"t, df = 5"
0.49,0.329780631659876,"t, df = 5"
0.5,0.327918531322747,"t, df = 5"
0.51,0.326033231504706,"t, df = 5"
0.52,0.32412545389438,"t, df = 5"
0.53,0.322195922028413,"t, df = 5"
0.54,0.320245360775086,"t, df = 5"
0.55,0.31827449582476,"t, df = 5"
0.56,0.316284053187682,"t, df = 5"
0.57,0.314274758699598,"t, df = 5"
0.58,0.312247337535689,"t, df = 5"
0.59,0.310202513733228,"t, df = 5"
0.6,0.30814100972342,"t, df = 5"
0.61,0.306063545872783,"t, df = 5"
0.62,0.303970840034482,"t, df = 5"
0.63,0.301863607109939,"t, df = 5"
0.64,0.299742558621058,"t, df = 5"
0.65,0.297608402293367,"t, df = 5"
0.66,0.295461841650358,"t, df = 5"
0.67,0.293303575619276,"t, df = 5"
0.68,0.291134298148589,"t, df = 5"
0.69,0.288954697837362,"t, df = 5"
0.7,0.286765457576698,"t, df = 5"
0.71,0.284567254203426,"t, df = 5"
0.72,0.282360758166171,"t, df = 5"
0.73,0.280146633203927,"t, df = 5"
0.74,0.277925536037218,"t, df = 5"
0.75,0.275698116071937,"t, df = 5"
0.76,0.27346501511591,"t, df = 5"
0.77,0.271226867108216,"t, df = 5"
0.78,0.268984297861275,"t, df = 5"
0.79,0.266737924815714,"t, df = 5"
0.8,0.264488356807958,"t, df = 5"
0.81,0.26223619385053,"t, df = 5"
0.82,0.259982026924989,"t, df = 5"
0.83,0.257726437787421,"t, df = 5"
0.84,0.255469998786401,"t, df = 5"
0.85,0.253213272693311,"t, df = 5"
0.86,0.250956812544895,"t, df = 5"
0.87,0.248701161497899,"t, df = 5"
0.88,0.246446852695663,"t, df = 5"
0.89,0.244194409146486,"t, df = 5"
0.9,0.24194434361359,"t, df = 5"
0.91,0.239697158516503,"t, df = 5"
0.92,0.23745334584365,"t, df = 5"
0.93,0.235213387075944,"t, df = 5"
0.94,0.232977753121178,"t, df = 5"
0.95,0.230746904258959,"t, df = 5"
0.96,0.228521290095977,"t, df = 5"
0.97,0.226301349531356,"t, df = 5"
0.98,0.224087510731831,"t, df = 5"
0.99,0.221880191116516,"t, df = 5"
1,0.219679797350981,"t, df = 5"
1.01,0.217486725350389,"t, df = 5"
1.02,0.215301360291422,"t, df = 5"
1.03,0.213124076632721,"t, df = 5"
1.04,0.210955238143563,"t, df = 5"
1.05,0.208795197940503,"t, df = 5"
1.06,0.206644298531711,"t, df = 5"
1.07,0.204502871868698,"t, df = 5"
1.08,0.202371239405183,"t, df = 5"
1.09,0.200249712162796,"t, df = 5"
1.1,0.198138590803346,"t, df = 5"
1.11,0.196038165707383,"t, df = 5"
1.12,0.193948717058756,"t, df = 5"
1.13,0.191870514934906,"t, df = 5"
1.14,0.189803819402623,"t, df = 5"
1.15,0.187748880618972,"t, df = 5"
1.16,0.185705938937146,"t, df = 5"
1.17,0.183675225016962,"t, df = 5"
1.18,0.181656959939742,"t, df = 5"
1.19,0.179651355327324,"t, df = 5"
1.2,0.177658613464935,"t, df = 5"
1.21,0.175678927427696,"t, df = 5"
1.22,0.173712481210483,"t, df = 5"
1.23,0.171759449860939,"t, df = 5"
1.24,0.169819999615357,"t, df = 5"
1.25,0.167894288037246,"t, df = 5"
1.26,0.165982464158311,"t, df = 5"
1.27,0.164084668621661,"t, df = 5"
1.28,0.162201033827005,"t, df = 5"
1.29,0.160331684077633,"t, df = 5"
1.3,0.158476735728983,"t, df = 5"
1.31,0.156636297338585,"t, df = 5"
1.32,0.154810469817194,"t, df = 5"
1.33,0.152999346580923,"t, df = 5"
1.34,0.151203013704195,"t, df = 5"
1.35,0.149421550073337,"t, df = 5"
1.36,0.147655027540652,"t, df = 5"
1.37,0.14590351107879,"t, df = 5"
1.38,0.144167058935286,"t, df = 5"
1.39,0.142445722787082,"t, df = 5"
1.4,0.140739547894914,"t, df = 5"
1.41,0.139048573257412,"t, df = 5"
1.42,0.13737283176477,"t, df = 5"
1.43,0.135712350351879,"t, df = 5"
1.44,0.134067150150784,"t, df = 5"
1.45,0.132437246642349,"t, df = 5"
1.46,0.130822649807026,"t, df = 5"
1.47,0.129223364274617,"t, df = 5"
1.48,0.127639389472925,"t, df = 5"
1.49,0.126070719775213,"t, df = 5"
1.5,0.124517344646355,"t, df = 5"
1.51,0.122979248787625,"t, df = 5"
1.52,0.121456412280018,"t, df = 5"
1.53,0.119948810726044,"t, df = 5"
1.54,0.118456415389917,"t, df = 5"
1.55,0.116979193336075,"t, df = 5"
1.56,0.115517107565973,"t, df = 5"
1.57,0.114070117153085,"t, df = 5"
1.58,0.112638177376072,"t, df = 5"
1.59,0.111221239850061,"t, df = 5"
1.6,0.109819252655991,"t, df = 5"
1.61,0.108432160467993,"t, df = 5"
1.62,0.107059904678758,"t, df = 5"
1.63,0.105702423522864,"t, df = 5"
1.64,0.10435965219804,"t, df = 5"
1.65,0.103031522984328,"t, df = 5"
1.66,0.101717965361131,"t, df = 5"
1.67,0.100418906122127,"t, df = 5"
1.68,0.0991342694880249,"t, df = 5"
1.69,0.0978639772171596,"t, df = 5"
1.7,0.0966079487139118,"t, df = 5"
1.71,0.0953661011349409,"t, df = 5"
1.72,0.0941383494932336,"t, df = 5"
1.73,0.0929246067599599,"t, df = 5"
1.74,0.0917247839641405,"t, df = 5"
1.75,0.0905387902901245,"t, df = 5"
1.76,0.0893665331728845,"t, df = 5"
1.77,0.088207918391134,"t, df = 5"
1.78,0.0870628501582768,"t, df = 5"
1.79,0.0859312312111972,"t, df = 5"
1.8,0.0848129628969038,"t, df = 5"
1.81,0.0837079452570416,"t, df = 5"
1.82,0.0826160771102862,"t, df = 5"
1.83,0.0815372561326364,"t, df = 5"
1.84,0.0804713789356258,"t, df = 5"
1.85,0.0794183411424704,"t, df = 5"
1.86,0.0783780374621738,"t, df = 5"
1.87,0.0773503617616119,"t, df = 5"
1.88,0.0763352071356191,"t, df = 5"
1.89,0.0753324659751008,"t, df = 5"
1.9,0.0743420300331962,"t, df = 5"
1.91,0.0733637904895166,"t, df = 5"
1.92,0.0723976380124865,"t, df = 5"
1.93,0.0714434628198135,"t, df = 5"
1.94,0.0705011547371142,"t, df = 5"
1.95,0.0695706032547263,"t, df = 5"
1.96,0.0686516975827323,"t, df = 5"
1.97,0.0677443267042265,"t, df = 5"
1.98,0.0668483794268541,"t, df = 5"
1.99,0.0659637444326511,"t, df = 5"
2,0.0650903103262165,"t, df = 5"
2.01,0.0642279656812458,"t, df = 5"
2.02,0.0633765990854575,"t, df = 5"
2.03,0.0625360991839435,"t, df = 5"
2.04,0.0617063547209706,"t, df = 5"
2.05,0.0608872545802703,"t, df = 5"
2.06,0.0600786878238409,"t, df = 5"
2.07,0.0592805437292987,"t, df = 5"
2.08,0.0584927118258041,"t, df = 5"
2.09,0.0577150819285971,"t, df = 5"
2.1,0.0569475441721705,"t, df = 5"
2.11,0.0561899890421132,"t, df = 5"
2.12,0.0554423074056511,"t, df = 5"
2.13,0.0547043905409197,"t, df = 5"
2.14,0.0539761301649941,"t, df = 5"
2.15,0.0532574184607103,"t, df = 5"
2.16,0.0525481481023029,"t, df = 5"
2.17,0.0518482122798928,"t, df = 5"
2.18,0.0511575047228504,"t, df = 5"
2.19,0.0504759197220645,"t, df = 5"
2.2,0.0498033521511451,"t, df = 5"
2.21,0.0491396974865877,"t, df = 5"
2.22,0.0484848518269267,"t, df = 5"
2.23,0.0478387119109055,"t, df = 5"
2.24,0.0472011751346901,"t, df = 5"
2.25,0.046572139568152,"t, df = 5"
2.26,0.0459515039702479,"t, df = 5"
2.27,0.0453391678035199,"t, df = 5"
2.28,0.0447350312477446,"t, df = 5"
2.29,0.0441389952127514,"t, df = 5"
2.3,0.04355096135044,"t, df = 5"
2.31,0.0429708320660161,"t, df = 5"
2.32,0.0423985105284725,"t, df = 5"
2.33,0.0418339006803367,"t, df = 5"
2.34,0.041276907246709,"t, df = 5"
2.35,0.0407274357436125,"t, df = 5"
2.36,0.0401853924856785,"t, df = 5"
2.37,0.0396506845931859,"t, df = 5"
2.38,0.0391232199984791,"t, df = 5"
2.39,0.0386029074517822,"t, df = 5"
2.4,0.038089656526432,"t, df = 5"
2.41,0.0375833776235467,"t, df = 5"
2.42,0.0370839819761532,"t, df = 5"
2.43,0.0365913816527884,"t, df = 5"
2.44,0.0361054895605956,"t, df = 5"
2.45,0.0356262194479327,"t, df = 5"
2.46,0.0351534859065096,"t, df = 5"
2.47,0.0346872043730739,"t, df = 5"
2.48,0.0342272911306587,"t, df = 5"
2.49,0.0337736633094124,"t, df = 5"
2.5,0.0333262388870228,"t, df = 5"
2.51,0.0328849366887547,"t, df = 5"
2.52,0.0324496763871131,"t, df = 5"
2.53,0.0320203785011494,"t, df = 5"
2.54,0.0315969643954231,"t, df = 5"
2.55,0.0311793562786337,"t, df = 5"
2.56,0.0307674772019376,"t, df = 5"
2.57,0.0303612510569612,"t, df = 5"
2.58,0.0299606025735248,"t, df = 5"
2.59,0.0295654573170895,"t, df = 5"
2.6,0.0291757416859393,"t, df = 5"
2.61,0.0287913829081096,"t, df = 5"
2.62,0.0284123090380756,"t, df = 5"
2.63,0.028038448953209,"t, df = 5"
2.64,0.0276697323500173,"t, df = 5"
2.65,0.0273060897401727,"t, df = 5"
2.66,0.0269474524463442,"t, df = 5"
2.67,0.0265937525978408,"t, df = 5"
2.68,0.0262449231260754,"t, df = 5"
2.69,0.0259008977598608,"t, df = 5"
2.7,0.0255616110205446,"t, df = 5"
2.71,0.0252269982169924,"t, df = 5"
2.72,0.0248969954404298,"t, df = 5"
2.73,0.0245715395591475,"t, df = 5"
2.74,0.0242505682130824,"t, df = 5"
2.75,0.0239340198082774,"t, df = 5"
2.76,0.0236218335112318,"t, df = 5"
2.77,0.0233139492431465,"t, df = 5"
2.78,0.0230103076740725,"t, df = 5"
2.79,0.022710850216969,"t, df = 5"
2.8,0.0224155190216773,"t, df = 5"
2.81,0.0221242569688179,"t, df = 5"
2.82,0.0218370076636157,"t, df = 5"
2.83,0.0215537154296594,"t, df = 5"
2.84,0.0212743253026016,"t, df = 5"
2.85,0.0209987830238041,"t, df = 5"
2.86,0.0207270350339337,"t, df = 5"
2.87,0.0204590284665147,"t, df = 5"
2.88,0.0201947111414414,"t, df = 5"
2.89,0.0199340315584563,"t, df = 5"
2.9,0.0196769388905985,"t, df = 5"
2.91,0.0194233829776261,"t, df = 5"
2.92,0.0191733143194171,"t, df = 5"
2.93,0.0189266840693533,"t, df = 5"
2.94,0.0186834440276897,"t, df = 5"
2.95,0.0184435466349149,"t, df = 5"
2.96,0.0182069449651043,"t, df = 5"
2.97,0.017973592719271,"t, df = 5"
2.98,0.0177434442187163,"t, df = 5"
2.99,0.0175164543983845,"t, df = 5"
3,0.017292578800223,"t, df = 5"
3.01,0.0170717735665523,"t, df = 5"
3.02,0.0168539954334483,"t, df = 5"
3.03,0.0166392017241384,"t, df = 5"
3.04,0.0164273503424151,"t, df = 5"
3.05,0.0162183997660695,"t, df = 5"
3.06,0.0160123090403453,"t, df = 5"
3.07,0.0158090377714185,"t, df = 5"
3.08,0.0156085461199013,"t, df = 5"
3.09,0.0154107947943751,"t, df = 5"
3.1,0.0152157450449528,"t, df = 5"
3.11,0.0150233586568728,"t, df = 5"
3.12,0.014833597944126,"t, df = 5"
3.13,0.014646425743118,"t, df = 5"
3.14,0.0144618054063671,"t, df = 5"
3.15,0.0142797007962406,"t, df = 5"
3.16,0.0141000762787294,"t, df = 5"
3.17,0.0139228967172641,"t, df = 5"
3.18,0.013748127466571,"t, df = 5"
3.19,0.0135757343665723,"t, df = 5"
3.2,0.0134056837363289,"t, df = 5"
3.21,0.0132379423680282,"t, df = 5"
3.22,0.0130724775210176,"t, df = 5"
3.23,0.0129092569158843,"t, df = 5"
3.24,0.0127482487285819,"t, df = 5"
3.25,0.0125894215846057,"t, df = 5"
3.26,0.012432744553216,"t, df = 5"
3.27,0.0122781871417106,"t, df = 5"
3.28,0.0121257192897478,"t, df = 5"
3.29,0.0119753113637187,"t, df = 5"
3.3,0.0118269341511712,"t, df = 5"
3.31,0.0116805588552846,"t, df = 5"
3.32,0.0115361570893963,"t, df = 5"
3.33,0.0113937008715799,"t, df = 5"
3.34,0.0112531626192761,"t, df = 5"
3.35,0.0111145151439759,"t, df = 5"
3.36,0.0109777316459562,"t, df = 5"
3.37,0.0108427857090688,"t, df = 5"
3.38,0.0107096512955824,"t, df = 5"
3.39,0.0105783027410776,"t, df = 5"
3.4,0.0104487147493952,"t, df = 5"
3.41,0.010320862387638,"t, df = 5"
3.42,0.0101947210812258,"t, df = 5"
3.43,0.0100702666090041,"t, df = 5"
3.44,0.00994747509840577,"t, df = 5"
3.45,0.00982632302066598,"t, df = 5"
3.46,0.0097067871860908,"t, df = 5"
3.47,0.00958884473937864,"t, df = 5"
3.48,0.00947247315499453,"t, df = 5"
3.49,0.00935765023259756,"t, df = 5"
3.5,0.00924435409252092,"t, df = 5"
3.51,0.0091325631713044,"t, df = 5"
3.52,0.00902225621727929,"t, df = 5"
3.53,0.00891341228620532,"t, df = 5"
3.54,0.00880601073695953,"t, df = 5"
3.55,0.00870003122727682,"t, df = 5"
3.56,0.00859545370954167,"t, df = 5"
3.57,0.00849225842663118,"t, df = 5"
3.58,0.00839042590780876,"t, df = 5"
3.59,0.00828993696466839,"t, df = 5"
3.6,0.00819077268712906,"t, df = 5"
3.61,0.00809291443947908,"t, df = 5"
3.62,0.00799634385646984,"t, df = 5"
3.63,0.00790104283945895,"t, df = 5"
3.64,0.00780699355260195,"t, df = 5"
3.65,0.00771417841909274,"t, df = 5"
3.66,0.00762258011745196,"t, df = 5"
3.67,0.00753218157786314,"t, df = 5"
3.68,0.00744296597855624,"t, df = 5"
3.69,0.0073549167422381,"t, df = 5"
3.7,0.00726801753256939,"t, df = 5"
3.71,0.00718225225068793,"t, df = 5"
3.72,0.00709760503177746,"t, df = 5"
3.73,0.00701406024168204,"t, df = 5"
3.74,0.00693160247356518,"t, df = 5"
3.75,0.00685021654461359,"t, df = 5"
3.76,0.00676988749278499,"t, df = 5"
3.77,0.00669060057359958,"t, df = 5"
3.78,0.00661234125697473,"t, df = 5"
3.79,0.00653509522410256,"t, df = 5"
3.8,0.00645884836436984,"t, df = 5"
3.81,0.00638358677231976,"t, df = 5"
3.82,0.00630929674465544,"t, df = 5"
3.83,0.00623596477728426,"t, df = 5"
3.84,0.00616357756240305,"t, df = 5"
3.85,0.00609212198562332,"t, df = 5"
3.86,0.0060215851231364,"t, df = 5"
3.87,0.00595195423891782,"t, df = 5"
3.88,0.00588321678197069,"t, df = 5"
3.89,0.00581536038360737,"t, df = 5"
3.9,0.0057483728547694,"t, df = 5"
3.91,0.00568224218338484,"t, df = 5"
3.92,0.0056169565317629,"t, df = 5"
3.93,0.0055525042340252,"t, df = 5"
3.94,0.00548887379357342,"t, df = 5"
3.95,0.00542605388059276,"t, df = 5"
3.96,0.00536403332959091,"t, df = 5"
3.97,0.00530280113697195,"t, df = 5"
3.98,0.00524234645864494,"t, df = 5"
3.99,0.00518265860766662,"t, df = 5"
4,0.00512372705191791,"t, df = 5"
4.01,0.00506554141181376,"t, df = 5"
4.02,0.00500809145804582,"t, df = 5"
4.03,0.00495136710935781,"t, df = 5"
4.04,0.00489535843035281,"t, df = 5"
4.05,0.00484005562933237,"t, df = 5"
4.06,0.00478544905616687,"t, df = 5"
4.07,0.00473152920019675,"t, df = 5"
4.08,0.00467828668816432,"t, df = 5"
4.09,0.00462571228217555,"t, df = 5"
4.1,0.00457379687769172,"t, df = 5"
4.11,0.00452253150155024,"t, df = 5"
4.12,0.0044719073100145,"t, df = 5"
4.13,0.0044219155868523,"t, df = 5"
4.14,0.00437254774144232,"t, df = 5"
4.15,0.00432379530690855,"t, df = 5"
4.16,0.00427564993828204,"t, df = 5"
4.17,0.00422810341068977,"t, df = 5"
4.18,0.00418114761757015,"t, df = 5"
4.19,0.00413477456891498,"t, df = 5"
4.2,0.00408897638953717,"t, df = 5"
4.21,0.00404374531736436,"t, df = 5"
4.22,0.00399907370175755,"t, df = 5"
4.23,0.00395495400185477,"t, df = 5"
4.24,0.00391137878493939,"t, df = 5"
4.25,0.00386834072483253,"t, df = 5"
4.26,0.00382583260030945,"t, df = 5"
4.27,0.00378384729353952,"t, df = 5"
4.28,0.00374237778854939,"t, df = 5"
4.29,0.00370141716970906,"t, df = 5"
4.3,0.00366095862024062,"t, df = 5"
4.31,0.00362099542074916,"t, df = 5"
4.32,0.00358152094777571,"t, df = 5"
4.33,0.00354252867237177,"t, df = 5"
4.34,0.00350401215869523,"t, df = 5"
4.35,0.00346596506262732,"t, df = 5"
4.36,0.00342838113041022,"t, df = 5"
4.37,0.00339125419730518,"t, df = 5"
4.38,0.00335457818627075,"t, df = 5"
4.39,0.0033183471066609,"t, df = 5"
4.4,0.00328255505294261,"t, df = 5"
4.41,0.00324719620343287,"t, df = 5"
4.42,0.00321226481905457,"t, df = 5"
4.43,0.00317775524211119,"t, df = 5"
4.44,0.0031436618950799,"t, df = 5"
4.45,0.00310997927942286,"t, df = 5"
4.46,0.00307670197441648,"t, df = 5"
4.47,0.00304382463599824,"t, df = 5"
4.48,0.00301134199563099,"t, df = 5"
4.49,0.00297924885918437,"t, df = 5"
4.5,0.00294754010583311,"t, df = 5"
4.51,0.00291621068697196,"t, df = 5"
4.52,0.00288525562514707,"t, df = 5"
4.53,0.00285467001300344,"t, df = 5"
4.54,0.00282444901224834,"t, df = 5"
4.55,0.00279458785263041,"t, df = 5"
4.56,0.00276508183093415,"t, df = 5"
4.57,0.00273592630998967,"t, df = 5"
4.58,0.00270711671769746,"t, df = 5"
4.59,0.00267864854606779,"t, df = 5"
4.6,0.00265051735027484,"t, df = 5"
4.61,0.00262271874772498,"t, df = 5"
4.62,0.00259524841713927,"t, df = 5"
4.63,0.00256810209764986,"t, df = 5"
4.64,0.00254127558790997,"t, df = 5"
4.65,0.00251476474521748,"t, df = 5"
4.66,0.00248856548465177,"t, df = 5"
4.67,0.00246267377822357,"t, df = 5"
4.68,0.00243708565403779,"t, df = 5"
4.69,0.00241179719546898,"t, df = 5"
4.7,0.00238680454034931,"t, df = 5"
4.71,0.00236210388016884,"t, df = 5"
4.72,0.00233769145928796,"t, df = 5"
4.73,0.00231356357416168,"t, df = 5"
4.74,0.00228971657257579,"t, df = 5"
4.75,0.00226614685289448,"t, df = 5"
4.76,0.00224285086331948,"t, df = 5"
4.77,0.00221982510116034,"t, df = 5"
4.78,0.0021970661121158,"t, df = 5"
4.79,0.00217457048956606,"t, df = 5"
4.8,0.00215233487387578,"t, df = 5"
4.81,0.00213035595170758,"t, df = 5"
4.82,0.00210863045534606,"t, df = 5"
4.83,0.00208715516203191,"t, df = 5"
4.84,0.00206592689330623,"t, df = 5"
4.85,0.0020449425143647,"t, df = 5"
4.86,0.0020241989334216,"t, df = 5"
4.87,0.00200369310108338,"t, df = 5"
4.88,0.00198342200973177,"t, df = 5"
4.89,0.00196338269291619,"t, df = 5"
4.9,0.00194357222475539,"t, df = 5"
4.91,0.0019239877193481,"t, df = 5"
4.92,0.0019046263301926,"t, df = 5"
4.93,0.00188548524961513,"t, df = 5"
4.94,0.00186656170820685,"t, df = 5"
4.95,0.00184785297426934,"t, df = 5"
4.96,0.00182935635326852,"t, df = 5"
4.97,0.00181106918729677,"t, df = 5"
4.98,0.00179298885454317,"t, df = 5"
4.99,0.00177511276877181,"t, df = 5"
5,0.00175743837880785,"t, df = 5"
-5,3.28889020529224e-05,"t, df = 30"
-4.99,3.38288677437581e-05,"t, df = 30"
-4.98,3.47955151609172e-05,"t, df = 30"
-4.97,3.57895920719707e-05,"t, df = 30"
-4.96,3.68118667752088e-05,"t, df = 30"
-4.95,3.78631286459856e-05,"t, df = 30"
-4.94,3.89441886969292e-05,"t, df = 30"
-4.93,4.00558801523456e-05,"t, df = 30"
-4.92,4.1199059037147e-05,"t, df = 30"
-4.91,4.23746047806477e-05,"t, df = 30"
-4.9,4.35834208355712e-05,"t, df = 30"
-4.89,4.48264353126275e-05,"t, df = 30"
-4.88,4.61046016310157e-05,"t, df = 30"
-4.87,4.74188991852285e-05,"t, df = 30"
-4.86,4.87703340285267e-05,"t, df = 30"
-4.85,5.01599395734729e-05,"t, df = 30"
-4.84,5.15887773099134e-05,"t, df = 30"
-4.83,5.30579375408073e-05,"t, df = 30"
-4.82,5.45685401363097e-05,"t, df = 30"
-4.81,5.6121735306523e-05,"t, df = 30"
-4.8,5.77187043933406e-05,"t, df = 30"
-4.79,5.93606606818127e-05,"t, df = 30"
-4.78,6.10488502314705e-05,"t, df = 30"
-4.77,6.27845527280627e-05,"t, df = 30"
-4.76,6.45690823561516e-05,"t, df = 30"
-4.75,6.64037886930417e-05,"t, df = 30"
-4.74,6.82900576245054e-05,"t, df = 30"
-4.73,7.02293122827937e-05,"t, df = 30"
-4.72,7.22230140074197e-05,"t, df = 30"
-4.71,7.42726633292108e-05,"t, df = 30"
-4.7,7.63798009781468e-05,"t, df = 30"
-4.69,7.85460089154919e-05,"t, df = 30"
-4.68,8.07729113907503e-05,"t, df = 30"
-4.67,8.30621760239844e-05,"t, df = 30"
-4.66,8.54155149140365e-05,"t, df = 30"
-4.65,8.78346857732091e-05,"t, df = 30"
-4.64,9.03214930889701e-05,"t, df = 30"
-4.63,9.28777893132526e-05,"t, df = 30"
-4.62,9.55054760799382e-05,"t, df = 30"
-4.61,9.8206505451109e-05,"t, df = 30"
-4.6,0.000100982881192679,"t, df = 30"
-4.59,0.00010383666008001,"t, df = 30"
-4.58,0.000106769953234139,"t, df = 30"
-4.57,0.000109784927489246,"t, df = 30"
-4.56,0.000112883806792015,"t, df = 30"
-4.55,0.000116068873633513,"t, df = 30"
-4.54,0.000119342470514293,"t, df = 30"
-4.53,0.000122707001443342,"t, df = 30"
-4.52,0.000126164933471603,"t, df = 30"
-4.51,0.000129718798260731,"t, df = 30"
-4.5,0.000133371193687803,"t, df = 30"
-4.49,0.000137124785486686,"t, df = 30"
-4.48,0.000140982308926793,"t, df = 30"
-4.47,0.000144946570529948,"t, df = 30"
-4.46,0.000149020449826121,"t, df = 30"
-4.45,0.000153206901148769,"t, df = 30"
-4.44,0.000157508955470558,"t, df = 30"
-4.43,0.000161929722280226,"t, df = 30"
-4.42,0.00016647239150139,"t, df = 30"
-4.41,0.000171140235454068,"t, df = 30"
-4.4,0.000175936610859738,"t, df = 30"
-4.39,0.000180864960890726,"t, df = 30"
-4.38,0.000185928817264766,"t, df = 30"
-4.37,0.000191131802385556,"t, df = 30"
-4.36,0.000196477631530136,"t, df = 30"
-4.35,0.000201970115083967,"t, df = 30"
-4.34,0.000207613160824543,"t, df = 30"
-4.33,0.000213410776254425,"t, df = 30"
-4.32,0.000219367070984557,"t, df = 30"
-4.31,0.00022548625916877,"t, df = 30"
-4.3,0.000231772661990344,"t, df = 30"
-4.29,0.000238230710201558,"t, df = 30"
-4.28,0.000244864946717106,"t, df = 30"
-4.27,0.000251680029262336,"t, df = 30"
-4.26,0.000258680733077202,"t, df = 30"
-4.25,0.000265871953676888,"t, df = 30"
-4.24,0.000273258709670028,"t, df = 30"
-4.23,0.000280846145635476,"t, df = 30"
-4.22,0.000288639535058585,"t, df = 30"
-4.21,0.000296644283327931,"t, df = 30"
-4.2,0.000304865930793489,"t, df = 30"
-4.19,0.000313310155887178,"t, df = 30"
-4.18,0.000321982778306796,"t, df = 30"
-4.17,0.000330889762264293,"t, df = 30"
-4.16,0.000340037219799391,"t, df = 30"
-4.15,0.000349431414159512,"t, df = 30"
-4.14,0.000359078763247019,"t, df = 30"
-4.13,0.000368985843134761,"t, df = 30"
-4.12,0.000379159391650914,"t, df = 30"
-4.11,0.00038960631203411,"t, df = 30"
-4.1,0.000400333676659862,"t, df = 30"
-4.09,0.000411348730839251,"t, df = 30"
-4.08,0.00042265889669092,"t, df = 30"
-4.07,0.000434271777087321,"t, df = 30"
-4.06,0.000446195159676238,"t, df = 30"
-4.05,0.000458437020978555,"t, df = 30"
-4.04,0.000471005530563278,"t, df = 30"
-4.03,0.000483909055300775,"t, df = 30"
-4.02,0.000497156163695216,"t, df = 30"
-4.01,0.000510755630297178,"t, df = 30"
-4,0.000524716440197408,"t, df = 30"
-3.99,0.00053904779360265,"t, df = 30"
-3.98,0.000553759110494533,"t, df = 30"
-3.97,0.000568860035372426,"t, df = 30"
-3.96,0.000584360442081202,"t, df = 30"
-3.95,0.00060027043872482,"t, df = 30"
-3.94,0.000616600372666634,"t, df = 30"
-3.93,0.000633360835617301,"t, df = 30"
-3.92,0.000650562668811187,"t, df = 30"
-3.91,0.000668216968272107,"t, df = 30"
-3.9,0.000686335090169228,"t, df = 30"
-3.89,0.000704928656263999,"t, df = 30"
-3.88,0.000724009559448847,"t, df = 30"
-3.87,0.000743589969378463,"t, df = 30"
-3.86,0.000763682338194415,"t, df = 30"
-3.85,0.000784299406343803,"t, df = 30"
-3.84,0.000805454208492681,"t, df = 30"
-3.83,0.000827160079534915,"t, df = 30"
-3.82,0.000849430660697111,"t, df = 30"
-3.81,0.000872279905740231,"t, df = 30"
-3.8,0.000895722087258488,"t, df = 30"
-3.79,0.00091977180307606,"t, df = 30"
-3.78,0.000944443982742127,"t, df = 30"
-3.77,0.000969753894124706,"t, df = 30"
-3.76,0.000995717150103725,"t, df = 30"
-3.75,0.00102234971536371,"t, df = 30"
-3.74,0.00104966791328644,"t, df = 30"
-3.73,0.00107768843294388,"t, df = 30"
-3.72,0.00110642833619157,"t, df = 30"
-3.71,0.00113590506486284,"t, df = 30"
-3.7,0.00116613644806376,"t, df = 30"
-3.69,0.00119714070956915,"t, df = 30"
-3.68,0.0012289364753195,"t, df = 30"
-3.67,0.00126154278101892,"t, df = 30"
-3.66,0.00129497907983392,"t, df = 30"
-3.65,0.00132926525019297,"t, df = 30"
-3.64,0.00136442160368651,"t, df = 30"
-3.63,0.00140046889306724,"t, df = 30"
-3.62,0.00143742832035026,"t, df = 30"
-3.61,0.00147532154501262,"t, df = 30"
-3.6,0.00151417069229181,"t, df = 30"
-3.59,0.00155399836158262,"t, df = 30"
-3.58,0.00159482763493158,"t, df = 30"
-3.57,0.00163668208562834,"t, df = 30"
-3.56,0.00167958578689309,"t, df = 30"
-3.55,0.00172356332065912,"t, df = 30"
-3.54,0.00176863978644938,"t, df = 30"
-3.53,0.00181484081034606,"t, df = 30"
-3.52,0.00186219255405181,"t, df = 30"
-3.51,0.00191072172404137,"t, df = 30"
-3.5,0.0019604555808021,"t, df = 30"
-3.49,0.0020114219481619,"t, df = 30"
-3.48,0.00206364922270285,"t, df = 30"
-3.47,0.00211716638325866,"t, df = 30"
-3.46,0.00217200300049425,"t, df = 30"
-3.45,0.00222818924656527,"t, df = 30"
-3.44,0.00228575590485541,"t, df = 30"
-3.43,0.00234473437978931,"t, df = 30"
-3.42,0.0024051567067185,"t, df = 30"
-3.41,0.00246705556187799,"t, df = 30"
-3.4,0.00253046427241067,"t, df = 30"
-3.39,0.00259541682645669,"t, df = 30"
-3.38,0.00266194788330499,"t, df = 30"
-3.37,0.00273009278360354,"t, df = 30"
-3.36,0.00279988755962531,"t, df = 30"
-3.35,0.00287136894558629,"t, df = 30"
-3.34,0.00294457438801204,"t, df = 30"
-3.33,0.00301954205614895,"t, df = 30"
-3.32,0.00309631085241624,"t, df = 30"
-3.31,0.00317492042289469,"t, df = 30"
-3.3,0.00325541116784758,"t, df = 30"
-3.29,0.00333782425226956,"t, df = 30"
-3.28,0.00342220161645864,"t, df = 30"
-3.27,0.00350858598660654,"t, df = 30"
-3.26,0.00359702088540225,"t, df = 30"
-3.25,0.00368755064264366,"t, df = 30"
-3.24,0.00378022040585173,"t, df = 30"
-3.23,0.00387507615088158,"t, df = 30"
-3.22,0.00397216469252471,"t, df = 30"
-3.21,0.00407153369509618,"t, df = 30"
-3.2,0.00417323168300051,"t, df = 30"
-3.19,0.00427730805126998,"t, df = 30"
-3.18,0.00438381307606821,"t, df = 30"
-3.17,0.00449279792515264,"t, df = 30"
-3.16,0.0046043146682883,"t, df = 30"
-3.15,0.00471841628760568,"t, df = 30"
-3.14,0.00483515668789511,"t, df = 30"
-3.13,0.00495459070682961,"t, df = 30"
-3.12,0.00507677412510853,"t, df = 30"
-3.11,0.00520176367651311,"t, df = 30"
-3.1,0.00532961705786582,"t, df = 30"
-3.09,0.00546039293888441,"t, df = 30"
-3.08,0.00559415097192191,"t, df = 30"
-3.07,0.0057309518015828,"t, df = 30"
-3.06,0.00587085707420633,"t, df = 30"
-3.05,0.00601392944720664,"t, df = 30"
-3.04,0.00616023259826011,"t, df = 30"
-3.03,0.00630983123432924,"t, df = 30"
-3.02,0.00646279110051268,"t, df = 30"
-3.01,0.00661917898871038,"t, df = 30"
-3,0.0067790627460931,"t, df = 30"
-2.99,0.00694251128336436,"t, df = 30"
-2.98,0.00710959458280388,"t, df = 30"
-2.97,0.00728038370607991,"t, df = 30"
-2.96,0.007454950801819,"t, df = 30"
-2.95,0.00763336911292007,"t, df = 30"
-2.94,0.00781571298360086,"t, df = 30"
-2.93,0.00800205786616298,"t, df = 30"
-2.92,0.00819248032746326,"t, df = 30"
-2.91,0.0083870580550771,"t, df = 30"
-2.9,0.0085858698631407,"t, df = 30"
-2.89,0.00878899569785786,"t, df = 30"
-2.88,0.00899651664265721,"t, df = 30"
-2.87,0.00920851492298544,"t, df = 30"
-2.86,0.00942507391072161,"t, df = 30"
-2.85,0.00964627812819786,"t, df = 30"
-2.84,0.00987221325181086,"t, df = 30"
-2.83,0.0101029661152089,"t, df = 30"
-2.82,0.0103386247120389,"t, df = 30"
-2.81,0.0105792781982366,"t, df = 30"
-2.8,0.0108250168938453,"t, df = 30"
-2.79,0.0110759322843455,"t, df = 30"
-2.78,0.0113321170214788,"t, df = 30"
-2.77,0.0115936649235498,"t, df = 30"
-2.76,0.0118606709751892,"t, df = 30"
-2.75,0.01213323132656,"t, df = 30"
-2.74,0.0124114432919895,"t, df = 30"
-2.73,0.0126954053480106,"t, df = 30"
-2.72,0.0129852171307932,"t, df = 30"
-2.71,0.013280979432948,"t, df = 30"
-2.7,0.013582794199686,"t, df = 30"
-2.69,0.0138907645243128,"t, df = 30"
-2.68,0.0142049946430427,"t, df = 30"
-2.67,0.01452558992911,"t, df = 30"
-2.66,0.0148526568861625,"t, df = 30"
-2.65,0.015186303140917,"t, df = 30"
-2.64,0.0155266374350565,"t, df = 30"
-2.63,0.0158737696163529,"t, df = 30"
-2.62,0.0162278106289939,"t, df = 30"
-2.61,0.0165888725030967,"t, df = 30"
-2.6,0.0169570683433875,"t, df = 30"
-2.59,0.0173325123170298,"t, df = 30"
-2.58,0.0177153196405801,"t, df = 30"
-2.57,0.0181056065660545,"t, df = 30"
-2.56,0.0185034903660838,"t, df = 30"
-2.55,0.0189090893181412,"t, df = 30"
-2.54,0.0193225226878209,"t, df = 30"
-2.53,0.0197439107111507,"t, df = 30"
-2.52,0.0201733745759182,"t, df = 30"
-2.51,0.0206110364019923,"t, df = 30"
-2.5,0.0210570192206217,"t, df = 30"
-2.49,0.0215114469526914,"t, df = 30"
-2.48,0.0219744443859191,"t, df = 30"
-2.47,0.022446137150973,"t, df = 30"
-2.46,0.0229266516964936,"t, df = 30"
-2.45,0.0234161152630009,"t, df = 30"
-2.44,0.0239146558556706,"t, df = 30"
-2.43,0.0244224022159617,"t, df = 30"
-2.42,0.0249394837920773,"t, df = 30"
-2.41,0.025466030708245,"t, df = 30"
-2.4,0.0260021737327969,"t, df = 30"
-2.39,0.0265480442450373,"t, df = 30"
-2.38,0.027103774200879,"t, df = 30"
-2.37,0.0276694960972363,"t, df = 30"
-2.36,0.0282453429351574,"t, df = 30"
-2.35,0.0288314481816845,"t, df = 30"
-2.34,0.0294279457304266,"t, df = 30"
-2.33,0.0300349698608323,"t, df = 30"
-2.32,0.0306526551961503,"t, df = 30"
-2.31,0.0312811366600656,"t, df = 30"
-2.3,0.0319205494320002,"t, df = 30"
-2.29,0.0325710289010677,"t, df = 30"
-2.28,0.0332327106186719,"t, df = 30"
-2.27,0.0339057302497404,"t, df = 30"
-2.26,0.0345902235225839,"t, df = 30"
-2.25,0.0352863261773749,"t, df = 30"
-2.24,0.035994173913238,"t, df = 30"
-2.23,0.0367139023339457,"t, df = 30"
-2.22,0.037445646892215,"t, df = 30"
-2.21,0.0381895428326002,"t, df = 30"
-2.2,0.0389457251329788,"t, df = 30"
-2.19,0.0397143284446277,"t, df = 30"
-2.18,0.040495487030889,"t, df = 30"
-2.17,0.0412893347044246,"t, df = 30"
-2.16,0.042096004763059,"t, df = 30"
-2.15,0.0429156299242158,"t, df = 30"
-2.14,0.0437483422579455,"t, df = 30"
-2.13,0.0445942731185541,"t, df = 30"
-2.12,0.0454535530748327,"t, df = 30"
-2.11,0.0463263118388988,"t, df = 30"
-2.1,0.0472126781936533,"t, df = 30"
-2.09,0.0481127799188652,"t, df = 30"
-2.08,0.0490267437158921,"t, df = 30"
-2.07,0.0499546951310485,"t, df = 30"
-2.06,0.0508967584776358,"t, df = 30"
-2.05,0.0518530567566468,"t, df = 30"
-2.04,0.0528237115761613,"t, df = 30"
-2.03,0.0538088430694496,"t, df = 30"
-2.02,0.0548085698118028,"t, df = 30"
-2.01,0.0558230087361089,"t, df = 30"
-2,0.056852275047198,"t, df = 30"
-1.99,0.057896482134978,"t, df = 30"
-1.98,0.0589557414863866,"t, df = 30"
-1.97,0.0600301625961848,"t, df = 30"
-1.96,0.0611198528766208,"t, df = 30"
-1.95,0.0622249175659935,"t, df = 30"
-1.94,0.0633454596361451,"t, df = 30"
-1.93,0.0644815796989187,"t, df = 30"
-1.92,0.0656333759116113,"t, df = 30"
-1.91,0.0668009438814626,"t, df = 30"
-1.9,0.0679843765692133,"t, df = 30"
-1.89,0.069183764191775,"t, df = 30"
-1.88,0.0703991941240522,"t, df = 30"
-1.87,0.0716307507999591,"t, df = 30"
-1.86,0.072878515612676,"t, df = 30"
-1.85,0.0741425668141913,"t, df = 30"
-1.84,0.0754229794141785,"t, df = 30"
-1.83,0.0767198250782559,"t, df = 30"
-1.82,0.0780331720256837,"t, df = 30"
-1.81,0.079363084926548,"t, df = 30"
-1.8,0.0807096247984908,"t, df = 30"
-1.79,0.0820728489030395,"t, df = 30"
-1.78,0.0834528106415972,"t, df = 30"
-1.77,0.0848495594511518,"t, df = 30"
-1.76,0.0862631406997674,"t, df = 30"
-1.75,0.0876935955819216,"t, df = 30"
-1.74,0.0891409610137527,"t, df = 30"
-1.73,0.0906052695282861,"t, df = 30"
-1.72,0.0920865491707068,"t, df = 30"
-1.71,0.0935848233937484,"t, df = 30"
-1.7,0.0951001109532717,"t, df = 30"
-1.69,0.0966324258041053,"t, df = 30"
-1.68,0.0981817769962238,"t, df = 30"
-1.67,0.0997481685713388,"t, df = 30"
-1.66,0.101331599459983,"t, df = 30"
-1.65,0.102932063379167,"t, df = 30"
-1.64,0.104549548730679,"t, df = 30"
-1.63,0.106184038500137,"t, df = 30"
-1.62,0.107835510156835,"t, df = 30"
-1.61,0.109503935554516,"t, df = 30"
-1.6,0.111189280833109,"t, df = 30"
-1.59,0.112891506321564,"t, df = 30"
-1.58,0.114610566441834,"t, df = 30"
-1.57,0.116346409614118,"t, df = 30"
-1.56,0.118098978163445,"t, df = 30"
-1.55,0.11986820822769,"t, df = 30"
-1.54,0.121654029667122,"t, df = 30"
-1.53,0.123456365975565,"t, df = 30"
-1.52,0.125275134193275,"t, df = 30"
-1.51,0.127110244821621,"t, df = 30"
-1.5,0.128961601739672,"t, df = 30"
-1.49,0.130829102122776,"t, df = 30"
-1.48,0.132712636363235,"t, df = 30"
-1.47,0.134612087993165,"t, df = 30"
-1.46,0.136527333609646,"t, df = 30"
-1.45,0.138458242802247,"t, df = 30"
-1.44,0.140404678083033,"t, df = 30"
-1.43,0.142366494819146,"t, df = 30"
-1.42,0.144343541168055,"t, df = 30"
-1.41,0.146335658015574,"t, df = 30"
-1.4,0.148342678916741,"t, df = 30"
-1.39,0.150364430039661,"t, df = 30"
-1.38,0.152400730112392,"t, df = 30"
-1.37,0.154451390372993,"t, df = 30"
-1.36,0.156516214522798,"t, df = 30"
-1.35,0.158594998683041,"t, df = 30"
-1.34,0.160687531354889,"t, df = 30"
-1.33,0.162793593383013,"t, df = 30"
-1.32,0.16491295792275,"t, df = 30"
-1.31,0.167045390410966,"t, df = 30"
-1.3,0.169190648540713,"t, df = 30"
-1.29,0.171348482239737,"t, df = 30"
-1.28,0.173518633652955,"t, df = 30"
-1.27,0.175700837128962,"t, df = 30"
-1.26,0.177894819210656,"t, df = 30"
-1.25,0.180100298630059,"t, df = 30"
-1.24,0.182316986307412,"t, df = 30"
-1.23,0.18454458535462,"t, df = 30"
-1.22,0.186782791083114,"t, df = 30"
-1.21,0.189031291016201,"t, df = 30"
-1.2,0.191289764905987,"t, df = 30"
-1.19,0.193557884754903,"t, df = 30"
-1.18,0.195835314841934,"t, df = 30"
-1.17,0.198121711753585,"t, df = 30"
-1.16,0.200416724419656,"t, df = 30"
-1.15,0.202719994153864,"t, df = 30"
-1.14,0.205031154699384,"t, df = 30"
-1.13,0.207349832279332,"t, df = 30"
-1.12,0.209675645652257,"t, df = 30"
-1.11,0.21200820617267,"t, df = 30"
-1.1,0.214347117856641,"t, df = 30"
-1.09,0.216691977452515,"t, df = 30"
-1.08,0.219042374516766,"t, df = 30"
-1.07,0.221397891495013,"t, df = 30"
-1.06,0.223758103808226,"t, df = 30"
-1.05,0.226122579944136,"t, df = 30"
-1.04,0.228490881553866,"t, df = 30"
-1.03,0.23086256355379,"t, df = 30"
-1.02,0.23323717423263,"t, df = 30"
-1.01,0.235614255363781,"t, df = 30"
-1,0.23799334232288,"t, df = 30"
-0.99,0.240373964210592,"t, df = 30"
-0.98,0.242755643980613,"t, df = 30"
-0.97,0.24513789857287,"t, df = 30"
-0.96,0.247520239051895,"t, df = 30"
-0.95,0.249902170750348,"t, df = 30"
-0.94,0.252283193417663,"t, df = 30"
-0.93,0.254662801373773,"t, df = 30"
-0.92,0.257040483667881,"t, df = 30"
-0.91,0.259415724242232,"t, df = 30"
-0.9,0.261788002100826,"t, df = 30"
-0.89,0.264156791483034,"t, df = 30"
-0.88,0.266521562042042,"t, df = 30"
-0.87,0.268881779028072,"t, df = 30"
-0.86,0.271236903476295,"t, df = 30"
-0.85,0.273586392399379,"t, df = 30"
-0.84,0.27592969898458,"t, df = 30"
-0.83,0.278266272795298,"t, df = 30"
-0.82,0.280595559977007,"t, df = 30"
-0.81,0.282917003467467,"t, df = 30"
-0.8,0.285230043211123,"t, df = 30"
-0.79,0.287534116377572,"t, df = 30"
-0.78,0.289828657584018,"t, df = 30"
-0.77,0.292113099121572,"t, df = 30"
-0.76,0.294386871185304,"t, df = 30"
-0.75,0.296649402107909,"t, df = 30"
-0.74,0.298900118596871,"t, df = 30"
-0.73,0.301138445974993,"t, df = 30"
-0.72,0.303363808424145,"t, df = 30"
-0.71,0.30557562923212,"t, df = 30"
-0.7,0.307773331042416,"t, df = 30"
-0.69,0.309956336106833,"t, df = 30"
-0.68,0.312124066540707,"t, df = 30"
-0.67,0.314275944580645,"t, df = 30"
-0.66,0.316411392844585,"t, df = 30"
-0.65,0.318529834594034,"t, df = 30"
-0.64,0.320630693998305,"t, df = 30"
-0.63,0.322713396400596,"t, df = 30"
-0.62,0.324777368585723,"t, df = 30"
-0.61,0.326822039049351,"t, df = 30"
-0.6,0.32884683826852,"t, df = 30"
-0.59,0.330851198973312,"t, df = 30"
-0.58,0.332834556419448,"t, df = 30"
-0.57,0.334796348661651,"t, df = 30"
-0.56,0.336736016827569,"t, df = 30"
-0.55,0.338653005392078,"t, df = 30"
-0.54,0.34054676245177,"t, df = 30"
-0.53,0.342416739999419,"t, df = 30"
-0.52,0.344262394198255,"t, df = 30"
-0.51,0.346083185655815,"t, df = 30"
-0.5,0.347878579697205,"t, df = 30"
-0.49,0.349648046637538,"t, df = 30"
-0.48,0.351391062053387,"t, df = 30"
-0.47,0.353107107053009,"t, df = 30"
-0.46,0.354795668545176,"t, df = 30"
-0.45,0.356456239506381,"t, df = 30"
-0.44,0.358088319246235,"t, df = 30"
-0.43,0.359691413670844,"t, df = 30"
-0.42,0.361265035543966,"t, df = 30"
-0.41,0.362808704745753,"t, df = 30"
-0.399999999999999,0.364321948528857,"t, df = 30"
-0.39,0.365804301771732,"t, df = 30"
-0.38,0.3672553072289,"t, df = 30"
-0.37,0.368674515778014,"t, df = 30"
-0.36,0.370061486663494,"t, df = 30"
-0.35,0.371415787736565,"t, df = 30"
-0.34,0.372736995691497,"t, df = 30"
-0.33,0.374024696297848,"t, df = 30"
-0.32,0.375278484628544,"t, df = 30"
-0.31,0.376497965283591,"t, df = 30"
-0.3,0.377682752609243,"t, df = 30"
-0.29,0.378832470912457,"t, df = 30"
-0.28,0.379946754670451,"t, df = 30"
-0.27,0.381025248735186,"t, df = 30"
-0.26,0.382067608532621,"t, df = 30"
-0.25,0.383073500256561,"t, df = 30"
-0.24,0.384042601056948,"t, df = 30"
-0.23,0.384974599222427,"t, df = 30"
-0.22,0.385869194357044,"t, df = 30"
-0.21,0.38672609755093,"t, df = 30"
-0.2,0.387545031544815,"t, df = 30"
-0.19,0.388325730888247,"t, df = 30"
-0.18,0.389067942091378,"t, df = 30"
-0.17,0.389771423770186,"t, df = 30"
-0.16,0.390435946785013,"t, df = 30"
-0.149999999999999,0.391061294372301,"t, df = 30"
-0.14,0.391647262269419,"t, df = 30"
-0.13,0.392193658832459,"t, df = 30"
-0.12,0.392700305146924,"t, df = 30"
-0.11,0.393167035131191,"t, df = 30"
-0.0999999999999996,0.393593695632679,"t, df = 30"
-0.0899999999999999,0.393980146516622,"t, df = 30"
-0.0800000000000001,0.394326260747386,"t, df = 30"
-0.0700000000000003,0.394631924462256,"t, df = 30"
-0.0599999999999996,0.394897037037621,"t, df = 30"
-0.0499999999999998,0.395121511147513,"t, df = 30"
-0.04,0.395305272814439,"t, df = 30"
-0.0300000000000002,0.395448261452474,"t, df = 30"
-0.0199999999999996,0.395550429902559,"t, df = 30"
-0.00999999999999979,0.395611744459995,"t, df = 30"
0,0.395632184894098,"t, df = 30"
0.00999999999999979,0.395611744459995,"t, df = 30"
0.0200000000000005,0.395550429902559,"t, df = 30"
0.0300000000000002,0.395448261452474,"t, df = 30"
0.04,0.395305272814439,"t, df = 30"
0.0499999999999998,0.395121511147513,"t, df = 30"
0.0600000000000005,0.394897037037621,"t, df = 30"
0.0700000000000003,0.394631924462256,"t, df = 30"
0.0800000000000001,0.394326260747386,"t, df = 30"
0.0899999999999999,0.393980146516622,"t, df = 30"
0.100000000000001,0.393593695632679,"t, df = 30"
0.11,0.393167035131191,"t, df = 30"
0.12,0.392700305146924,"t, df = 30"
0.13,0.392193658832459,"t, df = 30"
0.14,0.391647262269419,"t, df = 30"
0.15,0.391061294372301,"t, df = 30"
0.16,0.390435946785013,"t, df = 30"
0.17,0.389771423770186,"t, df = 30"
0.18,0.389067942091378,"t, df = 30"
0.19,0.388325730888247,"t, df = 30"
0.2,0.387545031544815,"t, df = 30"
0.21,0.38672609755093,"t, df = 30"
0.22,0.385869194357044,"t, df = 30"
0.23,0.384974599222427,"t, df = 30"
0.24,0.384042601056948,"t, df = 30"
0.25,0.383073500256561,"t, df = 30"
0.26,0.382067608532621,"t, df = 30"
0.27,0.381025248735186,"t, df = 30"
0.28,0.379946754670451,"t, df = 30"
0.29,0.378832470912457,"t, df = 30"
0.3,0.377682752609243,"t, df = 30"
0.31,0.376497965283591,"t, df = 30"
0.32,0.375278484628544,"t, df = 30"
0.33,0.374024696297848,"t, df = 30"
0.34,0.372736995691497,"t, df = 30"
0.350000000000001,0.371415787736565,"t, df = 30"
0.36,0.370061486663494,"t, df = 30"
0.37,0.368674515778014,"t, df = 30"
0.38,0.3672553072289,"t, df = 30"
0.39,0.365804301771732,"t, df = 30"
0.4,0.364321948528857,"t, df = 30"
0.41,0.362808704745753,"t, df = 30"
0.42,0.361265035543966,"t, df = 30"
0.43,0.359691413670844,"t, df = 30"
0.44,0.358088319246235,"t, df = 30"
0.45,0.356456239506381,"t, df = 30"
0.46,0.354795668545176,"t, df = 30"
0.47,0.353107107053009,"t, df = 30"
0.48,0.351391062053386,"t, df = 30"
0.49,0.349648046637538,"t, df = 30"
0.5,0.347878579697205,"t, df = 30"
0.51,0.346083185655815,"t, df = 30"
0.52,0.344262394198254,"t, df = 30"
0.53,0.342416739999419,"t, df = 30"
0.54,0.34054676245177,"t, df = 30"
0.55,0.338653005392078,"t, df = 30"
0.56,0.336736016827569,"t, df = 30"
0.57,0.334796348661651,"t, df = 30"
0.58,0.332834556419448,"t, df = 30"
0.59,0.330851198973312,"t, df = 30"
0.6,0.32884683826852,"t, df = 30"
0.61,0.326822039049351,"t, df = 30"
0.62,0.324777368585723,"t, df = 30"
0.63,0.322713396400596,"t, df = 30"
0.64,0.320630693998305,"t, df = 30"
0.65,0.318529834594034,"t, df = 30"
0.66,0.316411392844585,"t, df = 30"
0.67,0.314275944580645,"t, df = 30"
0.68,0.312124066540707,"t, df = 30"
0.69,0.309956336106833,"t, df = 30"
0.7,0.307773331042416,"t, df = 30"
0.71,0.30557562923212,"t, df = 30"
0.72,0.303363808424145,"t, df = 30"
0.73,0.301138445974992,"t, df = 30"
0.74,0.298900118596871,"t, df = 30"
0.75,0.296649402107909,"t, df = 30"
0.76,0.294386871185304,"t, df = 30"
0.77,0.292113099121572,"t, df = 30"
0.78,0.289828657584018,"t, df = 30"
0.79,0.287534116377572,"t, df = 30"
0.8,0.285230043211123,"t, df = 30"
0.81,0.282917003467467,"t, df = 30"
0.82,0.280595559977007,"t, df = 30"
0.83,0.278266272795298,"t, df = 30"
0.84,0.27592969898458,"t, df = 30"
0.85,0.273586392399379,"t, df = 30"
0.86,0.271236903476295,"t, df = 30"
0.87,0.268881779028072,"t, df = 30"
0.88,0.266521562042042,"t, df = 30"
0.89,0.264156791483034,"t, df = 30"
0.9,0.261788002100826,"t, df = 30"
0.91,0.259415724242232,"t, df = 30"
0.92,0.257040483667881,"t, df = 30"
0.93,0.254662801373773,"t, df = 30"
0.94,0.252283193417663,"t, df = 30"
0.95,0.249902170750348,"t, df = 30"
0.96,0.247520239051895,"t, df = 30"
0.97,0.24513789857287,"t, df = 30"
0.98,0.242755643980613,"t, df = 30"
0.99,0.240373964210592,"t, df = 30"
1,0.23799334232288,"t, df = 30"
1.01,0.235614255363781,"t, df = 30"
1.02,0.23323717423263,"t, df = 30"
1.03,0.23086256355379,"t, df = 30"
1.04,0.228490881553866,"t, df = 30"
1.05,0.226122579944136,"t, df = 30"
1.06,0.223758103808226,"t, df = 30"
1.07,0.221397891495013,"t, df = 30"
1.08,0.219042374516766,"t, df = 30"
1.09,0.216691977452515,"t, df = 30"
1.1,0.21434711785664,"t, df = 30"
1.11,0.21200820617267,"t, df = 30"
1.12,0.209675645652257,"t, df = 30"
1.13,0.207349832279332,"t, df = 30"
1.14,0.205031154699384,"t, df = 30"
1.15,0.202719994153864,"t, df = 30"
1.16,0.200416724419656,"t, df = 30"
1.17,0.198121711753585,"t, df = 30"
1.18,0.195835314841934,"t, df = 30"
1.19,0.193557884754903,"t, df = 30"
1.2,0.191289764905987,"t, df = 30"
1.21,0.189031291016201,"t, df = 30"
1.22,0.186782791083114,"t, df = 30"
1.23,0.18454458535462,"t, df = 30"
1.24,0.182316986307412,"t, df = 30"
1.25,0.180100298630059,"t, df = 30"
1.26,0.177894819210656,"t, df = 30"
1.27,0.175700837128962,"t, df = 30"
1.28,0.173518633652955,"t, df = 30"
1.29,0.171348482239737,"t, df = 30"
1.3,0.169190648540713,"t, df = 30"
1.31,0.167045390410966,"t, df = 30"
1.32,0.164912957922749,"t, df = 30"
1.33,0.162793593383013,"t, df = 30"
1.34,0.160687531354889,"t, df = 30"
1.35,0.158594998683041,"t, df = 30"
1.36,0.156516214522798,"t, df = 30"
1.37,0.154451390372993,"t, df = 30"
1.38,0.152400730112392,"t, df = 30"
1.39,0.150364430039661,"t, df = 30"
1.4,0.148342678916741,"t, df = 30"
1.41,0.146335658015574,"t, df = 30"
1.42,0.144343541168055,"t, df = 30"
1.43,0.142366494819146,"t, df = 30"
1.44,0.140404678083033,"t, df = 30"
1.45,0.138458242802247,"t, df = 30"
1.46,0.136527333609646,"t, df = 30"
1.47,0.134612087993165,"t, df = 30"
1.48,0.132712636363235,"t, df = 30"
1.49,0.130829102122776,"t, df = 30"
1.5,0.128961601739672,"t, df = 30"
1.51,0.127110244821621,"t, df = 30"
1.52,0.125275134193275,"t, df = 30"
1.53,0.123456365975565,"t, df = 30"
1.54,0.121654029667122,"t, df = 30"
1.55,0.11986820822769,"t, df = 30"
1.56,0.118098978163444,"t, df = 30"
1.57,0.116346409614118,"t, df = 30"
1.58,0.114610566441834,"t, df = 30"
1.59,0.112891506321564,"t, df = 30"
1.6,0.111189280833109,"t, df = 30"
1.61,0.109503935554515,"t, df = 30"
1.62,0.107835510156835,"t, df = 30"
1.63,0.106184038500137,"t, df = 30"
1.64,0.104549548730679,"t, df = 30"
1.65,0.102932063379167,"t, df = 30"
1.66,0.101331599459983,"t, df = 30"
1.67,0.0997481685713388,"t, df = 30"
1.68,0.0981817769962238,"t, df = 30"
1.69,0.0966324258041052,"t, df = 30"
1.7,0.0951001109532716,"t, df = 30"
1.71,0.0935848233937484,"t, df = 30"
1.72,0.0920865491707068,"t, df = 30"
1.73,0.090605269528286,"t, df = 30"
1.74,0.0891409610137526,"t, df = 30"
1.75,0.0876935955819216,"t, df = 30"
1.76,0.0862631406997674,"t, df = 30"
1.77,0.0848495594511517,"t, df = 30"
1.78,0.0834528106415971,"t, df = 30"
1.79,0.0820728489030395,"t, df = 30"
1.8,0.0807096247984908,"t, df = 30"
1.81,0.0793630849265479,"t, df = 30"
1.82,0.0780331720256836,"t, df = 30"
1.83,0.0767198250782559,"t, df = 30"
1.84,0.0754229794141785,"t, df = 30"
1.85,0.0741425668141912,"t, df = 30"
1.86,0.072878515612676,"t, df = 30"
1.87,0.0716307507999591,"t, df = 30"
1.88,0.0703991941240522,"t, df = 30"
1.89,0.0691837641917749,"t, df = 30"
1.9,0.0679843765692133,"t, df = 30"
1.91,0.0668009438814626,"t, df = 30"
1.92,0.0656333759116113,"t, df = 30"
1.93,0.0644815796989187,"t, df = 30"
1.94,0.0633454596361451,"t, df = 30"
1.95,0.0622249175659935,"t, df = 30"
1.96,0.0611198528766208,"t, df = 30"
1.97,0.0600301625961848,"t, df = 30"
1.98,0.0589557414863865,"t, df = 30"
1.99,0.057896482134978,"t, df = 30"
2,0.056852275047198,"t, df = 30"
2.01,0.0558230087361089,"t, df = 30"
2.02,0.0548085698118027,"t, df = 30"
2.03,0.0538088430694496,"t, df = 30"
2.04,0.0528237115761613,"t, df = 30"
2.05,0.0518530567566468,"t, df = 30"
2.06,0.0508967584776357,"t, df = 30"
2.07,0.0499546951310484,"t, df = 30"
2.08,0.0490267437158921,"t, df = 30"
2.09,0.0481127799188652,"t, df = 30"
2.1,0.0472126781936532,"t, df = 30"
2.11,0.0463263118388988,"t, df = 30"
2.12,0.0454535530748327,"t, df = 30"
2.13,0.0445942731185541,"t, df = 30"
2.14,0.0437483422579455,"t, df = 30"
2.15,0.0429156299242157,"t, df = 30"
2.16,0.042096004763059,"t, df = 30"
2.17,0.0412893347044246,"t, df = 30"
2.18,0.0404954870308891,"t, df = 30"
2.19,0.0397143284446276,"t, df = 30"
2.2,0.0389457251329787,"t, df = 30"
2.21,0.0381895428326002,"t, df = 30"
2.22,0.037445646892215,"t, df = 30"
2.23,0.0367139023339457,"t, df = 30"
2.24,0.035994173913238,"t, df = 30"
2.25,0.0352863261773749,"t, df = 30"
2.26,0.0345902235225839,"t, df = 30"
2.27,0.0339057302497403,"t, df = 30"
2.28,0.0332327106186719,"t, df = 30"
2.29,0.0325710289010677,"t, df = 30"
2.3,0.0319205494320002,"t, df = 30"
2.31,0.0312811366600655,"t, df = 30"
2.32,0.0306526551961503,"t, df = 30"
2.33,0.0300349698608323,"t, df = 30"
2.34,0.0294279457304266,"t, df = 30"
2.35,0.0288314481816844,"t, df = 30"
2.36,0.0282453429351574,"t, df = 30"
2.37,0.0276694960972363,"t, df = 30"
2.38,0.027103774200879,"t, df = 30"
2.39,0.0265480442450372,"t, df = 30"
2.4,0.0260021737327969,"t, df = 30"
2.41,0.025466030708245,"t, df = 30"
2.42,0.0249394837920773,"t, df = 30"
2.43,0.0244224022159617,"t, df = 30"
2.44,0.0239146558556706,"t, df = 30"
2.45,0.0234161152630008,"t, df = 30"
2.46,0.0229266516964936,"t, df = 30"
2.47,0.022446137150973,"t, df = 30"
2.48,0.021974444385919,"t, df = 30"
2.49,0.0215114469526914,"t, df = 30"
2.5,0.0210570192206217,"t, df = 30"
2.51,0.0206110364019923,"t, df = 30"
2.52,0.0201733745759182,"t, df = 30"
2.53,0.0197439107111507,"t, df = 30"
2.54,0.0193225226878209,"t, df = 30"
2.55,0.0189090893181412,"t, df = 30"
2.56,0.0185034903660838,"t, df = 30"
2.57,0.0181056065660545,"t, df = 30"
2.58,0.0177153196405801,"t, df = 30"
2.59,0.0173325123170298,"t, df = 30"
2.6,0.0169570683433875,"t, df = 30"
2.61,0.0165888725030967,"t, df = 30"
2.62,0.0162278106289939,"t, df = 30"
2.63,0.0158737696163529,"t, df = 30"
2.64,0.0155266374350565,"t, df = 30"
2.65,0.015186303140917,"t, df = 30"
2.66,0.0148526568861625,"t, df = 30"
2.67,0.01452558992911,"t, df = 30"
2.68,0.0142049946430427,"t, df = 30"
2.69,0.0138907645243128,"t, df = 30"
2.7,0.0135827941996859,"t, df = 30"
2.71,0.013280979432948,"t, df = 30"
2.72,0.0129852171307932,"t, df = 30"
2.73,0.0126954053480106,"t, df = 30"
2.74,0.0124114432919894,"t, df = 30"
2.75,0.01213323132656,"t, df = 30"
2.76,0.0118606709751892,"t, df = 30"
2.77,0.0115936649235498,"t, df = 30"
2.78,0.0113321170214788,"t, df = 30"
2.79,0.0110759322843455,"t, df = 30"
2.8,0.0108250168938453,"t, df = 30"
2.81,0.0105792781982365,"t, df = 30"
2.82,0.0103386247120389,"t, df = 30"
2.83,0.0101029661152089,"t, df = 30"
2.84,0.00987221325181086,"t, df = 30"
2.85,0.00964627812819786,"t, df = 30"
2.86,0.00942507391072161,"t, df = 30"
2.87,0.00920851492298544,"t, df = 30"
2.88,0.00899651664265721,"t, df = 30"
2.89,0.00878899569785786,"t, df = 30"
2.9,0.0085858698631407,"t, df = 30"
2.91,0.0083870580550771,"t, df = 30"
2.92,0.00819248032746326,"t, df = 30"
2.93,0.00800205786616296,"t, df = 30"
2.94,0.00781571298360084,"t, df = 30"
2.95,0.00763336911292007,"t, df = 30"
2.96,0.007454950801819,"t, df = 30"
2.97,0.00728038370607991,"t, df = 30"
2.98,0.00710959458280386,"t, df = 30"
2.99,0.00694251128336436,"t, df = 30"
3,0.0067790627460931,"t, df = 30"
3.01,0.00661917898871038,"t, df = 30"
3.02,0.00646279110051268,"t, df = 30"
3.03,0.00630983123432926,"t, df = 30"
3.04,0.00616023259826009,"t, df = 30"
3.05,0.00601392944720662,"t, df = 30"
3.06,0.00587085707420631,"t, df = 30"
3.07,0.0057309518015828,"t, df = 30"
3.08,0.00559415097192191,"t, df = 30"
3.09,0.00546039293888441,"t, df = 30"
3.1,0.00532961705786582,"t, df = 30"
3.11,0.00520176367651313,"t, df = 30"
3.12,0.00507677412510851,"t, df = 30"
3.13,0.0049545907068296,"t, df = 30"
3.14,0.00483515668789509,"t, df = 30"
3.15,0.00471841628760568,"t, df = 30"
3.16,0.0046043146682883,"t, df = 30"
3.17,0.00449279792515264,"t, df = 30"
3.18,0.00438381307606821,"t, df = 30"
3.19,0.00427730805126998,"t, df = 30"
3.2,0.00417323168300053,"t, df = 30"
3.21,0.00407153369509617,"t, df = 30"
3.22,0.0039721646925247,"t, df = 30"
3.23,0.00387507615088158,"t, df = 30"
3.24,0.00378022040585173,"t, df = 30"
3.25,0.00368755064264366,"t, df = 30"
3.26,0.00359702088540225,"t, df = 30"
3.27,0.00350858598660654,"t, df = 30"
3.28,0.00342220161645865,"t, df = 30"
3.29,0.00333782425226955,"t, df = 30"
3.3,0.00325541116784757,"t, df = 30"
3.31,0.00317492042289468,"t, df = 30"
3.32,0.00309631085241624,"t, df = 30"
3.33,0.00301954205614895,"t, df = 30"
3.34,0.00294457438801204,"t, df = 30"
3.35,0.00287136894558629,"t, df = 30"
3.36,0.00279988755962532,"t, df = 30"
3.37,0.00273009278360353,"t, df = 30"
3.38,0.00266194788330499,"t, df = 30"
3.39,0.00259541682645669,"t, df = 30"
3.4,0.00253046427241066,"t, df = 30"
3.41,0.00246705556187799,"t, df = 30"
3.42,0.0024051567067185,"t, df = 30"
3.43,0.00234473437978931,"t, df = 30"
3.44,0.00228575590485541,"t, df = 30"
3.45,0.00222818924656527,"t, df = 30"
3.46,0.00217200300049425,"t, df = 30"
3.47,0.00211716638325866,"t, df = 30"
3.48,0.00206364922270285,"t, df = 30"
3.49,0.0020114219481619,"t, df = 30"
3.5,0.0019604555808021,"t, df = 30"
3.51,0.00191072172404137,"t, df = 30"
3.52,0.00186219255405181,"t, df = 30"
3.53,0.00181484081034607,"t, df = 30"
3.54,0.00176863978644938,"t, df = 30"
3.55,0.00172356332065912,"t, df = 30"
3.56,0.00167958578689309,"t, df = 30"
3.57,0.00163668208562834,"t, df = 30"
3.58,0.00159482763493158,"t, df = 30"
3.59,0.00155399836158262,"t, df = 30"
3.6,0.00151417069229181,"t, df = 30"
3.61,0.00147532154501262,"t, df = 30"
3.62,0.00143742832035026,"t, df = 30"
3.63,0.00140046889306724,"t, df = 30"
3.64,0.00136442160368651,"t, df = 30"
3.65,0.00132926525019297,"t, df = 30"
3.66,0.00129497907983392,"t, df = 30"
3.67,0.00126154278101892,"t, df = 30"
3.68,0.0012289364753195,"t, df = 30"
3.69,0.00119714070956915,"t, df = 30"
3.7,0.00116613644806376,"t, df = 30"
3.71,0.00113590506486284,"t, df = 30"
3.72,0.00110642833619157,"t, df = 30"
3.73,0.00107768843294388,"t, df = 30"
3.74,0.00104966791328644,"t, df = 30"
3.75,0.00102234971536371,"t, df = 30"
3.76,0.000995717150103725,"t, df = 30"
3.77,0.000969753894124706,"t, df = 30"
3.78,0.000944443982742129,"t, df = 30"
3.79,0.00091977180307606,"t, df = 30"
3.8,0.000895722087258486,"t, df = 30"
3.81,0.000872279905740231,"t, df = 30"
3.82,0.000849430660697111,"t, df = 30"
3.83,0.000827160079534915,"t, df = 30"
3.84,0.000805454208492681,"t, df = 30"
3.85,0.000784299406343803,"t, df = 30"
3.86,0.000763682338194416,"t, df = 30"
3.87,0.000743589969378461,"t, df = 30"
3.88,0.000724009559448844,"t, df = 30"
3.89,0.000704928656263998,"t, df = 30"
3.9,0.000686335090169228,"t, df = 30"
3.91,0.000668216968272107,"t, df = 30"
3.92,0.000650562668811187,"t, df = 30"
3.93,0.000633360835617301,"t, df = 30"
3.94,0.000616600372666635,"t, df = 30"
3.95,0.00060027043872482,"t, df = 30"
3.96,0.000584360442081202,"t, df = 30"
3.97,0.000568860035372426,"t, df = 30"
3.98,0.000553759110494533,"t, df = 30"
3.99,0.00053904779360265,"t, df = 30"
4,0.000524716440197408,"t, df = 30"
4.01,0.000510755630297178,"t, df = 30"
4.02,0.000497156163695216,"t, df = 30"
4.03,0.000483909055300776,"t, df = 30"
4.04,0.000471005530563276,"t, df = 30"
4.05,0.000458437020978553,"t, df = 30"
4.06,0.000446195159676236,"t, df = 30"
4.07,0.000434271777087321,"t, df = 30"
4.08,0.00042265889669092,"t, df = 30"
4.09,0.000411348730839251,"t, df = 30"
4.1,0.000400333676659862,"t, df = 30"
4.11,0.000389606312034113,"t, df = 30"
4.12,0.000379159391650912,"t, df = 30"
4.13,0.00036898584313476,"t, df = 30"
4.14,0.000359078763247019,"t, df = 30"
4.15,0.000349431414159512,"t, df = 30"
4.16,0.000340037219799391,"t, df = 30"
4.17,0.000330889762264293,"t, df = 30"
4.18,0.000321982778306796,"t, df = 30"
4.19,0.000313310155887178,"t, df = 30"
4.2,0.000304865930793488,"t, df = 30"
4.21,0.000296644283327931,"t, df = 30"
4.22,0.000288639535058584,"t, df = 30"
4.23,0.000280846145635476,"t, df = 30"
4.24,0.000273258709670028,"t, df = 30"
4.25,0.000265871953676888,"t, df = 30"
4.26,0.000258680733077202,"t, df = 30"
4.27,0.000251680029262336,"t, df = 30"
4.28,0.000244864946717106,"t, df = 30"
4.29,0.000238230710201557,"t, df = 30"
4.3,0.000231772661990344,"t, df = 30"
4.31,0.000225486259168769,"t, df = 30"
4.32,0.000219367070984557,"t, df = 30"
4.33,0.000213410776254425,"t, df = 30"
4.34,0.000207613160824543,"t, df = 30"
4.35,0.000201970115083967,"t, df = 30"
4.36,0.000196477631530137,"t, df = 30"
4.37,0.000191131802385555,"t, df = 30"
4.38,0.000185928817264766,"t, df = 30"
4.39,0.000180864960890725,"t, df = 30"
4.4,0.000175936610859738,"t, df = 30"
4.41,0.000171140235454068,"t, df = 30"
4.42,0.00016647239150139,"t, df = 30"
4.43,0.000161929722280226,"t, df = 30"
4.44,0.000157508955470558,"t, df = 30"
4.45,0.000153206901148769,"t, df = 30"
4.46,0.000149020449826121,"t, df = 30"
4.47,0.000144946570529948,"t, df = 30"
4.48,0.000140982308926793,"t, df = 30"
4.49,0.000137124785486686,"t, df = 30"
4.5,0.000133371193687803,"t, df = 30"
4.51,0.000129718798260731,"t, df = 30"
4.52,0.000126164933471603,"t, df = 30"
4.53,0.000122707001443342,"t, df = 30"
4.54,0.000119342470514293,"t, df = 30"
4.55,0.000116068873633513,"t, df = 30"
4.56,0.000112883806792014,"t, df = 30"
4.57,0.000109784927489246,"t, df = 30"
4.58,0.000106769953234139,"t, df = 30"
4.59,0.00010383666008001,"t, df = 30"
4.6,0.000100982881192679,"t, df = 30"
4.61,9.82065054511096e-05,"t, df = 30"
4.62,9.55054760799379e-05,"t, df = 30"
4.63,9.28777893132523e-05,"t, df = 30"
4.64,9.03214930889699e-05,"t, df = 30"
4.65,8.78346857732091e-05,"t, df = 30"
4.66,8.54155149140365e-05,"t, df = 30"
4.67,8.30621760239844e-05,"t, df = 30"
4.68,8.07729113907503e-05,"t, df = 30"
4.69,7.8546008915492e-05,"t, df = 30"
4.7,7.63798009781466e-05,"t, df = 30"
4.71,7.42726633292105e-05,"t, df = 30"
4.72,7.22230140074197e-05,"t, df = 30"
4.73,7.02293122827937e-05,"t, df = 30"
4.74,6.82900576245054e-05,"t, df = 30"
4.75,6.64037886930417e-05,"t, df = 30"
4.76,6.45690823561516e-05,"t, df = 30"
4.77,6.27845527280627e-05,"t, df = 30"
4.78,6.10488502314707e-05,"t, df = 30"
4.79,5.93606606818127e-05,"t, df = 30"
4.8,5.77187043933406e-05,"t, df = 30"
4.81,5.61217353065227e-05,"t, df = 30"
4.82,5.45685401363097e-05,"t, df = 30"
4.83,5.30579375408073e-05,"t, df = 30"
4.84,5.15887773099134e-05,"t, df = 30"
4.85,5.01599395734729e-05,"t, df = 30"
4.86,4.87703340285267e-05,"t, df = 30"
4.87,4.74188991852285e-05,"t, df = 30"
4.88,4.61046016310156e-05,"t, df = 30"
4.89,4.48264353126274e-05,"t, df = 30"
4.9,4.35834208355712e-05,"t, df = 30"
4.91,4.23746047806477e-05,"t, df = 30"
4.92,4.1199059037147e-05,"t, df = 30"
4.93,4.00558801523456e-05,"t, df = 30"
4.94,3.89441886969293e-05,"t, df = 30"
4.95,3.78631286459856e-05,"t, df = 30"
4.96,3.68118667752088e-05,"t, df = 30"
4.97,3.57895920719707e-05,"t, df = 30"
4.98,3.47955151609172e-05,"t, df = 30"
4.99,3.38288677437581e-05,"t, df = 30"
5,3.28889020529224e-05,"t, df = 30"
