"date","SPY","QQQ","EFA","TLT"
2015-01-02,169.267547607422,94.4627151489258,43.0986175537109,91.5664215087891
2015-01-05,166.210601806641,93.0770645141602,42.0812721252441,93.0048446655273
2015-01-06,164.645080566406,91.8290557861328,41.6046028137207,94.6805191040039
2015-01-07,166.696762084961,93.0128326416016,42.0670394897461,94.4935455322266
2015-01-08,169.65478515625,94.793083190918,42.6361808776855,93.2421875
2015-01-09,168.295272827148,94.169059753418,42.4298667907715,94.2633972167969
2015-01-12,166.976867675781,93.1871795654297,42.3302612304688,94.8028259277344
2015-01-13,166.507202148438,93.1596374511719,42.5436935424805,94.8028259277344
2015-01-14,165.501983642578,92.6457672119141,42.4227638244629,95.5219955444336
2015-01-15,163.985885620117,91.4436416625977,42.6930999755859,97.0250549316406
2015-01-16,166.136474609375,92.5172882080078,43.2480278015137,95.7880554199219
2015-01-20,166.490753173828,93.2514343261719,43.3974227905273,97.0609970092773
2015-01-21,167.331207275391,93.7285842895508,43.7389106750488,95.9391021728516
2015-01-22,169.819595336914,95.4629440307617,43.902530670166,95.5938873291016
2015-01-23,168.888534545898,95.6740188598633,43.6535339355469,96.9243774414062
2015-01-26,169.284072875977,95.5639038085938,44.2511444091797,96.629524230957
2015-01-27,167.051071166992,93.0862426757812,44.3151626586914,96.7805099487305
2015-01-28,164.908737182617,92.6090621948242,43.6535339355469,98.3627319335938
2015-01-29,166.433059692383,93.4991683959961,44.2511444091797,97.7154998779297
2015-01-30,164.340240478516,92.7742538452148,43.5539283752441,99.4486770629883
2015-02-02,166.375442504883,93.581787109375,44.080394744873,99.0732192993164
2015-02-03,168.781356811523,94.4810638427734,44.7847137451172,96.9761734008789
2015-02-04,168.138732910156,94.3984985351562,44.4147720336914,97.1419219970703
2015-02-05,169.836059570312,95.2151947021484,45.0265998840332,96.075439453125
2015-02-06,169.366409301758,94.6370620727539,44.4645652770996,94.3747024536133
2015-02-09,168.608383178711,94.3342514038086,44.2511444091797,94.2233505249023
2015-02-10,170.40461730957,95.8024749755859,44.6566581726074,93.4738845825195
2015-02-11,170.503479003906,96.1511535644531,44.4147720336914,93.6468505859375
2015-02-12,172.143173217773,97.2707290649414,45.1048469543457,93.3369750976562
2015-02-13,172.851821899414,98.1057586669922,45.4036560058594,92.3784790039062
2015-02-17,173.123718261719,98.1975326538086,45.5103797912598,90.9876708984375
2015-02-18,173.140167236328,98.3351745605469,45.7807159423828,91.5281372070312
2015-02-19,173.016571044922,98.8215713500977,45.8376312255859,90.9228515625
2015-02-20,174.054733276367,99.4822769165039,46.2644958496094,91.1894454956055
2015-02-23,174.030014038086,99.5831756591797,46.1008644104004,92.2344207763672
2015-02-24,174.524398803711,99.6565933227539,46.3854370117188,93.4450225830078
2015-02-25,174.376098632812,99.4088363647461,46.4210052490234,93.8485794067383
2015-02-26,174.170150756836,99.9135437011719,46.2929611206055,92.5659027099609
2015-02-27,173.576858520508,99.4730758666992,46.3142967224121,93.3442001342773
2015-03-02,174.672790527344,100.372375488281,46.3854370117188,91.6055450439453
2015-03-03,173.95588684082,99.9043579101562,46.1008644104004,91.2733612060547
2015-03-04,173.222549438477,99.5189666748047,45.915885925293,91.30224609375
2015-03-05,173.412094116211,99.6933135986328,46.0226020812988,91.1867523193359
2015-03-06,170.973159790039,98.5646286010742,45.3965492248535,89.1722564697266
2015-03-09,171.681716918945,98.8490524291992,45.4676971435547,89.9953308105469
2015-03-10,168.896682739258,97.0137557983398,44.4787940979004,91.1795272827148
2015-03-11,168.501190185547,96.4540023803711,44.5926246643066,91.8437728881836
2015-03-12,170.643508911133,97.0872192382812,45.1475486755371,91.7787628173828
2015-03-13,169.597091674805,96.6650772094727,44.8843154907227,91.4972076416016
2015-03-16,171.863021850586,97.9130477905273,45.3894271850586,92.3780517578125
2015-03-17,171.352233886719,98.0690689086914,45.2756042480469,93.1434783935547
2015-03-18,173.412094116211,99.032585144043,46.2431488037109,94.9413146972656
2015-03-19,172.621047973633,99.1794357299805,45.7024574279785,94.457633972168
2015-03-20,174.144790649414,99.821418762207,46.7126998901367,94.9557876586914
2015-03-23,173.805465698242,99.6282806396484,46.9474639892578,94.8402633666992
2015-03-24,172.82878112793,99.2695846557617,46.8478660583496,95.757209777832
2015-03-25,170.29621887207,96.9977645874023,46.627326965332,94.9485626220703
2015-03-26,169.890670776367,96.6666564941406,46.2218055725098,93.4683837890625
2015-03-27,170.279693603516,97.0529327392578,46.3427429199219,94.6308517456055
2015-03-30,172.35710144043,98.1658477783203,46.3712120056152,94.1615142822266
2015-03-31,170.850692749023,97.1265258789062,45.652660369873,94.3637084960938
2015-04-01,170.246520996094,96.6206665039062,45.979923248291,95.6031341552734
2015-04-02,170.859039306641,96.6850509643555,46.3783302307129,94.5901870727539
2015-04-06,172.009490966797,97.4760208129883,46.8478660583496,94.0619812011719
2015-04-07,171.55419921875,97.3104858398438,46.7838439941406,94.8506393432617
2015-04-08,172.133605957031,98.0830917358398,46.9830360412598,94.8795623779297
2015-04-09,172.895034790039,98.6993103027344,47.0470695495605,93.6495971679688
2015-04-10,173.83854675293,99.10400390625,47.1395606994629,93.7870178222656
2015-04-13,173.052276611328,98.8556900024414,46.8407592773438,93.917236328125
2015-04-14,173.383331298828,98.570556640625,47.1893577575684,94.5829315185547
2015-04-15,174.161270141602,99.1867980957031,47.4027900695801,94.5033264160156
2015-04-16,174.111694335938,99.0488357543945,47.5308380126953,94.0330505371094
2015-04-17,172.108779907227,97.5036163330078,46.9332466125488,95.1111373901367
2015-04-20,173.68132019043,98.9660491943359,46.9830360412598,94.2717819213867
2015-04-21,173.474395751953,99.3891296386719,47.4027900695801,93.8449020385742
2015-04-22,174.326858520508,99.9318084716797,47.4952735900879,92.4122924804688
2015-04-23,174.765502929688,100.308891296387,47.6731300354004,92.8102340698242
2015-04-24,175.17106628418,101.670143127441,47.9505958557129,93.3890762329102
2015-04-27,174.442764282227,101.412605285645,48.1853637695312,93.3890762329102
2015-04-28,174.997207641602,101.210250854492,48.2422752380371,92.1011505126953
2015-04-29,174.277191162109,100.575622558594,47.8225250244141,90.9724502563477
2015-04-30,172.530853271484,98.9936447143555,47.3174133300781,91.1315689086914
2015-05-01,174.401321411133,100.299697875977,47.8438720703125,89.9048004150391
2015-05-04,174.897918701172,100.465240478516,47.7940711975098,89.056526184082
2015-05-05,172.895034790039,98.8280715942383,47.082649230957,88.9332733154297
2015-05-06,172.183227539062,98.1474609375,47.2035827636719,87.4107360839844
2015-05-07,172.870162963867,98.7360992431641,47.0470695495605,88.5852813720703
2015-05-08,175.146224975586,99.9685821533203,48.1355590820312,88.8245239257812
2015-05-11,174.310287475586,99.582275390625,47.7158126831055,86.6638870239258
2015-05-12,173.788864135742,99.1315994262695,47.6873664855957,86.8887023925781
2015-05-13,173.821990966797,99.3339462280273,48.0430717468262,86.1926422119141
2015-05-14,175.634567260742,100.787170410156,48.6193389892578,86.4246520996094
2015-05-15,175.824890136719,100.787170410156,48.6762504577637,88.1574935913086
2015-05-18,176.371139526367,101.228675842285,48.5126304626465,86.6783752441406
2015-05-19,176.313171386719,101.118293762207,48.3276519775391,85.9098663330078
2015-05-20,176.189010620117,101.182678222656,48.4201354980469,86.0548553466797
2015-05-21,176.702178955078,101.70694732666,48.6762504577637,87.258430480957
2015-05-22,176.28010559082,101.605773925781,48.3632278442383,87.2946701049805
2015-05-26,174.384811401367,100.437637329102,47.4952735900879,88.7882690429688
2015-05-27,176.0400390625,102.056434631348,47.957706451416,88.9912414550781
2015-05-28,175.841445922852,101.826507568359,47.8723335266113,88.7737808227539
2015-05-29,174.748992919922,101.219444274902,47.4098968505859,88.9695205688477
2015-06-01,175.104858398438,101.559768676758,47.2818450927734,88.013313293457
2015-06-02,174.931060791016,101.237838745117,47.5023918151855,86.7853469848633
2015-06-03,175.394454956055,101.541381835938,47.7656211853027,85.3902969360352
2015-06-04,173.913024902344,100.768760681152,47.2533798217773,86.5019760131836
2015-06-05,173.615097045898,100.529663085938,46.6913528442383,85.4484252929688
2015-06-08,172.547409057617,99.508674621582,46.627326965332,85.3539886474609
2015-06-09,172.522567749023,99.3431396484375,46.3712120056152,84.6781921386719
2015-06-10,174.591690063477,100.704376220703,47.345890045166,83.9370574951172
2015-06-11,175.15446472168,100.851531982422,47.4739265441895,85.7027053833008
2015-06-12,173.813705444336,100.02375793457,47.096866607666,85.7027053833008
2015-06-15,173.068878173828,99.5270614624023,46.8122901916504,85.8407974243164
2015-06-16,174.012329101562,100.069717407227,46.7980651855469,86.5165252685547
2015-06-17,174.293701171875,100.345680236816,46.6913528442383,85.8480377197266
2015-06-18,176.106338500977,101.808082580566,47.1110992431641,85.4265975952148
2015-06-19,175.324554443359,101.304786682129,46.9972648620605,86.523796081543
2015-06-22,176.222702026367,102.051475524902,47.8865585327148,84.7581558227539
2015-06-23,176.347412109375,102.13444519043,48.0146217346191,84.2494888305664
2015-06-24,175.066680908203,101.60897064209,47.6019897460938,84.9761123657227
2015-06-25,174.534439086914,101.406173706055,47.5810050964355,84.6781921386719
2015-06-26,174.501205444336,100.733169555664,47.5593032836914,83.7263412475586
2015-06-29,170.841796875,98.3547592163086,46.0979423522949,85.942512512207
2015-06-30,171.199478149414,98.7050857543945,45.9315528869629,85.3466720581055
2015-07-01,172.571716308594,99.4886779785156,46.2281646728516,84.1946563720703
2015-07-02,172.413650512695,99.5163269042969,46.2860374450684,84.4713821411133
2015-07-06,171.922973632812,99.2858505249023,45.3528022766113,86.0370025634766
2015-07-07,173.004180908203,99.5347900390625,45.367259979248,86.8453750610352
2015-07-08,170.101608276367,97.8016586303711,44.3110427856445,87.5953598022461
2015-07-09,170.40934753418,97.7463531494141,45.0417060852051,85.8695068359375
2015-07-10,172.555053710938,99.2397689819336,46.5175399780273,84.5077972412109
2015-07-13,174.459625244141,100.982093811035,46.691162109375,84.2456207275391
2015-07-14,175.216354370117,101.645866394043,47.0818252563477,84.5223541259766
2015-07-15,175.158142089844,101.756484985352,46.9081954956055,85.4180755615234
2015-07-16,176.563674926758,103.194625854492,47.3133316040039,86.0078582763672
2015-07-17,176.713363647461,104.715682983398,47.2337532043457,86.4520721435547
2015-07-20,176.804901123047,105.075210571289,47.3567352294922,86.0879898071289
2015-07-21,176.106292724609,105.010681152344,47.2192802429199,86.5540008544922
2015-07-22,175.790222167969,103.821487426758,46.8575477600098,87.0929565429688
2015-07-23,174.800567626953,103.434303283691,46.7345733642578,88.1779251098633
2015-07-24,172.987503051758,102.420211791992,46.2209320068359,88.3964080810547
2015-07-27,171.981185913086,101.572090148926,45.8809127807617,88.8696975708008
2015-07-28,174.093643188477,102.447868347168,46.4596633911133,88.2216262817383
2015-07-29,175.291244506836,102.835067749023,46.6260528564453,87.8938980102539
2015-07-30,175.332763671875,103.323669433594,46.5898818969727,88.5711441040039
2015-07-31,175.066680908203,103.203811645508,46.8647956848145,89.2265396118164
2015-08-03,174.476211547852,102.881164550781,46.741813659668,90.1657943725586
2015-08-04,174.135223388672,102.687561035156,46.7779846191406,89.4505767822266
2015-08-05,174.709091186523,103.480377197266,47.0239524841309,88.7791900634766
2015-08-06,173.278610229492,101.820976257324,46.8286323547363,89.5673522949219
2015-08-07,172.945938110352,101.691963195801,46.741813659668,90.742317199707
2015-08-10,175.124893188477,102.853538513184,47.3133316040039,89.6184387207031
2015-08-11,173.544738769531,101.53524017334,46.5898818969727,91.0415344238281
2015-08-12,173.752670288086,101.885543823242,46.2571067810059,90.5452728271484
2015-08-13,173.53645324707,101.719573974609,46.2281646728516,90.2533264160156
2015-08-14,174.168472290039,101.876304626465,46.3005027770996,90.4650115966797
2015-08-17,175.141510009766,102.724426269531,46.2136878967285,90.8736724853516
2015-08-18,174.634231567383,102.198974609375,45.8664360046387,90.1585006713867
2015-08-19,173.253631591797,101.525985717773,45.4613075256348,91.0488510131836
2015-08-20,169.635879516602,98.7142944335938,44.3616676330566,91.9683380126953
2015-08-21,164.529403686523,94.3999404907227,43.3488426208496,92.2457427978516
2015-08-24,157.601608276367,90.7677459716797,41.8513145446777,92.2165298461914
2015-08-25,155.746994018555,90.4266128540039,42.2492027282715,90.7350082397461
2015-08-26,161.726699829102,94.9807052612305,43.2475662231445,88.9835433959961
2015-08-27,165.727005004883,97.3867950439453,43.7756843566895,89.0345916748047
2015-08-28,165.735321044922,97.3683624267578,43.7105712890625,89.29736328125
2015-08-31,164.39631652832,96.1606979370117,43.3850288391113,88.6113510131836
2015-09-01,159.489456176758,93.155403137207,41.9308929443359,89.2497863769531
2015-09-02,162.516799926758,95.7827529907227,42.5530624389648,88.4818649291992
2015-09-03,162.633239746094,95.3126068115234,42.6543388366699,88.9133987426758
2015-09-04,160.171478271484,94.1786804199219,41.6777000427246,89.7252197265625
2015-09-08,164.196746826172,96.8336791992188,42.9003143310547,88.4013900756836
2015-09-09,162.001113891602,95.7458953857422,42.726692199707,88.8256301879883
2015-09-10,162.882736206055,96.7875442504883,43.0088386535645,88.2259063720703
2015-09-11,163.622909545898,97.322265625,43.0016021728516,88.7817840576172
2015-09-14,163.01579284668,97.0272903442383,42.6760482788086,88.9207000732422
2015-09-15,165.053344726562,98.1703720092773,42.9654235839844,87.2165756225586
2015-09-16,166.483856201172,98.7235336303711,43.6237564086914,86.8874740600586
2015-09-17,166.109588623047,98.7603759765625,43.6454620361328,87.9479827880859
2015-09-18,163.395111083984,97.3557205200195,42.5530624389648,89.3010101318359
2015-09-21,164.239486694336,97.6606750488281,42.5313568115234,87.8455657958984
2015-09-22,162.107635498047,96.2005767822266,41.5185317993164,89.0669784545898
2015-09-23,161.848556518555,96.2745056152344,41.3232078552246,89.0596618652344
2015-09-24,161.263366699219,95.9233322143555,41.2074546813965,89.6667022705078
2015-09-25,161.221542358398,95.110107421875,41.5691757202148,88.8914413452148
2015-09-28,157.175308227539,92.4024505615234,40.7516822814941,90.4126892089844
2015-09-29,157.267288208008,91.9219360351562,40.6938056945801,90.6686553955078
2015-09-30,160.201599121094,94.0381546020508,41.4678993225098,90.3542175292969
2015-10-01,160.619644165039,94.4632568359375,41.5981140136719,90.7397079467773
2015-10-02,163.018966674805,96.1174087524414,42.3070869445801,91.2893676757812
2015-10-05,165.919830322266,97.4943618774414,43.1462898254395,90.0507736206055
2015-10-06,165.351348876953,97.0322952270508,43.1969337463379,90.4392166137695
2015-10-07,166.705657958984,97.6144866943359,43.739501953125,90.1387329101562
2015-10-08,168.210433959961,98.0026092529297,44.0867614746094,89.3838272094727
2015-10-09,168.310775756836,98.4461822509766,44.1663398742676,89.6184158325195
2015-10-12,168.469589233398,98.6864624023438,44.0795364379883,90.2999725341797
2015-10-13,167.407867431641,98.0488204956055,43.5224838256836,90.4539108276367
2015-10-14,166.605377197266,97.891731262207,43.6092872619629,91.2453994750977
2015-10-15,169.163497924805,99.4996948242188,44.3544387817383,90.79833984375
2015-10-16,169.932586669922,99.9155197143555,44.3182716369629,90.8276596069336
2015-10-19,170.016220092773,100.488494873047,44.1663398742676,90.5784759521484
2015-10-20,169.798843383789,99.9709854125977,43.985481262207,90.0214767456055
2015-10-21,168.745513916016,99.3610687255859,43.9637794494629,90.9156265258789
2015-10-22,171.596237182617,101.384872436523,44.4557228088379,91.0695037841797
2015-10-23,173.477203369141,104.221908569336,44.8970260620117,90.2926559448242
2015-10-26,173.050842285156,104.286605834961,44.7306327819824,90.8935775756836
2015-10-27,172.716491699219,104.499160766602,44.3399696350098,91.1208572387695
2015-10-28,174.681060791016,105.367851257324,44.6293411254883,90.7543334960938
2015-10-29,174.580718994141,105.20149230957,44.3037986755371,89.3105697631836
2015-10-30,173.828308105469,104.730186462402,44.2097587585449,89.9848022460938
2015-11-02,175.884902954102,105.913055419922,44.6293411254883,89.5713195800781
2015-11-03,176.394836425781,106.282707214355,44.6148796081543,88.8368225097656
2015-11-04,175.859771728516,106.291946411133,44.3689117431641,88.9396133422852
2015-11-05,175.684219360352,106.005462646484,44.2893257141113,88.7045745849609
2015-11-06,175.592346191406,106.079391479492,44.0867614746094,87.4045562744141
2015-11-09,173.953704833984,104.951972961426,43.6310005187988,86.9124374389648
2015-11-10,174.355026245117,104.683952331543,43.6020545959473,87.1695022583008
2015-11-11,173.669509887695,104.55460357666,43.8263206481934,86.9859085083008
2015-11-12,171.245101928711,103.5380859375,43.2548065185547,87.4045562744141
2015-11-13,169.322357177734,101.504997253418,42.8930854797363,87.9039993286133
2015-11-16,171.897171020508,102.965110778809,43.4356651306152,87.8232116699219
2015-11-17,171.771820068359,103.029792785645,43.5514106750488,87.9701156616211
2015-11-18,174.497146606445,105.007423400879,43.9493179321289,88.1537246704102
2015-11-19,174.346633911133,105.081329345703,44.1735801696777,88.7412948608398
2015-11-20,174.981979370117,105.792953491211,44.0722923278809,88.4695358276367
2015-11-23,174.781387329102,105.487945556641,43.7973899841309,88.7412948608398
2015-11-24,175.01545715332,105.395538330078,43.8046226501465,88.734001159668
2015-11-25,174.99040222168,105.487945556641,43.9058990478516,88.9396133422852
2015-11-27,175.190994262695,105.635833740234,43.913143157959,88.8515319824219
2015-11-30,174.463684082031,105.367851257324,43.8769645690918,89.2040328979492
2015-12-01,176.127288818359,106.421310424805,44.3399696350098,90.4089660644531
2015-12-02,174.329925537109,105.765182495117,43.8697319030762,90.4384155273438
2015-12-03,171.88883972168,103.972381591797,43.6599273681641,87.9799957275391
2015-12-04,175.241195678711,106.402824401855,44.0144233703613,88.7528533935547
2015-12-07,174.179458618164,105.922294616699,43.7322731018066,89.6140441894531
2015-12-08,173.009078979492,105.93155670166,43.0884132385254,89.6581878662109
2015-12-09,171.663131713867,104.323585510254,42.8930854797363,89.5625381469727
2015-12-10,172.106170654297,104.794860839844,42.9003143310547,89.6802597045898
2015-12-11,168.770568847656,102.382926940918,42.082820892334,91.0934982299805
2015-12-14,169.623306274414,103.159164428711,42.1479339599609,89.9158401489258
2015-12-15,171.403945922852,103.787582397461,42.3577270507812,89.385871887207
2015-12-16,173.911865234375,105.330848693848,43.2113914489746,89.1944885253906
2015-12-17,171.261825561523,103.796829223633,42.6615791320801,90.2028732299805
2015-12-18,168.210800170898,101.80574798584,42.2130432128906,90.7033767700195
2015-12-21,169.598373413086,102.936630249023,42.4086265563965,90.6813354492188
2015-12-22,171.137344360352,103.613296508789,42.729736328125,90.0262603759766
2015-12-23,173.256622314453,104.382659912109,43.4449424743652,89.3490753173828
2015-12-24,172.970672607422,104.364082336426,43.3719596862793,89.8609771728516
2015-12-28,172.575454711914,104.308494567871,43.2697944641113,90.12646484375
2015-12-29,174.417144775391,105.949188232422,43.7003707885742,88.6291580200195
2015-12-30,173.180953979492,104.994422912598,43.4376525878906,88.5406723022461
2015-12-31,171.448532104492,103.687431335449,42.8538093566895,88.9389495849609
2016-01-04,169.0517578125,101.499877929688,42.1969871520996,89.580680847168
2016-01-05,169.337707519531,101.323745727539,42.1313056945801,89.2192459106445
2016-01-06,167.201599121094,100.350479125977,41.4379959106445,90.4215087890625
2016-01-07,163.190246582031,97.208137512207,40.576831817627,90.5837860107422
2016-01-08,161.398895263672,96.4109802246094,40.0878753662109,90.9894561767578
2016-01-11,161.558715820312,96.7075881958008,40.2557144165039,89.9937362670898
2016-01-12,162.862228393555,97.8291931152344,40.4454689025879,91.2918548583984
2016-01-13,158.800369262695,94.4551315307617,39.8178482055664,92.1917266845703
2016-01-14,161.407363891602,96.4665832519531,40.3287048339844,91.3287658691406
2016-01-15,157.942520141602,93.4725494384766,38.8691024780273,92.7523345947266
2016-01-19,158.152816772461,93.6764907836914,39.2266998291016,92.4646682739258
2016-01-20,156.126052856445,93.3891372680664,38.3363418579102,93.4382629394531
2016-01-21,157.000701904297,93.4818344116211,38.6209754943848,92.8039398193359
2016-01-22,160.221618652344,96.1884994506836,39.7594528198242,92.4499053955078
2016-01-25,157.799591064453,94.7610092163086,39.2266998291016,92.9514236450195
2016-01-26,159.952453613281,95.6138076782227,39.9273071289062,92.9956970214844
2016-01-27,158.21159362793,93.2315673828125,39.6718826293945,92.9735641479492
2016-01-28,159.035797119141,94.5478134155273,39.7886428833008,93.1063232421875
2016-01-29,162.912734985352,96.5221939086914,40.4892654418945,93.8955841064453
2016-02-01,162.853805541992,96.7817687988281,40.4454689025879,93.6081161499023
2016-02-02,159.918838500977,94.6868667602539,39.5040283203125,95.3447494506836
2016-02-03,160.877563476562,94.232666015625,39.8324317932129,94.5539703369141
2016-02-04,161.129806518555,94.2234268188477,39.8835334777832,95.0121917724609
2016-02-05,158.060302734375,90.9512786865234,39.2704925537109,95.123046875
2016-02-08,155.9326171875,89.560905456543,38.5406875610352,97.1700668334961
2016-02-09,155.941040039062,89.2828216552734,38.095516204834,97.2735290527344
2016-02-10,155.806442260742,89.6257629394531,38.0517272949219,98.1307601928711
2016-02-11,153.779724121094,89.4959945678711,37.4970855712891,98.8180313110352
2016-02-12,156.950225830078,90.8586196899414,38.1538963317871,97.1774444580078
2016-02-16,159.599243164062,92.9071502685547,38.9274826049805,96.1502075195312
2016-02-17,162.206283569336,95.0112991333008,39.5988998413086,95.5590133666992
2016-02-18,161.541870117188,93.9267730712891,39.3945579528809,96.7340545654297
2016-02-19,161.466171264648,94.2048492431641,39.3507690429688,96.8153457641602
2016-02-22,163.804092407227,95.7342987060547,39.7959480285645,96.7635726928711
2016-02-23,161.7353515625,94.1585235595703,39.1464233398438,97.1552734375
2016-02-24,162.475357055664,95.0576705932617,39.0077705383301,96.9631652832031
2016-02-25,164.443252563477,95.9938354492188,39.4748344421387,97.3104629516602
2016-02-26,164.064819335938,95.8733291625977,39.3726539611816,96.3719482421875
2016-02-29,162.77815246582,95.0112991333008,39.1391258239746,96.7931442260742
2016-03-01,166.604553222656,98.0609359741211,40.1608428955078,95.0887680053711
2016-03-02,167.35302734375,98.0979995727539,40.4381790161133,95.4811706542969
2016-03-03,168.008911132812,97.9126129150391,40.8322601318359,95.8291320800781
2016-03-04,168.555572509766,97.9496841430664,41.1314849853516,95.2146072387695
2016-03-07,168.690155029297,97.34716796875,41.080394744873,95.1850204467773
2016-03-08,166.848434448242,96.5407562255859,40.6790084838867,96.2363815307617
2016-03-09,167.672576904297,97.1617889404297,40.8322601318359,95.6514739990234
2016-03-10,167.807083129883,97.0134735107422,40.7665786743164,95.2591018676758
2016-03-11,170.515075683594,98.7097930908203,41.8320922851562,94.2965698242188
2016-03-14,170.296401977539,98.8766326904297,41.7445106506348,94.5927047729492
2016-03-15,170.018859863281,98.8395538330078,41.3504180908203,94.6815948486328
2016-03-16,171.002822875977,99.7201385498047,41.7153091430664,94.9629364013672
2016-03-17,172.087646484375,99.6645355224609,42.0364265441895,95.3553314208984
2016-03-18,172.763900756836,99.8206939697266,41.963451385498,95.5552139282227
2016-03-21,173.009017944336,100.211166381836,41.8977661132812,94.8222579956055
2016-03-22,172.916107177734,100.517990112305,41.8247871398926,94.8000259399414
2016-03-23,171.774932861328,99.690544128418,41.4015045166016,95.8735885620117
2016-03-24,171.698806762695,99.7184143066406,41.1241836547852,95.9105758666992
2016-03-28,171.800277709961,99.5789947509766,41.3723106384277,96.0364685058594
2016-03-29,173.389404296875,101.178070068359,41.8174934387207,97.0434494018555
2016-03-30,174.150177001953,101.670806884766,42.1313056945801,96.0216979980469
2016-03-31,173.727569580078,101.522018432617,41.7153091430664,96.7028427124023
2016-04-01,174.911026000977,102.60050201416,41.270149230957,96.9550857543945
2016-04-04,174.344635009766,102.210014343262,41.1825675964355,97.0144424438477
2016-04-05,172.603286743164,101.22452545166,40.3724899291992,98.0754165649414
2016-04-06,174.488342285156,102.888679504395,41.0293159484863,97.3631362915039
2016-04-07,172.400436401367,101.410491943359,40.4308700561523,98.5650863647461
2016-04-08,172.865325927734,101.336074829102,41.2044525146484,97.9418869018555
2016-04-11,172.459625244141,100.964241027832,41.2263526916504,97.8157272338867
2016-04-12,174.065704345703,101.810249328613,41.8393898010254,97.1405563354492
2016-04-13,175.823944091797,103.111801147461,42.5035057067871,97.4818801879883
2016-04-14,175.832412719727,103.121109008789,42.6421661376953,97.0144424438477
2016-04-15,175.637954711914,102.860816955566,42.5472869873047,97.8453826904297
2016-04-18,176.872100830078,103.409317016602,42.912181854248,97.4225006103516
2016-04-19,177.429977416992,102.777114868164,43.6565856933594,97.1183090209961
2016-04-20,177.599090576172,102.860816955566,43.6930694580078,96.0499572753906
2016-04-21,176.643844604492,102.870101928711,43.4303512573242,95.4786529541016
2016-04-22,176.643844604492,101.317520141602,43.4522476196289,95.2338104248047
2016-04-25,176.339553833008,101.317520141602,43.2332992553711,94.8405838012695
2016-04-26,176.601638793945,100.824783325195,43.3865661621094,94.410285949707
2016-04-27,176.965026855469,100.01594543457,43.4157524108887,95.3525466918945
2016-04-28,175.358993530273,98.8073272705078,42.8246192932129,95.745735168457
2016-04-29,174.412261962891,98.2867202758789,42.6421661376953,95.9906005859375
2016-05-02,175.798583984375,99.2164154052734,43.0435523986816,95.0241088867188
2016-05-03,174.268569946289,98.2960357666016,42.3356399536133,96.2210235595703
2016-05-04,173.296432495117,97.6638488769531,41.8466758728027,96.7488708496094
2016-05-05,173.262710571289,97.6359252929688,41.759105682373,97.3956756591797
2016-05-06,173.896636962891,98.1565704345703,41.8758735656738,96.9793090820312
2016-05-09,174.040313720703,98.4354934692383,41.7882919311523,97.2841339111328
2016-05-10,176.204299926758,99.7835311889648,42.3867301940918,97.2915802001953
2016-05-11,174.555969238281,98.8817520141602,42.0218391418457,97.8417205810547
2016-05-12,174.606658935547,98.4447708129883,42.0072364807129,97.3956756591797
2016-05-13,173.085083007812,98.0821990966797,41.5766563415527,98.3397903442383
2016-05-16,174.792633056641,99.3093719482422,42.0729293823242,97.4922866821289
2016-05-17,173.161254882812,98.063606262207,41.7663993835449,97.6558456420898
2016-05-18,173.211883544922,98.416877746582,41.7810020446777,96.2656326293945
2016-05-19,172.611724853516,97.9055480957031,41.4817848205566,96.6819610595703
2016-05-20,173.702178955078,98.9839859008789,41.8247871398926,96.7562942504883
2016-05-23,173.465515136719,98.8538284301758,41.6861305236816,96.9719085693359
2016-05-24,175.71403503418,100.834075927734,42.2918586730957,96.5406875610352
2016-05-25,176.905899047852,101.559242248535,42.7370376586914,96.1764450073242
2016-05-26,176.956604003906,101.856719970703,42.8538093566895,96.6745071411133
2016-05-27,177.717422485352,102.38663482666,42.8100166320801,96.5333023071289
2016-05-31,177.379287719727,102.58186340332,42.6056709289551,96.7637557983398
2016-06-01,177.742797851562,102.591186523438,42.5691833496094,97.1563262939453
2016-06-02,178.283767700195,102.805038452148,42.5691833496094,97.8565673828125
2016-06-03,177.751190185547,102.321556091309,42.8465118408203,99.249626159668
2016-06-06,178.655715942383,102.693428039551,43.0873413085938,98.5121231079102
2016-06-07,178.934677124023,102.433143615723,43.4011535644531,98.7505340576172
2016-06-08,179.517959594727,102.609771728516,43.4887313842773,99.2794418334961
2016-06-09,179.272811889648,102.442443847656,42.955982208252,99.9201126098633
2016-06-10,177.573684692383,101.280303955078,41.7080268859863,100.404312133789
2016-06-13,176.204299926758,100.434310913086,41.1022834777832,100.851280212402
2016-06-14,175.857711791992,100.434310913086,40.4454689025879,100.776763916016
2016-06-15,175.612564086914,100.146110534668,40.7154884338379,101.164207458496
2016-06-16,176.136688232422,100.443618774414,40.8030815124512,101.655815124512
2016-06-17,175.480728149414,99.2662887573242,41.2044525146484,101.022598266602
2016-06-20,176.610809326172,99.8908462524414,42.2261772155762,99.9424438476562
2016-06-21,177.11213684082,100.20777130127,42.5691833496094,99.4805603027344
2016-06-22,176.823226928711,99.9653854370117,42.5431098937988,99.6444625854492
2016-06-23,179.125930786133,101.391586303711,43.7199058532715,98.5047073364258
2016-06-24,172.693710327148,97.2155151367188,39.9661064147949,101.149238586426
2016-06-27,169.60075378418,95.2859268188477,39.1989631652832,103.67463684082
2016-06-28,172.65966796875,97.3739776611328,40.2267723083496,103.890663146973
2016-06-29,175.599670410156,99.098503112793,40.9641342163086,103.093597412109
2016-06-30,177.995834350586,100.245056152344,41.5748634338379,103.473510742188
2016-07-01,178.369720458984,100.748428344727,41.5748634338379,104.910163879395
2016-07-05,177.086685180664,100.133186340332,40.7704887390137,106.223693847656
2016-07-06,178.148849487305,100.953491210938,40.6960105895996,106.39533996582
2016-07-07,178.038314819336,101.251815795898,40.5321502685547,106.387886047363
2016-07-08,180.689422607422,102.817832946777,41.1503410339355,107.171562194824
2016-07-11,181.326629638672,103.405097961426,41.7536201477051,106.231170654297
2016-07-12,182.643661499023,103.927085876465,42.3196754455566,104.484794616699
2016-07-13,182.618209838867,103.675399780273,42.2749862670898,105.716102600098
2016-07-14,183.637802124023,104.38387298584,42.6399383544922,104.178726196289
2016-07-15,183.391418457031,104.21607208252,42.423942565918,103.283241271973
2016-07-18,183.884323120117,104.905876159668,42.5282173156738,103.186195373535
2016-07-19,183.697326660156,104.52367401123,42.1930694580078,103.768249511719
2016-07-20,184.46208190918,105.744827270508,42.5729103088379,103.201095581055
2016-07-21,183.765319824219,105.502471923828,42.4016036987305,103.410034179688
2016-07-22,184.589508056641,105.940574645996,42.483528137207,103.589225769043
2016-07-25,184.088195800781,105.949897766113,42.4313926696777,103.514556884766
2016-07-26,184.173202514648,106.071090698242,42.6101531982422,103.678779602051
2016-07-27,183.977737426758,106.807502746582,42.7665481567383,104.969856262207
2016-07-28,184.190216064453,107.180374145508,42.721866607666,104.775825500488
2016-07-29,184.487548828125,107.413391113281,43.2283363342285,105.648971557617
2016-08-01,184.334671020508,107.98201751709,42.9453086853027,104.503601074219
2016-08-02,183.153549194336,107.161720275879,42.7293128967285,103.42692565918
2016-08-03,183.688842773438,107.515930175781,42.5803489685059,103.486770629883
2016-08-04,183.884323120117,107.823539733887,42.8261299133301,104.264305114746
2016-08-05,185.388259887695,108.858261108398,43.0197868347168,103.180183410645
2016-08-08,185.277786254883,108.737083435059,43.1091651916504,103.374610900879
2016-08-09,185.388259887695,108.988761901855,43.451774597168,104.391418457031
2016-08-10,184.929443359375,108.709106445312,43.6007385253906,104.79517364502
2016-08-11,185.78759765625,109.17520904541,43.9135437011719,103.860557556152
2016-08-12,185.626190185547,109.249755859375,43.801830291748,104.735389709473
2016-08-15,186.161437988281,109.715850830078,43.9731369018555,103.748420715332
2016-08-16,185.201324462891,109.109924316406,43.9061050415039,103.471809387207
2016-08-17,185.549713134766,109.305709838867,43.8912048339844,104.092346191406
2016-08-18,185.966003417969,109.333641052246,44.1146545410156,104.256851196289
2016-08-19,185.694137573242,109.305709838867,43.7869300842285,103.710998535156
2016-08-22,185.685638427734,109.389579772949,43.8316230773926,104.585838317871
2016-08-23,186.059478759766,109.58536529541,44.0178260803223,104.697959899902
2016-08-24,185.107894897461,108.876914978027,43.9135437011719,104.451263427734
2016-08-25,184.980407714844,108.699798583984,43.7347984313965,104.055015563965
2016-08-26,184.63200378418,108.858261108398,43.47412109375,103.449325561523
2016-08-29,185.541198730469,109.00740814209,43.6081809997559,104.832534790039
2016-08-30,185.235290527344,108.653182983398,43.5485992431641,104.428817749023
2016-08-31,184.708511352539,108.541343688965,43.459228515625,104.578330993652
2016-09-01,184.716995239258,108.820960998535,43.7571411132812,104.693717956543
2016-09-02,185.549713134766,109.17520904541,44.2636108398438,103.839805603027
2016-09-06,186.11051940918,109.855697631836,44.5615272521973,104.596298217773
2016-09-07,186.093490600586,109.920921325684,44.583869934082,104.521415710449
2016-09-08,185.66862487793,109.277770996094,44.4572563171387,103.210578918457
2016-09-09,181.224746704102,106.527839660645,43.5932846069336,101.510330200195
2016-09-12,183.824783325195,108.438804626465,43.9507904052734,101.562744140625
2016-09-13,181.182220458984,107.469306945801,43.0644760131836,100.409187316895
2016-09-14,181.114227294922,107.98201751709,43.0048904418945,100.558967590332
2016-09-15,182.924087524414,109.659912109375,43.3772926330566,100.124519348145
2016-09-16,182.217041015625,109.607566833496,42.8186912536621,100.933502197266
2016-09-19,182.251159667969,109.131004333496,43.0421333312988,100.603866577148
2016-09-20,182.259689331055,109.336578369141,43.3028144836426,100.955986022949
2016-09-21,184.309326171875,110.411247253418,44.0625190734863,101.772445678711
2016-09-22,185.470718383789,111.289710998535,44.509391784668,102.58137512207
2016-09-23,184.454437255859,110.579475402832,44.1369819641113,102.484039306641
2016-09-26,182.959991455078,109.654296875,43.7273445129395,103.135673522949
2016-09-27,184.095779418945,110.738311767578,43.9358940124512,103.892204284668
2016-09-28,185.009567260742,110.925247192383,44.2487144470215,103.667503356934
2016-09-29,183.335708618164,110.121543884277,43.6975555419922,103.929664611816
2016-09-30,184.719207763672,110.943923950195,44.040168762207,103.000862121582
2016-10-03,184.275161743164,110.78507232666,43.9210090637207,102.66088104248
2016-10-04,183.335708618164,110.616859436035,43.9135437011719,101.460289001465
2016-10-05,184.147064208984,111.009330749512,44.0923042297363,100.987518310547
2016-10-06,184.275161743164,110.953277587891,43.8539657592773,100.424751281738
2016-10-07,183.643203735352,110.710327148438,43.6305274963379,100.492301940918
2016-10-10,184.599609375,111.411155700684,43.7571411132812,99.8995056152344
2016-10-11,182.26823425293,109.822540283203,43.1389579772949,99.6743469238281
2016-10-12,182.507385253906,109.729072570801,43.0421333312988,99.7719573974609
2016-10-13,181.909530639648,109.336578369141,42.8782768249512,100.147132873535
2016-10-14,182.003463745117,109.467414855957,42.9527587890625,98.7439575195312
2016-10-17,181.371566772461,109.168388366699,42.8261299133301,99.3742218017578
2016-10-18,182.507385253906,110.140258789062,43.2506790161133,99.696891784668
2016-10-19,182.994155883789,110.130912780762,43.3698539733887,99.779426574707
2016-10-20,182.652557373047,110.000076293945,43.4368782043457,99.8844451904297
2016-10-21,182.737915039062,110.411247253418,43.3400459289551,100.034507751465
2016-10-24,183.515090942383,111.738250732422,43.3326072692871,99.5993347167969
2016-10-25,182.900177001953,111.383125305176,43.3028144836426,99.8619537353516
2016-10-26,182.532989501953,110.626174926758,43.1091651916504,99.186637878418
2016-10-27,182.046203613281,110.121543884277,43.0570297241211,98.1060638427734
2016-10-28,181.508178710938,109.430038452148,43.0421333312988,97.8884124755859
2016-10-31,181.516693115234,109.327224731445,43.0644760131836,98.4887771606445
2016-11-01,180.201568603516,108.504875183105,42.8782768249512,98.4963150024414
2016-11-02,179.11701965332,107.635787963867,42.5878028869629,98.9248428344727
2016-11-03,178.297164916992,106.579803466797,42.5431098937988,98.1654968261719
2016-11-04,178.10075378418,106.206001281738,42.133472442627,99.0451202392578
2016-11-07,182.02912902832,108.729148864746,42.7144203186035,98.2030715942383
2016-11-08,182.848937988281,109.439384460449,42.8335952758789,97.8046035766602
2016-11-09,184.787490844727,109.944023132324,42.8708267211914,93.6545181274414
2016-11-10,185.248733520508,108.168441772461,42.7516632080078,92.2711868286133
2016-11-11,184.821670532227,108.215209960938,42.4909744262695,91.7524490356445
2016-11-14,184.966842651367,107.12183380127,42.2600898742676,91.2035827636719
2016-11-15,186.410064697266,108.607688903809,42.4462928771973,91.6546936035156
2016-11-16,186.059951782227,109.252494812012,41.9994163513184,92.481689453125
2016-11-17,187.01643371582,110.046798706055,42.3196754455566,91.1209106445312
2016-11-18,186.598007202148,109.635650634766,41.8578948974609,90.8577651977539
2016-11-21,188.007110595703,110.775703430176,42.2153968811035,91.0832672119141
2016-11-22,188.374328613281,111.112144470215,42.3196754455566,91.0532531738281
2016-11-23,188.476776123047,110.663543701172,42.170711517334,90.6998748779297
2016-11-25,189.177062988281,111.018676757812,42.2973289489746,90.835205078125
2016-11-28,188.28889465332,110.76636505127,42.0738945007324,91.5043334960938
2016-11-29,188.656143188477,111.149536132812,42.3420181274414,91.8877563476562
2016-11-30,188.203506469727,109.803810119629,42.2973289489746,90.3991394042969
2016-12-01,187.511764526367,107.906791687012,42.133472442627,89.4446868896484
2016-12-02,187.605697631836,108.121742248535,42.2377433776855,90.1000671386719
2016-12-05,188.733016967773,108.962791442871,42.6548385620117,90.0021209716797
2016-12-06,189.330749511719,109.224433898926,42.9453086853027,89.9343414306641
2016-12-07,191.807388305664,110.607536315918,43.5858306884766,90.7027587890625
2016-12-08,192.277069091797,110.803749084473,43.5485992431641,89.6330261230469
2016-12-09,193.438552856445,111.672859191895,43.7347984313965,88.5180282592773
2016-12-12,193.216445922852,111.16820526123,43.541145324707,88.6837692260742
2016-12-13,194.505966186523,112.569969177246,44.010368347168,89.0001678466797
2016-12-14,192.900451660156,112.336334228516,43.3623962402344,88.0057601928711
2016-12-15,193.694686889648,112.513877868652,43.2655715942383,88.4502410888672
2016-12-16,193.315856933594,112.096817016602,43.2953681945801,88.2468490600586
2016-12-19,193.736770629883,112.556060791016,43.2283363342285,89.1960830688477
2016-12-20,194.484176635742,112.98722076416,43.3772926330566,88.7515869140625
2016-12-21,193.942993164062,112.902893066406,43.3893356323242,89.1433181762695
2016-12-22,193.607925415039,112.584175109863,43.2915115356445,88.9839477539062
2016-12-23,193.891448974609,112.659164428711,43.4043846130371,89.1652679443359
2016-12-27,194.372543334961,113.240280151367,43.3517112731934,88.8782501220703
2016-12-28,192.766082763672,112.359245300293,43.1861572265625,89.5277938842773
2016-12-29,192.723083496094,112.199897766113,43.2915115356445,89.8450164794922
2016-12-30,192.018768310547,111.047088623047,43.4420051574707,89.9809799194336
2017-01-03,193.487686157227,112.040580749512,43.7129058837891,90.3661651611328
2017-01-04,194.638763427734,112.649795532227,44.2095603942871,90.7136154174805
2017-01-05,194.484176635742,113.287139892578,44.5858116149902,92.1336288452148
2017-01-06,195.179962158203,114.280632019043,44.4353179931641,91.2877044677734
2017-01-09,194.535659790039,114.65552520752,44.3675804138184,92.0203399658203
2017-01-10,194.535659790039,114.908638000488,44.3751220703125,91.9598541259766
2017-01-11,195.08544921875,115.217903137207,44.6083869934082,92.2696075439453
2017-01-12,194.595840454102,115.039817810059,44.6761207580566,92.0656356811523
2017-01-13,195.042495727539,115.433471679688,44.8416519165039,91.6275329589844
2017-01-17,194.355285644531,115.08667755127,44.6761207580566,92.5868301391602
2017-01-18,194.784805297852,115.320999145508,44.5481872558594,91.4009704589844
2017-01-19,194.063217163086,115.264755249023,44.4353179931641,90.7740631103516
2017-01-20,194.776260375977,115.517837524414,44.691162109375,90.5927429199219
2017-01-23,194.26936340332,115.611541748047,44.8040351867676,91.4991607666016
2017-01-24,195.515029907227,116.389488220215,44.9169120788574,90.8722610473633
2017-01-25,197.207290649414,117.561088562012,45.3834686279297,89.7317276000977
2017-01-26,197.001098632812,117.682914733887,45.2028732299805,90.0338821411133
2017-01-27,196.691864013672,117.907836914062,45.1276206970215,90.3586196899414
2017-01-30,195.472045898438,116.989334106445,44.8040351867676,90.0867156982422
2017-01-31,195.454849243164,116.755020141602,44.8717765808105,90.7136154174805
2017-02-01,195.532135009766,117.561088562012,45.0523643493652,90.1527481079102
2017-02-02,195.661041259766,117.457939147949,45.0749435424805,90.1148986816406
2017-02-03,197.009689331055,117.795379638672,45.255542755127,90.0770492553711
2017-02-06,196.657501220703,117.93595123291,44.9319686889648,90.6220626831055
2017-02-07,196.666107177734,118.367111206055,44.8868179321289,91.2881851196289
2017-02-08,196.923843383789,118.563911437988,44.9620590209961,92.5295486450195
2017-02-09,198.092102050781,118.995079040527,45.1501960754395,91.4622650146484
2017-02-10,198.873779296875,119.388732910156,45.255542755127,91.4093017578125
2017-02-13,199.956146240234,120.06356048584,45.436149597168,91.1216354370117
2017-02-14,200.75505065918,120.466575622559,45.3684158325195,90.4630813598633
2017-02-15,201.803039550781,121.17887878418,45.5414886474609,90.0467834472656
2017-02-16,201.631240844727,121.141448974609,45.6468505859375,90.5387725830078
2017-02-17,201.949111938477,121.666275024414,45.5264434814453,91.0762023925781
2017-02-21,203.151748657227,122.266098022461,45.676944732666,90.9172439575195
2017-02-22,202.97135925293,122.313003540039,45.676944732666,91.0686416625977
2017-02-23,203.108825683594,121.853736877441,45.774772644043,91.3411102294922
2017-02-24,203.366561889648,122.088027954102,45.4436721801758,92.3554840087891
2017-02-27,203.684356689453,122.237998962402,45.4737739562988,91.8104476928711
2017-02-28,203.134506225586,121.863067626953,45.4060478210449,92.1511077880859
2017-03-01,205.977966308594,123.194023132324,45.8801193237305,90.60693359375
2017-03-02,204.680816650391,122.575408935547,45.5791130065918,90.2808609008789
2017-03-03,204.809661865234,122.800369262695,45.8500213623047,90.5159454345703
2017-03-06,204.199798583984,122.528549194336,45.70703125,90.0836715698242
2017-03-07,203.589859008789,122.32234954834,45.5490188598633,89.8106231689453
2017-03-08,203.2119140625,122.537948608398,45.3834686279297,89.3252563476562
2017-03-09,203.469589233398,122.631629943848,45.5565452575684,88.6123809814453
2017-03-10,204.182586669922,123.147125244141,45.9403190612793,88.9233169555664
2017-03-13,204.28564453125,123.35334777832,46.1811218261719,88.3620681762695
2017-03-14,203.503997802734,123.053451538086,45.8274421691895,88.786750793457
2017-03-15,205.264984130859,123.812614440918,46.4821128845215,89.8713073730469
2017-03-16,204.861221313477,123.728202819824,46.7078742980957,89.4162902832031
2017-03-17,204.501419067383,123.68505859375,46.8282737731934,89.9774703979492
2017-03-20,204.277114868164,123.797752380371,46.7304458618164,90.3642425537109
2017-03-21,201.654327392578,121.919342041016,46.5197448730469,91.115104675293
2017-03-22,202.128875732422,122.74585723877,46.5272789001465,91.4791488647461
2017-03-23,201.913223266602,122.435882568359,46.6326179504395,91.3501892089844
2017-03-24,201.766494750977,122.689476013184,46.7605476379395,91.6763229370117
2017-03-27,201.559387207031,122.886726379395,46.8809471130371,92.0934448242188
2017-03-28,203.026123046875,123.638069152832,47.1066932678223,91.4791488647461
2017-03-29,203.215942382812,124.211006164551,47.1066932678223,92.0251998901367
2017-03-30,203.863037109375,124.41764831543,46.9411468505859,91.2819519042969
2017-03-31,203.38850402832,124.333099365234,46.8734245300293,91.5474090576172
2017-04-03,203.034729003906,124.257972717285,46.8056945800781,92.4707717895508
2017-04-04,203.164138793945,124.455192565918,46.790641784668,91.9691696166992
2017-04-05,202.560211181641,123.948059082031,46.5423202514648,92.2503814697266
2017-04-06,203.129638671875,124.013786315918,46.549861907959,92.1136016845703
2017-04-07,202.922576904297,123.948059082031,46.5197448730469,91.7412567138672
2017-04-10,203.043380737305,123.995010375977,46.4670715332031,92.1668167114258
2017-04-11,202.801788330078,123.45964050293,46.685302734375,93.0408096313477
2017-04-12,201.913223266602,122.961853027344,46.6476745605469,93.5500106811523
2017-04-13,200.601699829102,122.47346496582,46.3466682434082,93.8388671875
2017-04-17,202.379043579102,123.487777709961,46.6326179504395,93.5500106811523
2017-04-18,201.775085449219,123.299934387207,46.4219131469727,94.7736282348633
2017-04-19,201.404098510742,123.497222900391,46.2337989807129,94.2568511962891
2017-04-20,203.043380737305,124.530372619629,46.6025276184082,93.8920135498047
2017-04-21,202.396255493164,124.502166748047,46.6326179504395,93.8920135498047
2017-04-24,204.622299194336,126.004920959473,47.8140525817871,93.4284210205078
2017-04-25,205.81282043457,126.915969848633,48.1526756286621,92.3035659790039
2017-04-26,205.683471679688,126.73755645752,48.0172271728516,92.8128280639648
2017-04-27,205.855941772461,127.498245239258,48.0623741149902,92.7824478149414
2017-04-28,205.407363891602,127.723709106445,48.009708404541,92.9876403808594
2017-05-01,205.925018310547,128.860153198242,48.2053527832031,92.2145538330078
2017-05-02,206.002716064453,129.076171875,48.4536781311035,92.6867523193359
2017-05-03,205.752456665039,128.662841796875,48.3558616638184,92.7477111816406
2017-05-04,205.994003295898,128.709808349609,48.8148880004883,92.2907943725586
2017-05-05,206.805023193359,129.179458618164,49.3566818237305,92.3745193481445
2017-05-08,206.770523071289,129.46125793457,48.9879608154297,91.8718795776367
2017-05-09,206.580718994141,129.912033081055,48.8675498962402,91.8642272949219
2017-05-10,206.951736450195,129.987182617188,48.9428100585938,91.7576293945312
2017-05-11,206.528930664062,129.883865356445,48.8223991394043,91.7576293945312
2017-05-12,206.183853149414,130.175048828125,49.0933074951172,92.4506683349609
2017-05-15,207.322723388672,130.588226318359,49.3416328430176,92.1993789672852
2017-05-16,207.132873535156,131.133010864258,49.6576881408691,92.5420837402344
2017-05-17,203.457504272461,127.798820495605,49.0933074951172,93.8901290893555
2017-05-18,204.277114868164,128.916458129883,49.1760749816895,93.9967193603516
2017-05-19,205.60578918457,129.46125793457,49.747989654541,94.2176284790039
2017-05-22,206.64973449707,130.550735473633,49.808177947998,93.9586486816406
2017-05-23,207.106994628906,130.682220458984,49.8157157897949,93.3265228271484
2017-05-24,207.590087890625,131.283279418945,49.8458023071289,93.8520202636719
2017-05-25,208.582336425781,132.400985717773,49.8458023071289,93.8824996948242
2017-05-26,208.539199829102,132.635772705078,49.7028388977051,94.0424499511719
2017-05-30,208.358032226562,132.748428344727,49.6501617431641,94.5069961547852
2017-05-31,208.306243896484,132.701461791992,49.7103538513184,94.7430953979492
2017-06-01,209.962799072266,133.218032836914,50.033935546875,94.7530212402344
2017-06-02,210.661575317383,134.739562988281,50.5832633972168,95.8749389648438
2017-06-05,210.506332397461,134.711441040039,50.3048286437988,95.2796859741211
2017-06-06,209.833389282227,134.17610168457,50.1618690490723,95.7986373901367
2017-06-07,210.221588134766,134.701995849609,50.1769065856934,95.3406600952148
2017-06-08,210.325088500977,134.842926025391,50.0866088867188,95.0888214111328
2017-06-09,210.005874633789,131.471145629883,49.8984832763672,94.9438171386719
2017-06-12,209.962799072266,130.766693115234,49.7103538513184,94.9133148193359
2017-06-13,210.989440917969,131.828002929688,50.0941467285156,94.9285736083984
2017-06-14,210.72200012207,131.255142211914,50.056510925293,96.3939514160156
2017-06-15,210.316543579102,130.672805786133,49.5372886657715,96.2412948608398
2017-06-16,210.362442016602,130.105865478516,49.9586906433105,96.4321136474609
2017-06-19,212.113723754883,132.281402587891,50.1618690490723,96.2947235107422
2017-06-20,210.683212280273,131.245422363281,49.7581062316895,97.1571426391602
2017-06-21,210.631256103516,132.545013427734,49.6969337463379,97.3555679321289
2017-06-22,210.535827636719,132.507415771484,49.6892929077148,97.5692901611328
2017-06-23,210.787322998047,133.01594543457,49.8116302490234,97.5235214233398
2017-06-26,210.925979614258,132.394348144531,49.8957557678223,97.8897933959961
2017-06-27,209.226715087891,129.992813110352,49.8881072998047,96.8442306518555
2017-06-28,211.099380493164,131.866973876953,50.323974609375,96.5237045288086
2017-06-29,209.244033813477,129.578430175781,49.8269271850586,95.7146759033203
2017-06-30,209.634216308594,129.625518798828,49.8575210571289,95.4933471679688
2017-07-03,209.989624023438,128.259963989258,49.7963485717773,95.1858978271484
2017-07-05,210.475143432617,129.52197265625,49.7963485717773,95.2088241577148
2017-07-06,208.550430297852,128.354156494141,49.5745849609375,94.4211349487305
2017-07-07,209.902954101562,129.738525390625,49.5822296142578,93.8551712036133
2017-07-10,210.128387451172,130.586196899414,49.7045822143555,93.9928207397461
2017-07-11,209.972366333008,130.95344543457,49.8192901611328,94.153434753418
2017-07-12,211.550231933594,132.507415771484,50.2169227600098,94.8035278320312
2017-07-13,211.905639648438,132.799301147461,50.3622093200684,94.2069702148438
2017-07-14,212.893997192383,133.844711303711,50.7139587402344,94.3216705322266
2017-07-17,212.867980957031,133.91064453125,50.6145553588867,94.5817031860352
2017-07-18,212.980712890625,134.805328369141,50.6604385375977,95.4076919555664
2017-07-19,214.133773803711,135.596405029297,50.8821907043457,95.4459228515625
2017-07-20,214.229141235352,135.775344848633,51.0886611938477,95.7212753295898
2017-07-21,214.038421630859,135.718795776367,50.8898468017578,96.1266403198242
2017-07-24,213.986419677734,136.340393066406,50.752197265625,95.7518539428711
2017-07-25,214.506591796875,135.991912841797,50.8210258483887,94.5052871704102
2017-07-26,214.515258789062,136.434524536133,51.1345481872559,94.6581649780273
2017-07-27,214.315780639648,135.577590942383,51.0198364257812,94.1916961669922
2017-07-28,214.064376831055,135.464538574219,51.0733680725098,94.7499542236328
2017-07-31,213.942977905273,134.890075683594,51.1804313659668,94.8647003173828
2017-08-01,214.419845581055,135.200820922852,51.4633674621582,95.5307769775391
2017-08-02,214.523941040039,135.568161010742,51.4863052368164,95.5843963623047
2017-08-03,214.107772827148,135.040786743164,51.5168914794922,96.5731353759766
2017-08-04,214.497894287109,135.28564453125,51.5857048034668,95.7530136108398
2017-08-07,214.896728515625,136.142623901367,51.6086387634277,95.8602828979492
2017-08-08,214.367858886719,135.907257080078,51.3333587646484,95.5153884887695
2017-08-09,214.359146118164,135.728256225586,51.2492446899414,96.0366134643555
2017-08-10,211.333435058594,132.818161010742,50.5227928161621,96.8567047119141
2017-08-11,211.645523071289,133.82585144043,50.431037902832,96.9026947021484
2017-08-14,213.74365234375,135.549224853516,50.7980842590332,96.4044952392578
2017-08-15,213.717636108398,135.643478393555,50.7598495483398,95.9982681274414
2017-08-16,214.090393066406,135.878921508789,51.0504302978516,96.3508377075195
2017-08-17,210.752548217773,133.100723266602,50.4769134521484,97.0713424682617
2017-08-18,210.42317199707,133.006546020508,50.6145553588867,97.0483322143555
2017-08-21,210.587829589844,132.837020874023,50.5992660522461,97.2859191894531
2017-08-22,212.789916992188,134.861831665039,50.8439636230469,96.9103546142578
2017-08-23,212.02702331543,134.381454467773,50.8516082763672,97.5694808959961
2017-08-24,211.532897949219,133.985961914062,50.7369041442871,97.2092971801758
2017-08-25,212.02702331543,133.703460693359,51.0427703857422,97.5848159790039
2017-08-28,212.035690307617,134.117797851562,51.0427703857422,97.5235443115234
2017-08-29,212.278472900391,134.645233154297,50.8363151550293,97.8377380371094
2017-08-30,213.284149169922,136.227355957031,50.7674980163574,97.8071060180664
2017-08-31,214.567260742188,137.687103271484,51.1574859619141,98.0983352661133
2017-09-01,214.870681762695,137.498779296875,51.2263107299805,97.3479919433594
2017-09-05,213.327484130859,136.265029907227,50.8821907043457,98.891716003418
2017-09-06,214.055770874023,136.679473876953,51.1957015991211,98.2849578857422
2017-09-07,214.029739379883,136.999588012695,51.6162986755371,99.2911376953125
2017-09-08,213.778274536133,135.813034057617,51.6239395141602,99.076042175293
2017-09-11,216.058456420898,137.376358032227,52.0292205810547,97.8932800292969
2017-09-12,216.786697387695,137.705978393555,52.1898078918457,97.3787002563477
2017-09-13,216.890762329102,137.894302368164,51.9068794250488,96.9947204589844
2017-09-14,216.821426391602,137.084442138672,51.9986305236816,97.3940811157227
2017-09-15,217.113265991211,137.555328369141,52.0445251464844,97.4324645996094
2017-09-18,217.57502746582,137.375045776367,52.113338470459,96.8717956542969
2017-09-19,217.792892456055,137.610977172852,52.3580360412598,96.6337051391602
2017-09-20,217.871276855469,137.18620300293,52.2433395385742,96.7028656005859
2017-09-21,217.287506103516,136.346237182617,52.1362800598145,96.6491088867188
2017-09-22,217.331069946289,136.214050292969,52.296875,96.9255905151367
2017-09-25,216.886749267578,134.779510498047,51.9986305236816,97.5323104858398
2017-09-26,217.017395019531,135.128692626953,51.8839340209961,97.3556747436523
2017-09-27,217.862564086914,136.346237182617,51.9221725463867,95.8887329101562
2017-09-28,218.123992919922,136.29899597168,52.0598068237305,95.6045761108398
2017-09-29,218.890686035156,137.280685424805,52.3656921386719,95.8196792602539
2017-10-02,219.840393066406,137.403305053711,52.3198051452637,95.6441345214844
2017-10-03,220.31086730957,137.695907592773,52.4956893920898,95.7364883422852
2017-10-04,220.572235107422,137.828063964844,52.3962707519531,95.7442169189453
2017-10-05,221.879150390625,139.177734375,52.3656921386719,95.3825073242188
2017-10-06,221.62646484375,139.366485595703,52.3274612426758,95.1131439208984
2017-10-09,221.260559082031,139.206085205078,52.3427429199219,95.4132690429688
2017-10-10,221.844284057617,139.309860229492,52.8397827148438,95.5672073364258
2017-10-11,222.192825317383,139.725128173828,52.9697875976562,95.7518997192383
2017-10-12,221.861724853516,139.470275878906,52.9239044189453,96.159797668457
2017-10-13,222.131851196289,140.008285522461,53.1991920471191,96.8524169921875
2017-10-16,222.428024291992,140.489639282227,53.160961151123,96.7831344604492
2017-10-17,222.584899902344,140.668960571289,53.0233154296875,96.90625
2017-10-18,222.802734375,140.499099731445,53.1762580871582,96.2674713134766
2017-10-19,222.863723754883,139.97998046875,53.0921401977539,96.4368057250977
2017-10-20,224.013763427734,140.357543945312,53.0233154296875,95.4132690429688
2017-10-23,223.142471313477,139.442016601562,52.9086227416992,95.5825653076172
2017-10-24,223.534591674805,139.677963256836,52.9927291870117,94.9899749755859
2017-10-25,222.428024291992,139.1494140625,52.786262512207,94.5359573364258
2017-10-26,222.715621948242,138.705810546875,52.7786102294922,94.2204208374023
2017-10-27,224.536544799805,142.745452880859,52.9009704589844,94.8437805175781
2017-10-30,223.700073242188,143.066314697266,53.0233154296875,95.7518997192383
2017-10-31,224.048629760742,143.604293823242,53.2450752258301,95.7826690673828
2017-11-01,224.344863891602,143.557098388672,53.2986106872559,96.2091293334961
2017-11-02,224.431991577148,143.283386230469,53.4591865539551,96.6333160400391
2017-11-03,225.181350708008,144.661392211914,53.3750686645508,96.8955612182617
2017-11-06,225.529800415039,145.152191162109,53.4515342712402,97.2579956054688
2017-11-07,225.372985839844,145.237167358398,53.2527160644531,97.6667633056641
2017-11-08,225.756317138672,145.822296142578,53.4286117553711,97.4508056640625
2017-11-09,224.937316894531,145.057800292969,53.1227378845215,97.1731719970703
2017-11-10,224.867630004883,145.048355102539,52.9774322509766,95.7078704833984
2017-11-13,225.076721191406,145.227691650391,52.755672454834,95.9083862304688
2017-11-14,224.553985595703,144.699157714844,52.7174377441406,96.5561981201172
2017-11-15,223.430068969727,144.019592285156,52.4650917053223,97.6050567626953
2017-11-16,225.32942199707,145.86003112793,52.885684967041,96.7567291259766
2017-11-17,224.667251586914,145.30322265625,52.6945037841797,97.4739608764648
2017-11-20,225.050582885742,145.189910888672,52.809211730957,97.4353790283203
2017-11-21,226.523040771484,146.766159057617,53.2068519592285,97.7438125610352
2017-11-22,226.322647094727,146.945495605469,53.3521194458008,98.0600738525391
2017-11-24,226.84538269043,147.483474731445,53.7879981994629,97.7901458740234
2017-11-27,226.732177734375,147.417388916016,53.4668388366699,97.6513290405273
2017-11-28,229.032318115234,147.794921875,53.7727088928223,97.7824249267578
2017-11-29,228.892913818359,145.218231201172,53.5585899353027,96.8184204101562
2017-11-30,230.896896362305,146.435821533203,53.6121215820312,96.4944915771484
2017-12-01,230.417663574219,145.812850952148,53.3980178833008,97.7966918945312
2017-12-04,230.13883972168,144.132858276367,53.2068519592285,97.8430404663086
2017-12-05,229.311218261719,144.227233886719,53.0921401977539,98.3298873901367
2017-12-06,229.35466003418,144.878479003906,52.9850845336914,98.6699066162109
2017-12-07,230.077880859375,145.369277954102,53.1227378845215,97.8971405029297
2017-12-08,231.332489013672,146.01106262207,53.4056549072266,97.9048538208008
2017-12-11,232.029495239258,147.143676757812,53.5433082580566,97.7039337158203
2017-12-12,232.439041137695,146.945495605469,53.6121215820312,97.6652679443359
2017-12-13,232.412887573242,147.228622436523,53.8185882568359,98.3993988037109
2017-12-14,231.463195800781,147.124801635742,53.5203628540039,98.8167343139648
2017-12-15,233.390686035156,148.795349121094,53.5050811767578,99.1876983642578
2017-12-18,234.870742797852,150.042892456055,54.1397590637207,98.2835311889648
2017-12-19,233.968643188477,149.153869628906,53.9411468505859,97.0084457397461
2017-12-20,233.846069335938,148.993072509766,53.8484153747559,95.9342498779297
2017-12-21,234.327682495117,149.011932373047,54.0415992736816,96.4933624267578
2017-12-22,234.26643371582,148.841766357422,54.1807289123535,96.625
2017-12-26,233.986190795898,148.037811279297,54.1652526855469,96.9115600585938
2017-12-27,234.099975585938,148.056762695312,54.2657279968262,98.1738586425781
2017-12-28,234.581619262695,148.236389160156,54.2966423034668,98.0886688232422
2017-12-29,233.697174072266,147.318954467773,54.3352699279785,98.2435684204102
2018-01-02,235.36979675293,149.901031494141,54.7371406555176,97.1826019287109
2018-01-03,236.858581542969,151.357559204102,54.9998741149902,97.6472473144531
2018-01-04,237.856903076172,151.622406005859,55.6026611328125,97.6317901611328
2018-01-05,239.441955566406,153.14518737793,55.9117774963379,97.3529663085938
2018-01-08,239.8798828125,153.740997314453,55.8963241577148,97.2910308837891
2018-01-09,240.422775268555,153.750473022461,55.9581565856934,95.9899444580078
2018-01-10,240.054977416992,153.391082763672,55.8499603271484,95.8738327026367
2018-01-11,241.806442260742,154.440933227539,56.2363510131836,96.2688217163086
2018-01-12,243.382766723633,155.575927734375,56.8004989624023,96.4313888549805
2018-01-16,242.550827026367,155.131332397461,56.7463989257812,96.8340682983398
2018-01-17,244.862716674805,156.805404663086,57.0400581359863,96.7024612426758
2018-01-18,244.451126098633,156.833801269531,56.9705047607422,95.8041458129883
2018-01-19,245.563354492188,157.325637817383,57.2873611450195,95.3007278442383
2018-01-22,247.560028076172,159.009185791016,57.5810165405273,95.3936920166016
2018-01-23,248.08544921875,160.323867797852,57.7664833068848,95.8041458129883
2018-01-24,247.989151000977,159.283462524414,57.8669509887695,95.2852554321289
2018-01-25,248.094161987305,159.226699829102,57.6428527832031,96.0674514770508
2018-01-26,250.966583251953,161.666900634766,58.1528778076172,95.7111740112305
2018-01-29,249.302719116211,160.881896972656,57.6196670532227,95.045166015625
2018-01-30,246.745574951172,159.557769775391,57.1405258178711,94.4875793457031
2018-01-31,246.868133544922,160.219802856445,57.0632438659668,95.045166015625
2018-02-01,246.587905883789,158.857803344727,57.2255363464355,93.6677322387695
2018-02-02,241.219650268555,155.689376831055,56.0663414001465,92.7985610961914
2018-02-05,231.131301879883,149.551055908203,53.7170448303223,93.6754913330078
2018-02-06,235.685134887695,153.51399230957,54.7757720947266,93.0934219360352
2018-02-07,234.406539916992,151.527816772461,54.1961784362793,92.2087936401367
2018-02-08,225.614212036133,145.134140014648,52.7819480895996,92.1079025268555
2018-02-09,229.003280639648,147.640548706055,53.0060577392578,91.52587890625
2018-02-12,232.366058349609,150.260452270508,53.8175048828125,91.9293746948242
2018-02-13,232.94401550293,151.036026000977,53.6552085876465,92.3406982421875
2018-02-14,236.087921142578,153.863952636719,54.6057624816895,91.3163452148438
2018-02-15,239.100448608398,156.720321655273,54.9457931518555,91.6267700195312
2018-02-16,239.170379638672,156.020385742188,55.1930847167969,92.1233901977539
2018-02-20,237.67301940918,156.332534790039,54.6752967834473,91.7198715209961
2018-02-21,236.490768432617,155.888031005859,54.4125595092773,90.5946273803711
2018-02-22,236.797241210938,155.869064331055,54.6984901428223,90.8662414550781
2018-02-23,240.571670532227,159.056488037109,55.1312484741211,91.6732788085938
2018-02-26,243.365264892578,161.165588378906,55.649040222168,91.7043685913086
2018-02-27,240.326477050781,159.169952392578,54.8221397399902,91.5724334716797
2018-02-28,237.891937255859,158.148513793945,54.3043594360352,92.1544494628906
2018-03-01,234.432815551758,155.56640625,53.3924560546875,92.7835159301758
2018-03-02,235.641326904297,156.994613647461,53.6474838256836,92.0292587280273
2018-03-05,238.364822387695,158.734909057617,53.9334182739258,91.7804183959961
2018-03-06,238.969055175781,159.406433105469,54.2502593994141,91.8659744262695
2018-03-07,238.881469726562,159.775253295898,54.2348098754883,91.7648620605469
2018-03-08,240.037460327148,160.654861450195,54.3507347106934,92.2936325073242
2018-03-09,244.214630126953,163.776016235352,54.6984901428223,91.6871185302734
2018-03-12,243.908157348633,164.646224975586,54.760326385498,92.2158813476562
2018-03-13,242.331939697266,162.404647827148,54.3971099853516,92.6824417114258
2018-03-14,241.088272094727,162.376251220703,54.5284729003906,93.4989471435547
2018-03-15,240.825698852539,162.234329223633,54.4975624084473,93.4989471435547
2018-03-16,241.086791992188,161.752014160156,54.4589157104492,93.1645584106445
2018-03-19,237.824829101562,158.300857543945,54.0184326171875,92.8690567016602
2018-03-20,238.229278564453,158.821914672852,54.0106964111328,92.4958190917969
2018-03-21,237.771987915039,158.130325317383,54.0957221984863,92.596923828125
2018-03-22,231.828460693359,154.227279663086,53.091064453125,93.5144882202148
2018-03-23,226.887054443359,150.163177490234,52.5037460327148,93.4445495605469
2018-03-26,233.094467163086,155.74299621582,53.4465675354004,93.0868377685547
2018-03-27,229.129089355469,150.703155517578,53.0524406433105,94.0820999145508
2018-03-28,228.452102661133,148.969512939453,53.3615531921387,94.3309631347656
2018-03-29,231.371231079102,151.697875976562,53.8484153747559,94.7897567749023
2018-04-02,226.377105712891,147.321166992188,53.1065292358398,94.9767379760742
2018-04-03,229.278610229492,148.978942871094,53.4465675354004,94.2442474365234
2018-04-04,231.731674194336,151.328414916992,53.6320190429688,94.0494384765625
2018-04-05,233.560501098633,152.190490722656,53.9875259399414,93.3481063842773
2018-04-06,228.355392456055,148.382171630859,53.6320190429688,94.3689651489258
2018-04-09,229.480804443359,149.424240112305,54.0725364685059,94.524772644043
2018-04-10,233.129623413086,152.72102355957,54.6521186828613,94.3533630371094
2018-04-11,231.907562255859,151.839996337891,54.4434623718262,94.6884155273438
2018-04-12,233.815490722656,153.668380737305,54.6521186828613,93.9949111938477
2018-04-13,233.129623413086,152.872589111328,54.7062149047852,94.2130661010742
2018-04-16,235.046401977539,154.037811279297,54.7912216186523,94.2442474365234
2018-04-17,237.560974121094,157.353515625,55.038516998291,94.5013961791992
2018-04-18,237.736862182617,157.675628662109,55.3244552612305,93.7455291748047
2018-04-19,236.418045043945,156.226150512695,55.1158027648926,92.981819152832
2018-04-20,234.413360595703,153.753616333008,54.907154083252,92.3116912841797
2018-04-23,234.378173828125,153.365188598633,54.8376007080078,92.3350448608398
2018-04-24,231.2216796875,150.115859985352,54.6134834289551,91.9142303466797
2018-04-25,231.793228149414,150.295776367188,54.5207443237305,91.2986145019531
2018-04-26,234.149597167969,153.459930419922,54.7912216186523,91.9376220703125
2018-04-27,234.369384765625,153.554656982422,54.845329284668,92.6467819213867
2018-04-30,232.566970825195,152.465225219727,54.6675643920898,92.810417175293
2018-05-01,232.980178833008,154.208297729492,54.4743843078613,92.4761505126953
2018-05-02,231.41520690918,153.298919677734,54.4511833190918,92.3746032714844
2018-05-03,230.905212402344,153.279937744141,54.6212196350098,92.7885437011719
2018-05-04,233.894592285156,156.188278198242,54.8144035339355,92.9291076660156
2018-05-07,234.685943603516,157.486129760742,54.8221397399902,92.7807388305664
2018-05-08,234.685943603516,157.325103759766,54.8298645019531,92.6948547363281
2018-05-09,236.954315185547,159.039810180664,54.9612350463867,92.1403274536133
2018-05-10,239.170043945312,160.688140869141,55.3167343139648,92.8822631835938
2018-05-11,239.899795532227,160.536560058594,55.4635620117188,93.1165390014648
2018-05-14,240.014068603516,160.811279296875,55.5640258789062,92.6245346069336
2018-05-15,238.361114501953,159.030303955078,55.1621627807617,91.5702285766602
2018-05-16,239.363464355469,160.081817626953,55.2394638061523,91.2187728881836
2018-05-17,239.161315917969,159.466094970703,55.3244552612305,90.7579956054688
2018-05-18,238.563354492188,158.641906738281,55.12353515625,91.5389709472656
2018-05-21,240.356979370117,159.532379150391,55.4712905883789,91.5857696533203
2018-05-22,239.68879699707,159.324005126953,55.4017333984375,91.4452514648438
2018-05-23,240.348205566406,160.669235229492,54.7912216186523,92.1090850830078
2018-05-24,239.855819702148,160.621826171875,54.6212196350098,92.8431701660156
2018-05-25,239.28434753418,160.782913208008,54.2657279968262,93.4211273193359
2018-05-29,236.532302856445,160.072418212891,53.1606178283691,95.4673004150391
2018-05-30,239.68879699707,161.218627929688,53.9720573425293,94.8268890380859
2018-05-31,238.220458984375,161.114456176758,53.6320190429688,94.6707305908203
2018-06-01,240.559219360352,163.643829345703,54.0957221984863,94.1705093383789
2018-06-04,241.702224731445,165.121673583984,54.2579956054688,93.4894790649414
2018-06-05,241.878051757812,165.633239746094,54.1730003356934,93.7086715698242
2018-06-06,243.900253295898,166.599548339844,54.659854888916,92.9493255615234
2018-06-07,243.873901367188,165.244812011719,54.3507347106934,93.8495712280273
2018-06-08,244.594955444336,165.254333496094,54.4125595092773,93.5677490234375
2018-06-11,244.920181274414,165.699523925781,54.760326385498,93.3955307006836
2018-06-12,245.236679077148,166.571151733398,54.4125595092773,93.4190139770508
2018-06-13,244.454223632812,166.56169128418,54.4898414611816,93.3720550537109
2018-06-14,245.06965637207,168.247970581055,54.373908996582,94.1469955444336
2018-06-15,244.756988525391,167.660583496094,54.0957221984863,94.2331085205078
2018-06-18,244.253677368164,167.563720703125,53.7093162536621,94.1469955444336
2018-06-19,243.317443847656,167.089019775391,53.2159309387207,94.6950073242188
2018-06-20,243.732574462891,168.275772094727,53.2553329467773,93.8652114868164
2018-06-21,242.204635620117,166.813690185547,52.8770217895508,94.3583831787109
2018-06-22,242.646209716797,166.44352722168,53.4366149902344,94.3505477905273
2018-06-25,239.343139648438,162.693420410156,52.6957511901855,94.5619125366211
2018-06-26,239.873092651367,163.358062744141,52.7903366088867,94.6950073242188
2018-06-27,237.885940551758,161.136444091797,52.2938003540039,95.5873794555664
2018-06-28,239.246032714844,162.522552490234,52.4908256530762,95.6108703613281
2018-06-29,239.590408325195,162.959274291992,52.7824516296387,95.2820892333984
2018-07-02,240.102615356445,164.051071166992,52.3016700744629,95.2075424194336
2018-07-03,239.254791259766,162.152359008789,52.459300994873,95.7175064086914
2018-07-05,241.206558227539,164.165008544922,52.9794883728027,95.9921112060547
2018-07-06,243.246856689453,166.718811035156,53.2632179260254,96.3059158325195
2018-07-09,245.437133789062,168.218780517578,53.775520324707,95.686149597168
2018-07-10,246.320281982422,168.342193603516,53.7518730163574,95.6782608032227
2018-07-11,244.5185546875,167.487823486328,52.853385925293,96.0469818115234
2018-07-12,246.735382080078,170.373886108398,53.2632179260254,96.0391845703125
2018-07-13,246.9296875,170.516311645508,53.4287261962891,96.2824096679688
2018-07-16,246.708862304688,170.108032226562,53.4050827026367,95.8822631835938
2018-07-17,247.706939697266,171.142883300781,53.4996681213379,95.7018203735352
2018-07-18,248.228057861328,170.820037841797,53.5075340270996,95.3173446655273
2018-07-19,247.291732788086,169.96565246582,53.3971977233887,95.9214782714844
2018-07-20,247.009170532227,169.927688598633,53.6494140625,94.7446136474609
2018-07-23,247.46842956543,170.468811035156,53.6494140625,93.5756149291992
2018-07-24,248.713684082031,171.171356201172,53.964672088623,93.8972930908203
2018-07-25,250.833358764648,173.563766479492,54.3666305541992,93.7482376098633
2018-07-26,250.241622924805,170.933975219727,54.1222991943359,93.5677871704102
2018-07-27,248.545928955078,168.627044677734,54.2247543334961,93.7247161865234
2018-07-30,247.247634887695,166.244110107422,54.2168807983398,93.4030456542969
2018-07-31,248.466461181641,167.516250610352,54.2878112792969,93.9130172729492
2018-08-01,248.051376342773,168.152328491211,54.0119667053223,93.1478958129883
2018-08-02,249.402572631836,170.440322875977,53.6572914123535,93.2815856933594
2018-08-03,250.471298217773,170.962448120117,53.6888313293457,93.745475769043
2018-08-06,251.389739990234,171.968826293945,53.4602546691895,93.8005523681641
2018-08-07,252.220031738281,172.595413208008,53.8779754638672,93.3130569458008
2018-08-08,252.113983154297,172.804244995117,53.830680847168,93.4074020385742
2018-08-09,251.769546508789,172.699844360352,53.6730613708496,94.1937408447266
2018-08-10,250.082626342773,171.380187988281,52.6011695861816,94.8778381347656
2018-08-13,249.146499633789,171.190338134766,52.4120140075684,94.6812591552734
2018-08-14,250.736114501953,172.263107299805,52.4041366577148,94.4689025878906
2018-08-15,248.863891601562,170.155471801758,51.6475067138672,95.0193634033203
2018-08-16,250.877502441406,170.715621948242,52.0100555419922,95.0115051269531
2018-08-17,251.760757446289,170.753631591797,52.3174362182617,95.1294326782227
2018-08-20,252.29948425293,170.601715087891,52.6011695861816,95.7663726806641
2018-08-21,252.891220092773,171.228271484375,52.9243125915527,95.4439544677734
2018-08-22,252.741073608398,171.892852783203,53.1292304992676,95.8214111328125
2018-08-23,252.40544128418,171.646026611328,52.7509307861328,95.9708557128906
2018-08-24,253.924560546875,173.240936279297,53.058292388916,96.159553527832
2018-08-27,255.929351806641,175.006774902344,53.767635345459,95.6090545654297
2018-08-28,256.052978515625,175.263137817383,53.7203521728516,95.0350570678711
2018-08-29,257.430725097656,177.285263061523,54.0119667053223,95.1608734130859
2018-08-30,256.388641357422,176.971969604492,53.4996681213379,95.3653411865234
2018-08-31,256.397399902344,177.199844360352,53.0740585327148,95.1451721191406
2018-09-04,255.955978393555,176.440338134766,52.624813079834,94.5950775146484
2018-09-05,255.266952514648,174.161849975586,52.14404296875,94.3429183959961
2018-09-06,254.498672485352,172.604904174805,51.9864158630371,94.6896438598633
2018-09-07,254.003997802734,171.940307617188,51.5686912536621,93.8858032226562
2018-09-10,254.445602416992,172.519485473633,51.883960723877,94.2325439453125
2018-09-11,255.284561157227,173.848556518555,51.9312515258789,93.5153961181641
2018-09-12,255.346405029297,173.335906982422,52.151927947998,93.7360610961914
2018-09-13,256.856719970703,175.18717956543,52.5381202697754,93.8779373168945
2018-09-14,256.900909423828,174.674545288086,52.6169319152832,93.4287261962891
2018-09-17,255.54069519043,172.15869140625,52.6642265319824,93.4287261962891
2018-09-18,256.927337646484,173.582778930664,53.2159309387207,92.4514770507812
2018-09-19,257.201171875,173.449844360352,53.4050827026367,91.8997802734375
2018-09-20,259.285400390625,175.367614746094,54.0671348571777,92.3253936767578
2018-09-21,259.048553466797,174.408721923828,54.0907821655273,92.2859420776367
2018-09-24,258.187927246094,174.893737792969,53.8464508056641,92.0495681762695
2018-09-25,257.948455810547,175.131530761719,54.1144218444824,91.954948425293
2018-09-26,257.176574707031,175.255157470703,54.1380653381348,92.601188659668
2018-09-27,257.895233154297,176.738876342773,54.0277290344238,92.6642227172852
2018-09-28,257.921783447266,176.700775146484,53.586353302002,92.4199142456055
2018-10-01,258.81787109375,177.062225341797,53.6494140625,91.7415237426758
2018-10-02,258.667114257812,176.662719726562,53.3735694885254,92.3022537231445
2018-10-03,258.80908203125,176.852951049805,53.2789764404297,90.6988525390625
2018-10-04,256.786163330078,173.457626342773,52.6563377380371,90.0590667724609
2018-10-05,255.349029541016,171.336715698242,52.3410873413086,89.2850189208984
2018-10-08,255.349029541016,170.29052734375,52.0888595581055,88.98486328125
2018-10-09,254.976348876953,170.842147827148,51.954891204834,89.8853073120117
2018-10-10,246.903030395508,163.328643798828,50.8514823913574,89.6404647827148
2018-10-11,241.464630126953,161.302871704102,50.1421356201172,90.7304458618164
2018-10-12,244.818161010742,165.791946411133,50.3234100341797,90.4145050048828
2018-10-15,243.443008422852,163.78515625,50.2051887512207,90.3749847412109
2018-10-16,248.766082763672,168.550079345703,51.0642700195312,90.5803604125977
2018-10-17,248.810440063477,168.616622924805,50.7726669311523,90.0432281494141
2018-10-18,245.217346191406,164.707672119141,49.9529914855957,90.0116729736328
2018-10-19,245.084243774414,164.555557250977,50.2367134094238,89.8141937255859
2018-10-22,243.98420715332,165.401962280273,50.0160369873047,89.6957244873047
2018-10-23,242.742111206055,164.793319702148,49.5431480407715,89.9800796508789
2018-10-24,235.38737487793,157.251251220703,48.1402359008789,90.6593322753906
2018-10-25,239.6103515625,162.691421508789,48.7471122741699,90.2802276611328
2018-10-26,235.396209716797,158.506637573242,48.4160919189453,90.8252105712891
2018-10-29,234.092071533203,155.244506835938,48.2821006774902,90.6198959350586
2018-10-30,237.560989379883,157.802871704102,48.8653450012207,90.1696319580078
2018-10-31,240.098297119141,161.512100219727,49.2278861999512,89.7115173339844
2018-11-01,242.653457641602,163.642471313477,49.8584060668945,89.7946853637695
2018-11-02,241.216247558594,161.093597412109,49.9293403625488,88.6782836914062
2018-11-05,242.546966552734,160.694137573242,49.9293403625488,89.0266494750977
2018-11-06,244.081771850586,161.911483764648,50.1342582702637,88.9712066650391
2018-11-07,249.307281494141,166.990310668945,50.8041877746582,89.0899963378906
2018-11-08,248.854843139648,165.925079345703,50.3076553344727,89.0820617675781
2018-11-09,246.423980712891,163.128890991211,49.976634979248,89.747184753418
2018-11-12,241.819488525391,158.192840576172,49.1569557189941,90.3330917358398
2018-11-13,241.367034912109,158.325942993164,49.3697509765625,90.2776260375977
2018-11-14,239.716857910156,157.118118286133,49.4091567993164,90.3330917358398
2018-11-15,242.218688964844,159.866744995117,49.5667877197266,90.2934722900391
2018-11-16,242.848648071289,159.305603027344,49.6219635009766,90.8160400390625
2018-11-19,238.740982055664,154.131698608398,49.1884841918945,91.0694274902344
2018-11-20,234.322738647461,151.373596191406,48.3372802734375,91.1010665893555
2018-11-21,235.121231079102,152.5244140625,49.0150909423828,91.0694274902344
2018-11-23,233.550918579102,151.421127319336,48.6919479370117,91.1644439697266
2018-11-26,237.321441650391,154.921112060547,49.4249267578125,90.9585723876953
2018-11-27,238.119888305664,155.444198608398,49.2357749938965,91.0614852905273
2018-11-28,243.602691650391,160.446853637695,49.9372253417969,90.6181259155273
2018-11-29,243.070373535156,159.923751831055,49.6850166320801,90.9743728637695
2018-11-30,244.551910400391,161.084106445312,49.4722175598145,91.3148574829102
2018-12-03,247.790191650391,163.899307250977,50.1263847351074,91.9632568359375
2018-12-04,239.76123046875,157.612640380859,48.8259391784668,93.5028305053711
2018-12-06,239.397430419922,158.725433349609,48.3688049316406,93.7964706420898
2018-12-07,233.834823608398,153.485015869141,47.8801574707031,93.971076965332
2018-12-10,234.278411865234,155.092315673828,47.5097122192383,94.3599243164062
2018-12-11,234.331649780273,155.605895996094,47.6594696044922,94.3440628051758
2018-12-12,235.51155090332,156.975463867188,48.3609199523926,93.9234619140625
2018-12-13,235.431747436523,157.022994995117,48.274227142334,93.7012481689453
2018-12-14,231.084564208984,153.199645996094,47.6515808105469,94.0266418457031
2018-12-17,226.551055908203,149.728225708008,47.2732734680176,94.57421875
2018-12-18,226.302627563477,150.669799804688,47.3115081787109,95.1405792236328
2018-12-19,222.913635253906,146.970123291016,46.8574333190918,96.3974609375
2018-12-20,219.285018920898,144.83967590332,46.6662483215332,96.0474548339844
2018-12-21,214.791961669922,140.350646972656,45.8536949157715,96.0315399169922
2018-12-24,209.116500854492,136.870193481445,45.3199501037598,96.5088729858398
2018-12-26,219.682113647461,145.416229248047,46.3714904785156,95.4747009277344
2018-12-27,221.368667602539,145.978942871094,46.5069236755371,95.490608215332
2018-12-28,221.083145141602,145.902694702148,46.7538757324219,96.2940673828125
2018-12-31,223.019561767578,147.133056640625,46.8255767822266,96.6599655151367
2019-01-02,223.251571655273,147.724411010742,46.72998046875,97.1690673828125
2019-01-03,217.924240112305,142.898193359375,46.3077621459961,98.2748336791992
2019-01-04,225.223709106445,149.012008666992,47.7257614135742,97.1372909545898
2019-01-07,226.99951171875,150.786087036133,47.9089736938477,96.8508758544922
2019-01-08,229.132263183594,152.150054931641,48.2196617126465,96.5963897705078
2019-01-09,230.203079223633,153.390014648438,48.7613639831543,96.445182800293
2019-01-10,231.015106201172,153.828735351562,48.9525566101074,95.8247375488281
2019-01-11,231.104385375977,153.265960693359,48.6179809570312,96.198600769043
2019-01-14,229.694427490234,151.911560058594,48.3949203491211,95.8406448364258
2019-01-15,232.326919555664,154.877883911133,48.6498413085938,95.490608215332
2019-01-16,232.889099121094,154.849273681641,48.7852630615234,95.5860824584961
2019-01-17,234.656005859375,156.07014465332,48.9605178833008,95.6099548339844
2019-01-18,237.779296875,157.615325927734,49.4544372558594,95.108772277832
2019-01-22,234.56672668457,154.458206176758,48.6896743774414,95.7530975341797
2019-01-23,235.057601928711,154.65852355957,48.9127235412598,95.7133407592773
2019-01-24,235.182540893555,155.660018920898,48.9684944152832,96.3418045043945
2019-01-25,237.172424316406,157.519958496094,49.5261268615723,95.8803939819336
2019-01-28,235.369934082031,155.574203491211,49.2552757263184,95.7849426269531
2019-01-29,235.057601928711,154.105316162109,49.3668060302734,96.2701950073242
2019-01-30,238.778671264648,158.025405883789,49.9085083007812,96.198600769043
2019-01-31,240.875732421875,160.390838623047,49.9324035644531,97.0259246826172
2019-02-01,240.991744995117,159.713653564453,49.9164733886719,96.4399337768555
2019-02-04,242.687286376953,161.697555541992,50.0996932983398,96.0093383789062
2019-02-05,243.704574584961,163.12825012207,50.490047454834,96.4479141235352
2019-02-06,243.383316040039,162.641815185547,50.2351188659668,96.4957122802734
2019-02-07,241.063140869141,160.457611083984,49.5659637451172,97.1335372924805
2019-02-08,241.357650756836,160.772384643555,49.4066352844238,97.5481262207031
2019-02-11,241.491470336914,160.619750976562,49.3588333129883,97.1654510498047
2019-02-12,244.596923828125,162.994735717773,49.9324035644531,96.9182891845703
2019-02-13,245.391143798828,163.109191894531,49.9403648376465,96.5515441894531
2019-02-14,244.846710205078,163.309463500977,49.9563026428223,97.1016540527344
2019-02-15,247.514953613281,163.996231079102,50.6812286376953,97.2531433105469
2019-02-19,247.943328857422,164.320510864258,50.8724250793457,97.5003128051758
2019-02-20,248.443008422852,164.291915893555,51.0158157348633,97.2212600708008
2019-02-21,247.5595703125,163.691009521484,50.9122505187988,96.3522033691406
2019-02-22,249.094375610352,164.90234375,51.0795478820801,96.92626953125
2019-02-25,249.433517456055,165.503234863281,51.2309036254883,96.6392364501953
2019-02-26,249.255126953125,165.674880981445,51.4778594970703,97.1175765991211
2019-02-27,249.148010253906,165.56999206543,51.2707328796387,96.0173263549805
2019-02-28,248.683929443359,165.188491821289,51.1990394592285,95.6904525756836
2019-03-01,250.236663818359,166.333038330078,51.4778594970703,94.8059997558594
2019-03-04,249.326400756836,166.36164855957,51.2866630554199,95.5490646362305
2019-03-05,248.987335205078,166.48567199707,51.3344612121582,95.748779296875
2019-03-06,247.479217529297,165.541320800781,51.2070045471191,96.1003112792969
2019-03-07,245.408966064453,163.509796142578,50.553768157959,96.7235565185547
2019-03-08,244.918182373047,163.261795043945,50.5617446899414,97.1310195922852
2019-03-11,248.469757080078,166.657379150391,50.9998817443848,96.8433837890625
2019-03-12,249.406829833984,167.572982788086,50.9680137634277,97.5224761962891
2019-03-13,251.057693481445,168.832000732422,51.4061546325684,97.3387680053711
2019-03-14,250.897033691406,168.545776367188,51.3981971740723,96.6356430053711
2019-03-15,252.136627197266,170.11003112793,51.9558296203613,97.274787902832
2019-03-18,253.050811767578,170.515228271484,52.1390609741211,97.2189178466797
2019-03-19,253.113571166992,171.088577270508,52.242618560791,97.0031661987305
2019-03-20,252.351669311523,171.766983032227,52.2665138244629,98.0178527832031
2019-03-21,255.201919555664,174.452056884766,52.2346496582031,98.2335815429688
2019-03-22,250.290283203125,170.620300292969,51.2309036254883,99.7595977783203
2019-03-25,250.101943969727,170.295471191406,51.3025970458984,99.9194183349609
2019-03-26,251.96630859375,171.088577270508,51.5575218200684,99.8475189208984
2019-03-27,250.648696899414,169.989685058594,51.581413269043,100.766311645508
2019-03-28,251.598846435547,170.381469726562,51.4539566040039,101.117866516113
2019-03-29,253.185241699219,171.671401977539,51.6690406799316,101.022003173828
2019-04-01,256.187866210938,173.945602416992,52.3302421569824,99.5871047973633
2019-04-02,256.313293457031,174.604888916016,52.3461761474609,99.7712097167969
2019-04-03,256.716674804688,175.608200073242,52.7524566650391,98.9064559936523
2019-04-04,257.397888183594,175.541305541992,52.640926361084,99.1867141723633
2019-04-05,258.643646240234,176.449096679688,52.7763481140137,99.314811706543
2019-04-08,258.840881347656,176.898162841797,52.8082122802734,98.9625244140625
2019-04-09,257.514343261719,176.277084350586,52.4736366271973,99.274787902832
2019-04-10,258.392669677734,177.223037719727,52.6727981567383,99.515007019043
2019-04-11,258.321075439453,176.802642822266,52.5612716674805,98.9304656982422
2019-04-12,260.068878173828,177.567092895508,52.9277191162109,98.2258529663086
2019-04-15,259.898498535156,177.595748901367,52.9516143798828,98.4740905761719
2019-04-16,260.068878173828,178.207290649414,52.9914398193359,97.8574600219727
2019-04-17,259.432434082031,178.828338623047,53.1427955627441,97.8975372314453
2019-04-18,259.943359375,179.057708740234,53.1109390258789,98.4100036621094
2019-04-22,260.167388916016,179.56413269043,53.0233039855957,97.9375534057617
2019-04-23,262.506744384766,181.847854614258,53.1268730163574,98.1457748413086
2019-04-24,261.924102783203,181.274536132812,52.7604217529297,98.9465179443359
2019-04-25,261.7626953125,182.010284423828,52.7205810546875,98.8023452758789
2019-04-26,262.981750488281,182.172744750977,52.9356727600098,99.1386871337891
2019-04-29,263.393981933594,182.526290893555,53.1507682800293,98.506103515625
2019-04-30,263.528503417969,181.112091064453,53.1826248168945,99.0105743408203
2019-05-01,261.547668457031,180.529205322266,52.8799133300781,99.4189834594727
2019-05-02,260.983062744141,179.745635986328,52.8002510070801,98.9455642700195
2019-05-03,263.537475585938,182.612289428711,53.365852355957,99.2264404296875
2019-05-06,262.452941894531,181.494323730469,52.7604217529297,99.4992446899414
2019-05-07,258.070068359375,177.958831787109,51.8363418579102,100.261543273926
2019-05-08,257.711547851562,177.509750366211,51.9000663757324,99.8281784057617
2019-05-09,256.931793212891,176.554183959961,51.6610717773438,100.237442016602
2019-05-10,258.222473144531,176.773971557617,52.0434646606445,100.101028442383
2019-05-13,251.733322143555,170.639434814453,50.8325881958008,100.887367248535
2019-05-14,254.009826660156,172.512298583984,51.3424263000488,100.590484619141
2019-05-15,255.497695922852,174.948913574219,51.5256462097168,101.208351135254
2019-05-16,257.863922119141,176.707046508789,51.9398956298828,100.871383666992
2019-05-17,256.19677734375,174.901092529297,51.5973434448242,101.096008300781
2019-05-20,254.502807617188,171.948532104492,51.3902244567871,100.887367248535
2019-05-21,256.797332763672,173.744918823242,51.7327728271484,100.726936340332
2019-05-22,256.008666992188,172.970962524414,51.5256462097168,101.304672241211
2019-05-23,252.880569458008,170.324111938477,51.0556449890137,102.444091796875
2019-05-24,253.454162597656,170.238128662109,51.6053199768066,102.532348632812
2019-05-28,251.096954345703,169.597915649414,51.103443145752,103.270523071289
2019-05-29,249.411880493164,168.202835083008,50.7768211364746,103.583518981934
2019-05-30,250.093032836914,168.909942626953,50.9680137634277,104.474159240723
2019-05-31,246.722900390625,166.215286254883,50.505973815918,105.782119750977
2019-06-03,246.095550537109,162.555633544922,50.8007164001465,106.489685058594
2019-06-04,251.437454223633,167.132629394531,51.382266998291,105.275550842285
2019-06-05,253.615539550781,168.374801635742,51.3663330078125,104.680526733398
2019-06-06,255.264602661133,169.712539672852,51.5734519958496,105.018280029297
2019-06-07,257.818969726562,172.99006652832,52.226676940918,105.92684173584
2019-06-10,259.002136230469,175.006256103516,52.3700790405273,104.929847717285
2019-06-11,258.939483642578,175.245101928711,52.6329650878906,104.994178771973
2019-06-12,258.482360839844,174.232269287109,52.242618560791,105.074546813965
2019-06-13,259.548858642578,175.264236450195,52.2904167175293,105.436363220215
2019-06-14,259.262145996094,174.518890380859,51.9080238342285,105.701713562012
2019-06-17,259.360717773438,175.569961547852,51.9454689025879,105.886657714844
2019-06-18,262.076446533203,178.121276855469,52.6371994018555,106.417358398438
2019-06-19,262.668090820312,178.790145874023,52.9627342224121,106.570106506348
2019-06-20,265.177612304688,180.452758789062,53.4266052246094,106.851463317871
2019-06-21,264.792175292969,180.185256958008,53.1987419128418,105.677619934082
2019-06-24,264.468017578125,180.190979003906,53.312671661377,106.465606689453
2019-06-25,261.874114990234,177.097717285156,52.9952812194824,106.795257568359
2019-06-26,261.612915039062,177.921371459961,53.0603904724121,106.111740112305
2019-06-27,262.540588378906,178.601287841797,53.190601348877,106.859527587891
2019-06-28,263.891510009766,178.831161499023,53.4917144775391,106.787155151367
2019-07-01,266.287261962891,181.244384765625,53.7439880371094,106.53742980957
2019-07-02,266.980712890625,181.962646484375,53.8986129760742,107.35920715332
2019-07-03,269.115356445312,183.332061767578,54.2648277282715,108.124565124512
2019-07-05,268.809112548828,182.958541870117,53.8497848510742,106.690521240234
2019-07-08,267.332061767578,181.675323486328,53.5405311584473,106.835586547852
2019-07-09,267.665252685547,182.58512878418,53.312671661377,106.795257568359
2019-07-10,268.944152832031,184.404586791992,53.4998435974121,106.207153320312
2019-07-11,269.574615478516,184.2705078125,53.4835662841797,104.789222717285
2019-07-12,270.781494140625,185.333541870117,53.5486793518066,104.910057067871
2019-07-15,270.871704101562,185.927261352539,53.5975036621094,105.514266967773
2019-07-16,269.998046875,184.969665527344,53.3777732849121,105.200096130371
2019-07-17,268.160675048828,184.05989074707,53.3045310974121,106.336036682129
2019-07-18,269.142333984375,184.2705078125,53.4672966003418,106.344085693359
2019-07-19,267.647277832031,182.920227050781,53.312671661377,106.094352722168
2019-07-22,268.3046875,184.375900268555,53.3696441650391,106.29573059082
2019-07-23,270.223175048828,185.582534790039,53.7033042907715,105.715667724609
2019-07-24,271.493041992188,186.884963989258,53.7439880371094,106.174873352051
2019-07-25,270.196166992188,185.113296508789,53.1987419128418,105.667373657227
2019-07-26,272.006317138672,187.018981933594,53.3045310974121,105.917091369629
2019-07-29,271.511108398438,186.377395629883,53.4184684753418,105.94930267334
2019-07-30,270.844604492188,185.572967529297,52.7999649047852,106.207153320312
2019-07-31,267.881408691406,183.006439208984,52.4500312805176,107.061103820801
2019-08-01,265.548736572266,182.0966796875,52.3035430908203,109.187400817871
2019-08-02,263.549285888672,179.415283203125,51.839672088623,110.196403503418
2019-08-05,255.623550415039,173.07568359375,50.5457229614258,112.101524353027
2019-08-06,259.208129882812,175.498519897461,50.8875198364258,112.997550964355
2019-08-07,259.361145019531,176.446563720703,51.0828285217285,113.037948608398
2019-08-08,264.450042724609,180.286727905273,51.5792655944824,113.280082702637
2019-08-09,262.648651123047,178.591690063477,51.2211799621582,113.054039001465
2019-08-12,259.451354980469,176.542343139648,50.8142738342285,115.411193847656
2019-08-13,263.486206054688,180.411239624023,51.2944259643555,115.015686035156
2019-08-14,255.695602416992,175.019653320312,49.8865242004395,117.606918334961
2019-08-15,256.371124267578,174.818588256836,50.0574340820312,118.914596557617
2019-08-16,260.153778076172,177.624481201172,50.6596565246582,117.962089538574
2019-08-19,263.288116455078,180.449508666992,50.9688987731934,116.274948120117
2019-08-20,261.270599365234,179.051361083984,50.7980003356934,117.477760314941
2019-08-21,263.396240234375,180.641098022461,51.1560707092285,116.694725036621
2019-08-22,263.315063476562,180.056884765625,51.0584182739258,115.919799804688
2019-08-23,256.551177978516,174.358871459961,50.4236450195312,117.824851989746
2019-08-26,259.388214111328,176.992492675781,50.838695526123,117.348556518555
2019-08-27,258.370544433594,176.61897277832,50.7980003356934,119.156806945801
2019-08-28,260.189880371094,177.251037597656,50.7980003356934,119.310157775879
2019-08-29,263.51318359375,179.961120605469,51.2374534606934,118.858116149902
2019-08-30,263.396240234375,179.530197143555,51.4409141540527,118.890403747559
2019-09-03,261.856109619141,177.787292480469,51.3432540893555,119.044082641602
2019-09-04,264.828277587891,180.353759765625,52.0675392150879,119.221946716309
2019-09-05,268.232727050781,183.657669067383,52.3442344665527,117.062797546387
2019-09-06,268.439697265625,183.475723266602,52.5151405334473,117.895767211914
2019-09-09,268.574981689453,183.092651367188,52.6697616577148,115.801300048828
2019-09-10,268.511840820312,182.565948486328,52.7592735290527,113.771530151367
2019-09-11,270.421356201172,184.280120849609,53.0522499084473,113.569328308105
2019-09-12,271.357971191406,185.046279907227,53.3615074157715,112.825393676758
2019-09-13,271.177825927734,184.385482788086,53.6626129150391,110.415596008301
2019-09-16,270.340179443359,183.561920166016,53.1824493408203,111.822631835938
2019-09-17,271.024688720703,184.442932128906,53.3615074157715,112.429153442383
2019-09-18,271.186859130859,184.366317749023,53.29638671875,112.906257629395
2019-09-19,271.168823242188,184.672775268555,53.4754371643066,113.245887756348
2019-09-20,269.887603759766,182.719146728516,53.3533554077148,114.741943359375
2019-09-23,269.824371337891,182.7998046875,53.2150077819824,114.717681884766
2019-09-24,267.707000732422,180.372009277344,53.0115547180176,116.100509643555
2019-09-25,269.290344238281,182.396759033203,52.8569374084473,114.402305603027
2019-09-26,268.729431152344,181.725036621094,53.0522499084473,115.13818359375
2019-09-27,267.281768798828,179.470031738281,52.8732109069824,115.421234130859
2019-09-30,268.521362304688,181.178070068359,53.068531036377,115.704238891602
2019-10-01,265.327331542969,179.70036315918,52.5476913452148,116.052574157715
2019-10-02,260.640411376953,176.61051940918,51.473461151123,116.336120605469
2019-10-03,262.775817871094,178.548843383789,51.8152618408203,117.397361755371
2019-10-04,266.331695556641,181.178070068359,52.2221641540527,118.264183044434
2019-10-07,265.1826171875,180.631118774414,52.157054901123,117.283935546875
2019-10-08,261.065643310547,177.92512512207,51.6687812805176,117.599853515625
2019-10-09,263.544830322266,179.661895751953,52.0431289672852,116.935577392578
2019-10-10,265.327331542969,181.053329467773,52.4093360900879,115.193908691406
2019-10-11,268.078033447266,183.385147094727,53.3452224731445,113.768127441406
2019-10-14,267.779388427734,183.36589050293,53.1254920959473,114.594482421875
2019-10-15,270.430511474609,185.697692871094,53.7439880371094,113.209213256836
2019-10-16,269.996154785156,185.237091064453,53.8253707885742,113.346908569336
2019-10-17,270.792358398438,185.726455688477,53.9555854797363,113.071517944336
2019-10-18,269.607116699219,183.941665649414,53.9311599731445,113.071517944336
2019-10-21,271.434844970703,185.572982788086,54.2241325378418,112.220901489258
2019-10-22,270.548156738281,184.095184326172,54.0939254760742,112.877067565918
2019-10-23,271.335266113281,184.450241088867,54.386905670166,112.990501403809
2019-10-24,271.778656005859,186.244659423828,54.484546661377,112.763664245605
2019-10-25,272.8916015625,187.731994628906,54.5415229797363,112.212814331055
2019-10-28,274.4296875,189.583999633789,54.7856559753418,111.192085266113
2019-10-29,274.348266601562,188.115829467773,54.7693939208984,111.264976501465
2019-10-30,275.189819335938,189.027450561523,54.997257232666,112.893257141113
2019-10-31,274.456878662109,189.113845825195,54.8670425415039,114.416229248047
2019-11-01,276.999389648438,190.831390380859,55.3553237915039,114.064002990723
2019-11-04,278.112365722656,192.011734008789,55.6401710510254,112.562774658203
2019-11-05,277.804748535156,192.117263793945,55.534366607666,111.296821594238
2019-11-06,277.868041992188,191.685470581055,55.5099639892578,111.970375061035
2019-11-07,278.845245361328,192.328430175781,55.6808547973633,109.941627502441
2019-11-08,279.532897949219,193.09602355957,55.6482963562012,109.47908782959
2019-11-11,278.999053955078,192.836975097656,55.5750579833984,109.552085876465
2019-11-12,279.587280273438,193.393508911133,55.5994758605957,110.055198669434
2019-11-13,279.677642822266,193.441467285156,55.4041633605957,110.769309997559
2019-11-14,280.084869384766,193.287963867188,55.2495231628418,111.913589477539
2019-11-15,282.111633300781,194.708206176758,55.5994758605957,111.791816711426
2019-11-18,282.319671630859,194.861679077148,55.6645812988281,111.994697570801
2019-11-19,282.238220214844,195.149551391602,55.5913391113281,112.927955627441
2019-11-20,281.188720703125,193.978851318359,55.241397857666,114.096481323242
2019-11-21,280.736328125,193.547058105469,55.1681518554688,113.382400512695
2019-11-22,281.360626220703,193.671768188477,55.3227882385254,113.528442382812
2019-11-25,283.541198730469,195.965194702148,55.7622299194336,113.861175537109
2019-11-26,284.183654785156,196.339401245117,55.7296867370605,114.52660369873
2019-11-27,285.450378417969,197.71159362793,55.8761749267578,114.193885803223
2019-11-29,284.391754150391,196.809616088867,55.4855461120605,113.950477600098
2019-12-02,281.975830078125,194.794479370117,55.2007026672363,112.431106567383
2019-12-03,280.084869384766,193.268798828125,54.997257232666,114.788520812988
2019-12-04,281.813049316406,194.247497558594,55.5018157958984,113.642379760742
2019-12-05,282.319671630859,194.631378173828,55.3960304260254,113.089561462402
2019-12-06,284.8984375,196.713668823242,55.9005889892578,112.463668823242
2019-12-09,284.002685546875,195.821258544922,55.6076126098633,112.707473754883
2019-12-10,283.686065673828,195.658096313477,55.6320343017578,112.715675354004
2019-12-11,284.491271972656,196.694442749023,55.9250030517578,113.601692199707
2019-12-12,286.943359375,198.162643432617,56.2993469238281,111.732063293457
2019-12-13,287.115264892578,198.815139770508,56.6899833679199,113.024566650391
2019-12-16,289.087707519531,200.811065673828,57.2956809997559,112.008415222168
2019-12-17,289.151123046875,200.926239013672,56.9664993286133,111.853981018066
2019-12-18,289.169158935547,201.079742431641,56.8924293518066,110.935386657715
2019-12-19,290.354553222656,202.336837768555,56.8924293518066,111.112892150879
2019-12-20,291.627380371094,203.152450561523,56.9335746765137,111.259460449219
2019-12-23,292.072937011719,203.689041137695,57.0241050720215,111.096572875977
2019-12-24,292.08203125,203.794799804688,56.9664993286133,111.414123535156
2019-12-26,293.636932373047,205.593139648438,57.2133903503418,111.682846069336
2019-12-27,293.564117431641,205.420043945312,57.312141418457,111.80500793457
2019-12-30,291.945678710938,204.073699951172,56.8841934204102,111.397872924805
2019-12-31,292.654907226562,204.458389282227,57.1475563049316,110.306854248047
2020-01-02,295.391723632812,207.872253417969,57.7236404418945,111.55249786377
2020-01-03,293.154998779297,205.968154907227,57.0076370239258,113.270500183105
2020-01-06,294.273468017578,207.295288085938,57.2298469543457,112.627326965332
2020-01-07,293.445922851562,207.266418457031,57.0734901428223,112.073684692383
2020-01-08,295.009887695312,208.824279785156,57.2380828857422,111.332748413086
2020-01-09,297.010192871094,210.593780517578,57.369758605957,111.723533630371
2020-01-10,296.155578613281,210.055206298828,57.1557769775391,112.716827392578
2020-01-13,298.192291259766,212.478622436523,57.4520492553711,112.37491607666
2020-01-14,297.737670898438,211.641952514648,57.5096588134766,112.952949523926
2020-01-15,298.41064453125,211.728530883789,57.5096588134766,113.702056884766
2020-01-16,300.892791748047,213.757583618164,57.7483215332031,113.343734741211
2020-01-17,301.829406738281,214.815444946289,57.9211540222168,112.37491607666
2020-01-21,301.23828125,214.71923828125,57.4602851867676,113.55549621582
2020-01-22,301.274658203125,215.286666870117,57.5755004882812,113.954414367676
2020-01-23,301.620147705078,215.979049682617,57.4356002807617,114.752349853516
2020-01-24,298.937957763672,214.161499023438,57.1887016296387,115.680519104004
2020-01-27,294.146087646484,209.737884521484,56.0036125183105,117.479873657227
2020-01-28,297.228515625,212.959442138672,56.5303268432617,116.559867858887
2020-01-29,296.982940673828,213.305618286133,56.5385551452637,117.699737548828
2020-01-30,297.946838378906,214.065353393555,56.4891777038574,117.715980529785
2020-01-31,292.536712646484,210.670700073242,55.5345230102539,118.790687561035
2020-02-03,294.709808349609,213.853759765625,55.6661987304688,118.694519042969
2020-02-04,299.201599121094,218.748626708984,56.5961570739746,117.096000671387
2020-02-05,302.656799316406,219.469848632812,57.1393241882324,115.81559753418
2020-02-06,303.675109863281,221.364318847656,57.2956809997559,116.337532043457
2020-02-07,302.056640625,220.412261962891,56.7525215148926,117.789237976074
2020-02-10,304.311645507812,223.076065063477,56.8677368164062,118.115447998047
2020-02-11,304.839019775391,223.114547729492,57.2545471191406,117.520095825195
2020-02-12,306.802947998047,225.28791809082,57.4520492553711,116.924781799316
2020-02-13,306.475646972656,224.999450683594,57.0488052368164,117.373306274414
2020-02-14,306.966674804688,225.643753051758,56.9500312805176,117.887107849121
2020-02-18,306.175628662109,225.730285644531,56.5879325866699,118.694519042969
2020-02-19,307.639526367188,227.894012451172,56.7772178649902,118.686386108398
2020-02-20,306.375640869141,225.778350830078,56.4397926330566,119.616065979004
2020-02-21,303.220642089844,221.441299438477,56.1764373779297,120.733322143555
2020-02-24,293.164184570312,212.901718139648,53.9297180175781,122.535736083984
2020-02-25,284.280517578125,207.112564086914,53.0408973693848,123.188163757324
2020-02-26,283.234985351562,208.179946899414,53.1067352294922,122.535736083984
2020-02-27,270.514404296875,197.755584716797,51.534839630127,123.865089416504
2020-02-28,269.377838134766,197.909469604492,51.2221183776855,126.66242980957
2020-03-02,281.043762207031,208.122283935547,51.880500793457,125.730506896973
2020-03-03,272.996673583984,201.448364257812,51.4607810974121,127.682487487793
2020-03-04,284.471527099609,209.853271484375,52.9997482299805,126.326675415039
2020-03-05,275.015228271484,203.477493286133,51.5924606323242,129.471206665039
2020-03-06,270.468933105469,200.044342041016,50.8188591003418,136.209350585938
2020-03-09,249.346786499023,186.148376464844,46.8767967224121,139.901062011719
2020-03-10,262.249206542969,196.284255981445,48.6050491333008,132.729965209961
2020-03-11,249.46501159668,187.735107421875,46.1278877258301,127.845909118652
2020-03-12,225.596862792969,170.521453857422,41.0583419799805,128.638122558594
2020-03-13,244.882278442383,184.965515136719,43.5437431335449,125.730506896973
2020-03-16,218.086395263672,162.808944702148,39.0502853393555,133.873504638672
2020-03-17,229.861297607422,175.156600952148,40.9513549804688,124.946411132812
2020-03-18,218.222732543945,169.829071044922,38.6058769226074,117.89786529541
2020-03-19,218.686508178711,170.84846496582,39.2066421508789,121.107688903809
2020-03-20,209.262359619141,164.155212402344,38.7210845947266,130.214508056641
2020-03-23,203.911895751953,164.273773193359,38.2684516906738,135.580474853516
2020-03-24,222.387008666992,176.994735717773,41.5109825134277,133.056777954102
2020-03-25,225.716125488281,175.68408203125,42.8606719970703,132.754531860352
2020-03-26,238.895645141602,184.935668945312,44.7781982421875,133.407913208008
2020-03-27,231.780044555664,178.575241088867,43.5025901794434,136.968978881836
2020-03-30,239.307235717773,185.070602416992,44.3831672668457,135.841812133789
2020-03-31,235.740295410156,183.490112304688,43.9963760375977,134.739303588867
2020-04-01,225.130798339844,175.693664550781,42.0459175109863,136.627044677734
2020-04-02,230.325759887695,179.259429931641,42.8688926696777,137.493988037109
2020-04-03,226.996627807617,176.715225219727,41.8895492553711,137.821228027344
2020-04-06,242.243133544922,189.349426269531,44.1115913391113,137.461303710938
2020-04-07,242.490036010742,189.272399902344,44.3584823608398,136.021682739258
2020-04-08,250.630096435547,193.291076660156,44.7205963134766,135.031982421875
2020-04-09,254.443984985352,193.570510864258,45.7328567504883,135.277420043945
2020-04-13,252.120895385742,195.66178894043,45.2966728210449,134.042327880859
2020-04-14,259.556671142578,204.171279907227,46.1032028198242,134.009674072266
2020-04-15,254.041564941406,201.829513549805,44.6629829406738,137.559432983398
2020-04-16,255.267166137695,205.510864257812,44.6876754760742,139.121704101562
2020-04-17,262.163391113281,207.476821899414,45.8727607727051,137.256851196289
2020-04-20,257.544586181641,205.019378662109,45.1896934509277,138.361068725586
2020-04-21,249.724578857422,197.454223632812,44.3091011047363,140.10319519043
2020-04-22,255.267166137695,203.313613891602,45.0580177307129,138.671844482422
2020-04-23,255.248825073242,202.879943847656,44.9181098937988,139.407943725586
2020-04-24,258.806671142578,206.07942199707,45.4365882873535,139.735153198242
2020-04-27,262.538269042969,207.737030029297,46.037353515625,137.13410949707
2020-04-28,261.330993652344,203.824340820312,46.3830070495605,138.712768554688
2020-04-29,268.172241210938,211.052185058594,47.5434112548828,137.992935180664
2020-04-30,265.675384521484,210.965423583984,46.5558319091797,136.381683349609
2020-05-01,258.641998291016,205.019378662109,45.5435752868652,137.549514770508
2020-05-04,259.35546875,207.409378051758,45.5271148681641,136.902542114258
2020-05-05,261.751739501953,209.760803222656,45.6094131469727,136.026214599609
2020-05-06,259.977416992188,211.052185058594,45.3131370544434,133.831344604492
2020-05-07,263.114532470703,213.769790649414,45.996208190918,136.067153930664
2020-05-08,267.468078613281,216.699508666992,46.7780265808105,134.298095703125
2020-05-11,267.522857666016,218.636596679688,46.7368965148926,133.249786376953
2020-05-12,262.190704345703,214.058959960938,46.1443405151367,134.61750793457
2020-05-13,257.5537109375,211.379837036133,45.790470123291,135.559326171875
2020-05-14,260.635894775391,213.779449462891,45.3542861938477,136.886108398438
2020-05-15,261.834045410156,215.167221069336,45.395435333252,136.533966064453
2020-05-18,269.809417724609,219.176254272461,47.2306709289551,133.536407470703
2020-05-19,267.0380859375,218.626953125,46.5805244445801,134.036056518555
2020-05-20,271.574676513672,222.992538452148,47.5516357421875,134.437301635742
2020-05-21,269.699615478516,220.563949584961,47.000244140625,134.773132324219
2020-05-22,270.211822509766,221.325347900391,46.8685684204102,135.583892822266
2020-05-26,273.540954589844,220.727767944336,48.2100143432617,133.76579284668
2020-05-27,277.611022949219,221.932418823242,48.7943305969238,133.520111083984
2020-05-28,277.098724365234,221.643371582031,49.2551918029785,133.028671264648
2020-05-29,278.333587646484,224.891021728516,49.0823669433594,133.978713989258
2020-06-01,279.458557128906,225.565628051758,50.1769409179688,133.07666015625
2020-06-02,281.7724609375,227.078628540039,50.6460304260254,132.592895507812
2020-06-03,285.522399902344,228.100173950195,51.8558082580566,130.82975769043
2020-06-04,284.772369384766,226.50048828125,51.6336097717285,128.935394287109
2020-06-05,292.070953369141,230.991317749023,52.5224189758301,128.016967773438
2020-06-08,295.601348876953,232.783798217773,53.2054901123047,128.509017944336
2020-06-09,293.397247314453,234.470275878906,52.5141906738281,129.968719482422
2020-06-10,291.760070800781,237.284317016602,52.3989753723145,131.895858764648
2020-06-11,274.940399169922,225.527069091797,49.5926170349121,134.388717651367
2020-06-12,278.233001708984,227.319580078125,50.4485168457031,133.093032836914
2020-06-15,280.830474853516,230.085388183594,50.6555061340332,133.166854858398
2020-06-16,286.235778808594,234.036605834961,51.2815055847168,131.124984741211
2020-06-17,285.046752929688,234.778686523438,51.4734840393066,131.666152954102
2020-06-18,285.156555175781,235.41471862793,51.1980476379395,133.060256958008
2020-06-19,283.52685546875,235.37614440918,50.9476470947266,133.166854858398
2020-06-22,285.345855712891,238.198989868164,51.5569458007812,133.183258056641
2020-06-23,286.659423828125,240.22624206543,51.8407249450684,132.273025512695
2020-06-24,279.347076416016,235.273834228516,50.5136184692383,133.69172668457
2020-06-25,282.341827392578,237.51350402832,51.2314338684082,134.077133178711
2020-06-26,275.635894775391,231.904663085938,50.488582611084,135.51220703125
2020-06-29,279.686981201172,234.433975219727,50.8975601196289,135.08576965332
2020-06-30,283.269592285156,239.029220581055,50.8057479858398,134.429718017578
2020-07-01,285.253875732422,241.81916809082,50.9977188110352,134.168731689453
2020-07-02,286.824768066406,243.460327148438,51.5569458007812,134.308166503906
2020-07-06,291.252624511719,249.445709228516,52.3999481201172,133.758148193359
2020-07-07,288.248657226562,247.727325439453,51.6320724487305,135.638275146484
2020-07-08,290.453338623047,250.990280151367,52.0660858154297,135.096405029297
2020-07-09,288.799896240234,253.104522705078,51.4734840393066,137.247451782227
2020-07-10,291.748565673828,254.832550048828,52.024356842041,136.557830810547
2020-07-13,289.222473144531,249.59049987793,51.6904907226562,137.00927734375
2020-07-14,292.970458984375,251.357177734375,52.4500274658203,137.206329345703
2020-07-15,295.661956787109,251.868789672852,53.0426330566406,136.565963745117
2020-07-16,294.688293457031,250.150375366211,52.7004280090332,137.214553833008
2020-07-17,295.542572021484,250.440017700195,53.0092582702637,136.927307128906
2020-07-20,297.931030273438,257.545288085938,53.267993927002,137.263870239258
2020-07-21,298.564971923828,254.86149597168,53.3765068054199,137.346008300781
2020-07-22,300.264343261719,255.759307861328,53.5184059143066,137.756454467773
2020-07-23,296.681762695312,249.078872680664,53.0927238464355,139.365600585938
2020-07-24,294.77099609375,246.713638305664,52.8005905151367,139.357437133789
2020-07-27,296.920532226562,251.115798950195,53.4933547973633,138.840194702148
2020-07-28,295.037353515625,247.920379638672,53.1511497497559,139.800750732422
2020-07-29,298.665954589844,250.777938842773,53.7103691101074,139.562683105469
2020-07-30,297.600341796875,252.090850830078,52.9174499511719,140.482208251953
2020-07-31,299.952026367188,256.589599609375,51.7906494140625,140.391845703125
2020-08-03,302.037384033203,260.055297851562,52.8005905151367,139.685028076172
2020-08-04,303.203948974609,261.020629882812,53.0927238464355,141.0166015625
2020-08-05,305.087127685547,261.667449951172,53.267993927002,139.783599853516
2020-08-06,307.126556396484,265.133239746094,53.3264236450195,140.564437866211
2020-08-07,307.347015380859,262.072937011719,53.1094131469727,139.627471923828
2020-08-10,308.265625,260.953063964844,53.2846908569336,139.002838134766
2020-08-11,305.721069335938,256.010345458984,53.4766616821289,137.35075378418
2020-08-12,309.983489990234,262.449401855469,54.6618804931641,136.101470947266
2020-08-13,309.423126220703,263.048034667969,54.4198265075684,134.646667480469
2020-08-14,309.432312011719,262.739013671875,54.0859680175781,134.120651245117
2020-08-17,310.415283203125,265.789733886719,54.494945526123,134.457626342773
2020-08-18,311.0859375,268.347991943359,54.461555480957,135.419296264648
2020-08-19,309.790557861328,266.542694091797,54.2195091247559,134.572692871094
2020-08-20,310.755157470703,270.240112304688,54.0442237854004,135.789138793945
2020-08-21,311.857635498047,272.112884521484,53.7687950134277,136.602767944336
2020-08-24,315.017700195312,273.81201171875,54.4782485961914,136.380889892578
2020-08-25,316.120086669922,275.964721679688,54.5116424560547,135.337097167969
2020-08-26,319.289337158203,281.853637695312,54.8288154602051,134.819274902344
2020-08-27,319.987457275391,280.975067138672,54.2695808410645,132.526077270508
2020-08-28,322.054382324219,282.403900146484,54.6535339355469,132.427444458008
2020-08-31,320.887634277344,284.672515869141,54.2362060546875,133.306884765625
2020-09-01,323.909973144531,289.538116455078,54.2946281433105,134.83171081543
2020-09-02,328.595092773438,292.27978515625,55.0207824707031,136.115325927734
2020-09-03,317.286651611328,277.461059570312,53.7771377563477,136.502075195312
2020-09-04,314.696197509766,273.763763427734,53.8522567749023,133.910110473633
2020-09-08,306.09765625,260.605590820312,53.1928749084473,134.732955932617
2020-09-09,312.142333984375,268.260986328125,54.1861152648926,134.370849609375
2020-09-10,306.722381591797,262.912780761719,53.5517845153809,135.053833007812
2020-09-11,306.878540039062,261.088287353516,54.0859680175781,135.341796875
2020-09-14,310.920532226562,265.635131835938,54.3780975341797,135.333679199219
2020-09-15,312.491363525391,269.400238037109,54.7286491394043,135.004547119141
2020-09-16,311.251251220703,265.104156494141,54.7286491394043,134.601303100586
2020-09-17,308.513702392578,260.962738037109,54.803768157959,135.012741088867
2020-09-18,304.961944580078,257.632232666016,54.3613967895508,134.593048095703
2020-09-21,301.567749023438,258.250091552734,52.9842109680176,135.276031494141
2020-09-22,304.639129638672,263.048034667969,52.9675178527832,135.169052124023
2020-09-23,297.57421875,255.016036987305,52.5251426696777,135.349990844727
2020-09-24,298.367340087891,256.203399658203,52.4750747680664,135.868438720703
2020-09-25,303.191040039062,262.159820556641,52.6503524780273,135.868438720703
2020-09-28,308.226867675781,267.604614257812,53.4432792663574,135.481796264648
2020-09-29,306.548187255859,266.397796630859,53.3848495483398,135.638107299805
2020-09-30,308.872528076172,268.222473144531,53.126106262207,134.337997436523
2020-10-01,310.85546875,272.479736328125,53.4349250793457,134.5595703125
2020-10-02,307.904022216797,264.814544677734,53.3264236450195,134.057083129883
2020-10-05,313.364166259766,270.462097167969,54.1360473632812,131.437744140625
2020-10-06,308.909423828125,265.635131835938,53.5601234436035,132.146057128906
2020-10-07,314.286376953125,270.230407714844,54.0191917419434,131.182403564453
2020-10-08,317.071807861328,271.668853759766,54.3947906494141,131.890716552734
2020-10-09,319.903259277344,275.820068359375,54.8204689025879,131.866073608398
2020-10-12,325.0498046875,284.334686279297,55.1376342773438,132.2861328125
2020-10-13,322.928497314453,284.324981689453,54.5199851989746,133.233383178711
2020-10-14,320.899383544922,281.9501953125,54.4281768798828,133.538131713867
2020-10-15,320.502838134766,280.057983398438,53.7854881286621,133.307479858398
2020-10-16,320.309112548828,278.523040771484,54.0358810424805,132.936813354492
2020-10-19,315.439300537109,273.97607421875,53.8355674743652,132.434448242188
2020-10-20,316.702880859375,274.565124511719,54.1026611328125,131.174133300781
2020-10-21,316.103393554688,274.352600097656,53.8439140319824,130.721084594727
2020-10-22,317.837310791016,274.343017578125,53.8856430053711,129.362014770508
2020-10-23,318.916412353516,274.883636474609,54.2362060546875,130.152786254883
2020-10-26,313.022918701172,270.761383056641,53.2596549987793,131.36360168457
2020-10-27,311.943817138672,272.875610351562,52.8423309326172,132.24494934082
2020-10-28,301.281829833984,262.236999511719,51.2648162841797,132.36848449707
2020-10-29,304.343963623047,266.822601318359,51.5068626403809,131.083572387695
2020-10-30,301.171264648438,260.055297851562,51.2397727966309,129.79035949707
2020-11-02,304.546875,260.634460449219,51.9075012207031,130.762542724609
2020-11-03,309.923950195312,265.142791748047,53.267993927002,130.003875732422
2020-11-04,316.850463867188,276.978485107422,53.8522567749023,132.823989868164
2020-11-05,323.029937744141,284.199493408203,55.1459808349609,133.05485534668
2020-11-06,322.956176757812,284.411895751953,55.2628364562988,131.446929931641
2020-11-09,327.014343261719,278.600311279297,56.8737373352051,128.684555053711
2020-11-10,326.534729003906,273.609252929688,57.3828659057617,127.942451477051
2020-11-11,328.960418701172,279.729797363281,57.8669700622559,128.404220581055
2020-11-12,325.769256591797,278.416870117188,57.0239677429199,130.589370727539
2020-11-13,330.279296875,280.859283447266,57.9003524780273,130.41618347168
2020-11-16,334.402008056641,283.05078125,58.5013084411621,130.102844238281
2020-11-17,332.603546142578,282.152954101562,58.4428977966309,130.952133178711
2020-11-18,328.600646972656,280.067687988281,58.1340713500977,131.331512451172
2020-11-19,329.984130859375,282.259185791016,58.5430526733398,132.00764465332
2020-11-20,327.724517822266,280.328277587891,58.7183265686035,133.178512573242
2020-11-23,329.689056396484,280.338043212891,58.6432151794434,132.568328857422
2020-11-24,335.001617431641,284.276733398438,59.5195922851562,131.249084472656
2020-11-25,334.485076904297,286.024139404297,59.4444694519043,130.844970703125
2020-11-27,335.41650390625,288.659606933594,59.8534622192383,132.114837646484
2020-11-30,333.931610107422,289.248443603516,58.5513916015625,131.949935913086
2020-12-01,337.583953857422,292.955627441406,59.9286003112793,130.004409790039
2020-12-02,338.294281005859,293.33203125,59.9369316101074,128.972595214844
2020-12-03,338.201904296875,293.747222900391,60.0370903015137,130.012619018555
2020-12-04,341.116455078125,294.944274902344,60.5462303161621,128.105926513672
2020-12-07,340.41552734375,296.614410400391,60.053783416748,129.261505126953
2020-12-08,341.41162109375,297.618377685547,60.2624588012695,129.872344970703
2020-12-09,338.349548339844,290.880035400391,60.3459243774414,129.44303894043
2020-12-10,338.238922119141,292.048126220703,60.4293785095215,130.590408325195
2020-12-11,337.842224121094,291.401275634766,60.2457504272461,131.052688598633
2020-12-14,336.329620361328,293.515472412109,60.2828369140625,130.689498901367
2020-12-15,340.876647949219,296.653015136719,60.8980598449707,130.251998901367
2020-12-16,341.41162109375,298.284454345703,61.1340217590332,129.905258178711
2020-12-17,343.32080078125,300.234619140625,61.563835144043,129.561569213867
2020-12-18,341.949920654297,299.327056884766,61.2435913085938,129.173217773438
2020-12-21,340.727264404297,298.767211914062,60.4598159790039,129.685470581055
2020-12-22,340.153045654297,299.57958984375,60.3081092834473,130.35481262207
2020-12-23,340.458709716797,298.07080078125,60.9570541381836,129.454116821289
2020-12-24,341.783233642578,299.386169433594,60.9823303222656,129.966491699219
2020-12-28,344.719421386719,302.403564453125,61.4795455932617,130.024307250977
2020-12-29,344.061798095703,302.674346923828,61.8756446838379,129.859085083008
2020-12-30,344.552642822266,302.683990478516,61.9599342346191,130.140014648438
2020-12-31,346.303283691406,303.428680419922,61.4879913330078,130.330047607422
2021-01-04,341.588745117188,299.144348144531,61.8082313537598,130.173049926758
2021-01-05,343.941314697266,301.610412597656,62.4487342834473,129.206268310547
2021-01-06,345.997680664062,297.432495117188,63.165096282959,126.553909301758
2021-01-07,351.138305664062,304.6279296875,63.2324981689453,125.438438415527
2021-01-08,353.138946533203,308.544860839844,63.8224449157715,125.03352355957
2021-01-11,350.758544921875,304.086364746094,62.9880981445312,124.826988220215
2021-01-12,350.832580566406,303.602783203125,63.2746353149414,124.727836608887
2021-01-13,351.777313232422,305.653106689453,63.190357208252,126.132499694824
2021-01-14,350.545532226562,304.018676757812,63.6960220336914,124.950912475586
2021-01-15,347.988952636719,301.610412597656,62.7015762329102,125.446670532227
2021-01-19,350.721405029297,306.011047363281,63.1566696166992,125.851608276367
2021-01-20,355.574981689453,313.129089355469,63.5864715576172,125.975540161133
2021-01-21,355.899139404297,315.633972167969,63.6370315551758,125.091369628906
2021-01-22,354.639434814453,314.724792480469,63.3336486816406,125.496299743652
2021-01-25,356.038116455078,317.326477050781,63.2577896118164,126.975372314453
2021-01-26,355.482299804688,317.790618896484,63.3504867553711,126.735656738281
2021-01-27,346.794128417969,308.931640625,61.9009437561035,127.057929992676
2021-01-28,349.776733398438,310.759643554688,62.297046661377,126.355598449707
2021-01-29,342.774291992188,304.221740722656,61.0076026916504,125.595413208008
2021-02-01,348.479949951172,311.823425292969,61.7323684692383,125.741035461426
2021-02-02,353.407531738281,316.910583496094,62.356029510498,124.930320739746
2021-02-03,353.685333251953,315.653259277344,62.5077209472656,123.821823120117
2021-02-04,357.705291748047,319.386383056641,62.5751495361328,123.490982055664
2021-02-05,359.113189697266,320.469573974609,62.9628143310547,122.456848144531
2021-02-08,361.706695556641,322.616668701172,63.4010581970215,122.99454498291
2021-02-09,361.4658203125,322.548980712891,63.7465934753418,123.085540771484
2021-02-10,361.308319091797,321.81396484375,63.527473449707,123.90453338623
2021-02-11,361.891937255859,323.583801269531,63.9572715759277,123.226196289062
2021-02-12,363.679656982422,325.392333984375,64.3112411499023,121.69580078125
2021-02-16,363.364593505859,324.512298583984,64.7747497558594,119.842796325684
2021-02-17,363.448028564453,322.955139160156,64.3955154418945,120.603843688965
2021-02-18,361.901184082031,321.543121337891,64.0752639770508,120.115798950195
2021-02-19,361.262054443359,320.140777587891,64.2606735229492,118.519241333008
2021-02-22,358.483428955078,311.8427734375,64.1005477905273,117.617523193359
2021-02-23,358.918762207031,310.914367675781,64.159538269043,117.278289794922
2021-02-24,362.873657226562,313.477264404297,64.3618087768555,116.50895690918
2021-02-25,354.130004882812,302.548614501953,63.2662162780762,114.606307983398
2021-02-26,352.305328369141,303.815612792969,62.3728790283203,118.395072937012
2021-03-01,360.84521484375,312.954956054688,63.544319152832,116.831359863281
2021-03-02,358.029418945312,307.935577392578,63.4769020080566,116.839660644531
2021-03-03,353.287078857422,298.999237060547,63.0892372131348,115.572425842285
2021-03-04,348.915191650391,294.105529785156,62.4908752441406,114.827041625977
2021-03-05,355.334106445312,298.535034179688,62.8953971862793,115.05069732666
2021-03-08,353.565063476562,290.082336425781,62.6762924194336,114.156188964844
2021-03-09,358.613067626953,301.523468017578,63.5190467834473,115.738105773926
2021-03-10,360.84521484375,300.662689208984,63.7887306213379,115.970031738281
2021-03-11,364.503936767578,307.58740234375,64.1258316040039,115.133514404297
2021-03-12,364.994750976562,305.092193603516,64.2859573364258,112.69019317627
2021-03-15,367.171417236328,308.351440429688,64.3365097045898,113.35277557373
2021-03-16,366.708374023438,310.043853759766,64.4460830688477,112.89720916748
2021-03-17,367.958831787109,311.320526123047,64.825309753418,112.052421569824
2021-03-18,362.605133056641,301.784576416016,64.2353973388672,110.917747497559
2021-03-19,361.934112548828,302.848449707031,64.4123687744141,111.605201721191
2021-03-22,364.82421875,308.527801513672,64.4713592529297,112.855819702148
2021-03-23,361.952789306641,307.181793212891,63.5780487060547,113.874588012695
2021-03-24,360.11279296875,302.001159667969,63.2577896118164,114.487457275391
2021-03-25,362.138671875,301.478271484375,63.7297401428223,113.584655761719
2021-03-26,367.974426269531,306.000396728516,64.5556411743164,113.187149047852
2021-03-29,367.788604736328,305.913238525391,64.3028106689453,112.226379394531
2021-03-30,366.812866210938,304.373626708984,64.2185363769531,112.814414978027
2021-03-31,368.299713134766,309.031402587891,63.9404106140137,112.184951782227
2021-04-01,372.276977539062,314.299285888672,64.7747497558594,114.046928405762
2021-04-05,377.620361328125,320.574127197266,65.7186508178711,113.549301147461
2021-04-06,377.397308349609,320.351470947266,65.0191497802734,114.320579528809
2021-04-07,377.834197998047,321.126159667969,65.1539916992188,113.524391174316
2021-04-08,379.627624511719,324.476654052734,65.5248184204102,114.461578369141
2021-04-09,382.387512207031,326.442413330078,65.7270812988281,114.046928405762
2021-04-12,382.526947021484,326.016387939453,65.3647003173828,113.997116088867
2021-04-13,383.66064453125,329.821990966797,65.7439498901367,114.851379394531
2021-04-14,382.350311279297,325.861419677734,65.7944946289062,114.486457824707
2021-04-15,386.457733154297,330.799957275391,66.3423080444336,116.402320861816
2021-04-16,387.74951171875,331.187438964844,66.8226776123047,115.49829864502
2021-04-19,385.844451904297,328.156372070312,66.7046890258789,115.166618347168
2021-04-20,383.019500732422,325.764617919922,65.5079650878906,115.69734954834
2021-04-21,386.643646240234,328.553497314453,66.1821746826172,115.929565429688
2021-04-22,383.1123046875,324.592864990234,65.9630508422852,116.435493469238
2021-04-23,387.266204833984,328.679290771484,66.6372604370117,116.161811828613
2021-04-26,388.074676513672,330.819427490234,66.6878356933594,115.995933532715
2021-04-27,387.991027832031,329.386199951172,66.4687271118164,114.984092712402
2021-04-28,387.879577636719,328.272613525391,66.6372604370117,115.058776855469
2021-04-29,390.351409912109,329.453979492188,66.6625518798828,114.718711853027
2021-04-30,387.78662109375,327.294616699219,65.8282012939453,114.984092712402
2021-05-03,388.622985839844,325.551574707031,66.5529861450195,115.053031921387
2021-05-04,386.225402832031,319.693115234375,65.5669708251953,115.833801269531
2021-05-05,386.346252441406,318.6181640625,66.4602966308594,116.024780273438
2021-05-06,389.431457519531,321.019622802734,67.0080795288086,116.215835571289
2021-05-07,392.265777587891,323.624481201172,67.7665786743164,115.64274597168
2021-05-10,388.381378173828,315.451568603516,67.4041900634766,114.471641540527
2021-05-11,384.915100097656,315.015808105469,66.5192794799805,113.823783874512
2021-05-12,376.737518310547,306.862213134766,65.457405090332,112.627700805664
2021-05-13,381.263092041016,309.234710693359,65.9461975097656,112.80216217041
2021-05-14,387.117584228516,316.061645507812,67.0502014160156,113.856994628906
2021-05-17,386.132507324219,314.144378662109,66.9238052368164,113.616119384766
2021-05-18,382.805725097656,312.023559570312,67.0670852661133,113.32543182373
2021-05-19,381.802124023438,312.381927490234,66.4771423339844,113.051277160645
2021-05-20,385.909454345703,318.424468994141,67.3536148071289,113.981567382812
2021-05-21,385.593505859375,316.662078857422,67.4463119506836,114.347076416016
2021-05-24,389.524291992188,321.988006591797,67.859260559082,114.770629882812
2021-05-25,388.660186767578,322.433441162109,67.8761367797852,115.833801269531
2021-05-26,389.431457519531,323.556732177734,67.8339996337891,115.63444519043
2021-05-27,389.635925292969,322.346282958984,67.9604110717773,115.169342041016
2021-05-28,390.332855224609,323.363037109375,68.1205291748047,114.98656463623
2021-06-01,389.989074707031,322.288146972656,68.3649368286133,114.960777282715
2021-06-02,390.602386474609,322.917602539062,68.5924911499023,115.226974487305
2021-06-03,389.152618408203,319.557373046875,68.2553634643555,114.794418334961
2021-06-04,392.711822509766,324.980255126953,68.8368835449219,116.366485595703
2021-06-07,392.330780029297,325.948638916016,69.0644226074219,116.008857727051
2021-06-08,392.414428710938,326.103515625,69.0307159423828,116.823989868164
2021-06-09,391.828979492188,326.180969238281,68.8453140258789,117.855453491211
2021-06-10,393.650421142578,329.579925537109,69.0349731445312,118.562385559082
2021-06-11,394.300872802734,330.441772460938,69.1972732543945,118.371101379395
2021-06-14,395.183624267578,333.608215332031,69.3168869018555,117.464454650879
2021-06-15,394.458862304688,331.429473876953,69.4023056030273,117.323081970215
2021-06-16,392.256439208984,330.219055175781,68.9751586914062,117.223220825195
2021-06-17,392.126342773438,334.411956787109,68.4967575073242,118.978317260742
2021-06-18,386.836395263672,331.787780761719,67.0786361694336,121.215843200684
2021-06-21,392.374420166016,333.849761962891,67.9585647583008,119.186241149902
2021-06-22,394.471984863281,336.961791992188,67.9671020507812,119.477401733398
2021-06-23,393.996551513672,337.126617431641,67.5314331054688,119.169647216797
2021-06-24,396.327362060547,339.211059570312,68.1806640625,119.360908508301
2021-06-25,397.735168457031,338.794158935547,68.3259048461914,118.121551513672
2021-06-28,398.536956787109,342.914398193359,67.8902130126953,119.335998535156
2021-06-29,398.751373291016,344.155334472656,67.9072952270508,119.535598754883
2021-06-30,399.087097167969,343.612518310547,67.3861923217773,120.067947387695
2021-07-01,401.296569824219,343.748260498047,67.5485000610352,120.074584960938
2021-07-02,404.363922119141,347.694030761719,67.7791366577148,120.799209594727
2021-07-06,403.62744140625,349.196685791016,67.3349075317383,122.215034484863
2021-07-07,405.053894042969,349.933471679688,67.702262878418,123.297813415527
2021-07-08,401.75341796875,347.820037841797,66.8309097290039,123.780876159668
2021-07-09,406.042083740234,349.991668701172,67.9671020507812,122.040184020996
2021-07-12,407.496459960938,351.358673095703,68.2575531005859,121.881942749023
2021-07-13,406.107360839844,351.358673095703,67.8987579345703,120.949142456055
2021-07-14,406.713348388672,351.988800048828,68.0525283813477,122.32332611084
2021-07-15,405.324249267578,349.5166015625,67.4032592773438,123.672630310059
2021-07-16,402.144989013672,346.685791015625,66.9077758789062,123.439384460449
2021-07-19,396.206176757812,343.845123291016,65.694694519043,126.146202087402
2021-07-20,401.883941650391,347.839447021484,66.173095703125,124.930221557617
2021-07-21,405.137725830078,350.524810791016,67.1811599731445,123.347778320312
2021-07-22,405.986145019531,352.841918945312,67.206787109375,124.513801574707
2021-07-23,410.162933349609,356.962219238281,67.676643371582,123.680976867676
2021-07-26,411.169769287109,357.243377685547,67.7706146240234,123.314498901367
2021-07-27,409.295867919922,353.307220458984,67.4972534179688,124.630393981934
2021-07-28,409.128082275391,354.66455078125,67.7876815795898,124.638740539551
2021-07-29,410.824829101562,355.294677734375,68.2575531005859,123.947425842285
2021-07-30,408.829772949219,353.443054199219,67.9072952270508,124.530502319336
2021-08-02,407.972015380859,353.472076416016,68.2490158081055,125.641143798828
2021-08-03,411.291046142578,355.614685058594,68.7359619140625,125.707855224609
2021-08-04,409.267883300781,356.12841796875,68.5309219360352,125.966369628906
2021-08-05,411.859802246094,358.387359619141,68.8640975952148,125.324310302734
2021-08-06,412.540313720703,356.816741943359,68.6078109741211,123.231254577637
2021-08-09,412.204681396484,357.476043701172,68.5736312866211,122.789276123047
2021-08-10,412.717498779297,355.643707275391,68.7274169921875,122.222267150879
2021-08-11,413.743072509766,355.032958984375,69.1972732543945,122.147239685059
2021-08-12,414.982940673828,356.312622070312,69.1374588012695,121.947067260742
2021-08-13,415.738128662109,357.563354492188,69.5560607910156,123.87336730957
2021-08-16,416.717132568359,357.718353271484,69.1972732543945,124.173553466797
2021-08-17,413.985443115234,354.567596435547,68.5480117797852,124.123519897461
2021-08-18,409.454437255859,351.154968261719,68.2831726074219,124.540412902832
2021-08-19,410.08837890625,352.8515625,67.6083068847656,125.457710266113
2021-08-20,413.351440429688,356.506530761719,67.8731155395508,125.541114807129
2021-08-23,416.987487792969,361.838684082031,68.5053100585938,125.457710266113
2021-08-24,417.6494140625,362.943878173828,68.6505279541016,124.482093811035
2021-08-25,418.525848388672,363.360778808594,68.676155090332,123.448127746582
2021-08-26,416.055114746094,361.053344726562,68.3173599243164,123.78995513916
2021-08-27,419.775024414062,364.56298828125,68.9409866333008,124.632164001465
2021-08-30,421.62109375,368.654144287109,68.9239044189453,124.957427978516
2021-08-31,420.996429443359,368.353546142578,68.8897323608398,124.106842041016
2021-09-01,421.220153808594,368.96435546875,69.5133514404297,124.314750671387
2021-09-02,422.516174316406,368.789886474609,69.7952728271484,124.857383728027
2021-09-03,422.41357421875,369.924102783203,70.1113586425781,123.721954345703
2021-09-07,420.903167724609,370.447631835938,70.1626281738281,122.678245544434
2021-09-08,420.390441894531,369.158325195312,69.6073379516602,123.513214111328
2021-09-09,418.591094970703,367.888275146484,69.4877166748047,125.007720947266
2021-09-10,415.290649414062,365.096160888672,69.3339691162109,123.905616760254
2021-09-13,416.353424072266,364.844085693359,69.8807067871094,124.657104492188
2021-09-14,414.106597900391,363.806823730469,69.5902404785156,126.168334960938
2021-09-15,417.565551757812,366.511627197266,69.7952728271484,125.725746154785
2021-09-16,416.903594970703,366.763641357422,69.6842193603516,125.149658203125
2021-09-17,412.842498779297,362.420379638672,68.7701263427734,124.548538208008
2021-09-20,405.958740234375,354.931549072266,67.4972534179688,126.093200683594
2021-09-21,405.5751953125,355.368255615234,68.16357421875,125.984642028809
2021-09-22,409.531463623047,358.687683105469,68.5053100585938,126.736099243164
2021-09-23,414.507415771484,361.997253417969,69.2485275268555,123.872192382812
2021-09-24,415.190032958984,362.336944580078,68.5992813110352,122.661560058594
2021-09-27,414.002319335938,359.444641113281,68.5565567016602,122.210693359375
2021-09-28,405.659393310547,349.273223876953,67.0615615844727,120.306991577148
2021-09-29,406.342193603516,348.700561523438,66.9077758789062,120.515724182129
2021-09-30,401.375762939453,347.41943359375,66.6429595947266,120.499076843262
2021-10-01,406.145721435547,349.574035644531,66.8052673339844,121.513107299805
2021-10-04,400.908020019531,342.236755371094,66.104736328125,121.203804016113
2021-10-05,405.079528808594,346.856628417969,66.5575256347656,120.033432006836
2021-10-06,406.763031005859,349.079193115234,66.1133041381836,120.710556030273
2021-10-07,410.279876708984,352.281921386719,66.625862121582,119.448181152344
2021-10-08,409.531463623047,350.525238037109,66.617317199707,118.612182617188
2021-10-11,406.566650390625,347.836791992188,66.4037628173828,118.311233520508
2021-10-12,405.565795898438,346.623657226562,66.4379196166992,120.334373474121
2021-10-13,407.02490234375,349.399444580078,67.0957336425781,121.504745483398
2021-10-14,413.871276855469,355.834197998047,67.7620620727539,121.956161499023
2021-10-15,417.023254394531,358.076202392578,68.3259048461914,121.245613098145
2021-10-18,418.257843017578,361.676879882812,68.0354385375977,121.814102172852
2021-10-19,421.484680175781,364.413848876953,68.4455108642578,120.133689880371
2021-10-20,423.14013671875,363.938293457031,68.684700012207,119.322814941406
2021-10-21,424.243865966797,366.160827636719,68.3600692749023,119.180625915527
2021-10-22,423.804168701172,363.084259033203,68.7701263427734,120.493209838867
2021-10-25,426.076965332031,366.801452636719,68.633430480957,120.309265136719
2021-10-26,426.460510253906,367.956420898438,68.7701263427734,121.304122924805
2021-10-27,424.571258544922,368.810485839844,68.4967575073242,123.511161804199
2021-10-28,428.667877197266,372.906219482422,69.1631088256836,123.093193054199
2021-10-29,429.537689208984,374.740600585938,68.761589050293,123.469329833984
2021-11-01,430.276519775391,376.021697998047,69.4279251098633,122.580413818359
2021-11-02,432.016204833984,377.593994140625,69.2827072143555,123.124481201172
2021-11-03,434.653717041016,381.602386474609,69.8465270996094,121.852157592773
2021-11-04,436.702056884766,386.493988037109,69.8038101196289,123.132835388184
2021-11-05,438.21728515625,386.862854003906,69.9063415527344,124.974411010742
2021-11-08,438.591369628906,386.338653564453,69.8977890014648,124.740020751953
2021-11-09,437.141662597656,383.679412841797,69.7440185546875,126.363967895508
2021-11-10,433.624938964844,378.040466308594,68.8982696533203,124.053672790527
2021-11-11,433.765167236328,379.088714599609,69.1460189819336,123.869483947754
2021-11-12,437.038787841797,383.077667236328,69.5218963623047,123.325355529785
2021-11-15,437.188415527344,382.990356445312,69.3937606811523,121.776824951172
2021-11-16,438.918792724609,385.717529296875,69.2399978637695,121.467132568359
2021-11-17,437.8525390625,385.92138671875,69.1545562744141,122.429733276367
2021-11-18,439.339599609375,389.920074462891,69.222900390625,122.890098571777
2021-11-19,438.553955078125,392.094055175781,68.633430480957,124.187576293945
2021-11-22,437.3193359375,387.542144775391,68.2319259643555,122.731101989746
2021-11-23,437.899291992188,385.775756835938,68.16357421875,120.956504821777
2021-11-24,439.068389892578,387.018096923828,67.710807800293,122.898490905762
2021-11-26,429.275817871094,379.680755615234,65.8911819458008,126.00399017334
2021-11-29,434.541442871094,387.920684814453,66.2243576049805,124.9912109375
2021-11-30,426.086395263672,382.223541259766,65.6434326171875,126.891311645508
2021-12-01,421.353698730469,375.720794677734,65.2675476074219,127.67406463623
2021-12-02,427.807342529297,378.428680419922,66.0791244506836,127.833374023438
2021-12-03,424.084899902344,371.848358154297,65.8057556152344,129.358612060547
2021-12-06,429.107421875,374.827941894531,66.4379196166992,127.581901550293
2021-12-07,437.983428955078,386.115509033203,67.8389587402344,126.551071166992
2021-12-08,439.143188476562,387.843109130859,67.9671020507812,124.36368560791
2021-12-09,436.178283691406,382.136199951172,67.4032592773438,125.05931854248
2021-12-10,440.284271240234,386.290222167969,67.5485000610352,124.757530212402
2021-12-13,436.384033203125,380.709533691406,66.915771484375,126.601341247559
2021-12-14,433.381744384766,376.769134521484,66.5594177246094,126.299560546875
2021-12-15,440.153350830078,385.358428955078,67.4633331298828,125.084396362305
2021-12-16,436.271789550781,375.449066162109,67.4720153808594,125.133110046387
2021-12-17,431.628631591797,373.575866699219,66.620246887207,126.551055908203
2021-12-20,427.038940429688,369.952117919922,66.4724884033203,125.602882385254
2021-12-21,434.622711181641,378.231719970703,67.2112655639648,125.124671936035
2021-12-22,438.968475341797,382.838043212891,67.8370590209961,125.703582763672
2021-12-23,441.69970703125,385.724273681641,68.2368698120117,124.612899780273
2021-12-27,447.95068359375,392.099334716797,68.7670669555664,124.914916992188
2021-12-28,447.584686279297,390.281982421875,68.7931213378906,124.419891357422
2021-12-29,448.157257080078,390.223663330078,68.7670669555664,123.060638427734
2021-12-30,446.918243408203,389.057556152344,68.5867691040039,124.092681884766
2021-12-31,445.791931152344,386.628112792969,68.5257949829102,124.335990905762
2022-01-03,448.373077392578,390.350036621094,68.9699783325195,121.072204589844
2022-01-04,448.222839355469,385.287048339844,69.3618927001953,120.568740844727
2022-01-05,439.615997314453,373.450592041016,68.7522506713867,119.91429901123
2022-01-06,439.203094482422,373.188140869141,68.4038772583008,120.224678039551
2022-01-07,437.466674804688,369.145477294922,68.6041793823242,119.36051940918
2022-01-10,436.922302246094,369.388427734375,67.9683990478516,119.654174804688
2022-01-11,440.901885986328,374.937347412109,68.7086868286133,120.451286315918
2022-01-12,442.093933105469,376.424224853516,69.3793334960938,119.989784240723
2022-01-13,436.002502441406,367.007507324219,68.8741760253906,121.055358886719
2022-01-14,436.180786132812,369.291259765625,68.8044967651367,119.22632598877
2022-01-18,428.456237792969,360.098052978516,67.7942047119141,117.548210144043
2022-01-19,424.007232666016,356.142852783203,67.7332382202148,118.362113952637
2022-01-20,419.314300537109,351.517211914062,67.4022827148438,119.09204864502
2022-01-21,411.082946777344,341.770050048828,66.4877853393555,120.510009765625
2022-01-24,412.828674316406,343.334594726562,65.8258743286133,119.519920349121
2022-01-25,407.788513183594,335.375701904297,65.4252395629883,119.326927185059
2022-01-26,406.765441894531,334.850860595703,65.1726531982422,117.883865356445
2022-01-27,404.756805419922,331.478759765625,64.8678283691406,120.048538208008
2022-01-28,414.809143066406,341.876953125,65.085578918457,120.090538024902
2022-01-31,422.280334472656,352.809661865234,66.0348892211914,119.469604492188
2022-02-01,425.133666992188,355.209930419922,66.6619873046875,119.073020935059
2022-02-02,429.263366699219,358.096160888672,67.1584167480469,119.476295471191
2022-02-03,419.173583984375,343.577606201172,66.0958633422852,118.54370880127
2022-02-04,421.144653320312,347.911865234375,66.2526321411133,116.796104431152
2022-02-07,419.793060302734,345.113037109375,66.3658599853516,116.871719360352
2022-02-08,423.247009277344,348.990539550781,66.7055130004883,116.09033203125
2022-02-09,429.441711425781,356.385833740234,67.7854995727539,116.308746337891
2022-02-10,421.7265625,348.319976806641,66.9232482910156,114.460289001465
2022-02-11,413.41064453125,337.270690917969,65.912971496582,116.157539367676
2022-02-14,412.059051513672,337.688568115234,65.486213684082,114.712379455566
2022-02-15,418.704254150391,346.084777832031,66.6881103515625,113.410064697266
2022-02-16,419.173583984375,345.997344970703,66.9406814575195,114.082221984863
2022-02-17,410.219451904297,335.706085205078,65.8607177734375,114.930854797363
2022-02-18,407.563232421875,331.877227783203,65.5820083618164,116.140724182129
2022-02-22,403.189422607422,328.5439453125,64.8155822753906,116.443206787109
2022-02-23,396.037414550781,320.128234863281,64.2843017578125,114.838394165039
2022-02-24,401.997375488281,330.885986328125,63.422061920166,114.914031982422
2022-02-25,410.867065429688,336.017028808594,65.007194519043,114.998054504395
2022-02-28,409.815826416016,337.018005371094,63.770435333252,117.518630981445
2022-03-01,403.57421875,331.857757568359,62.3769302368164,118.877426147461
2022-03-02,410.998474121094,337.426177978516,63.1607818603516,114.813789367676
2022-03-03,408.952331542969,332.606048583984,61.9153366088867,115.983268737793
2022-03-04,405.629791259766,327.785949707031,60.1211929321289,117.985580444336
2022-03-07,393.672149658203,315.696807861328,58.2138366699219,117.085350036621
2022-03-08,390.687347412109,314.229400634766,58.7189788818359,115.907577514648
2022-03-09,401.162109375,325.541046142578,61.1750373840332,114.771774291992
2022-03-10,399.3505859375,321.926116943359,60.4434432983398,113.122856140137
2022-03-11,394.272796630859,315.249877929688,59.7902336120605,113.501396179199
2022-03-14,391.391296386719,309.195556640625,60.3389282226562,110.851249694824
2022-03-15,399.998168945312,318.893981933594,60.9137573242188,110.657745361328
2022-03-16,408.867858886719,330.720733642578,63.0998153686523,111.743003845215
2022-03-17,413.983123779297,334.724517822266,63.6310920715332,110.910171508789
2022-03-18,418.517456054688,341.575714111328,64.2494583129883,112.264663696289
2022-03-21,418.395080566406,340.626037597656,63.8488235473633,109.665046691895
2022-03-22,423.290924072266,347.3203125,64.4497833251953,108.259979248047
2022-03-23,417.839569091797,342.328796386719,63.6136779785156,110.63249206543
2022-03-24,424.138214111328,349.937713623047,64.2059173583984,109.765930175781
2022-03-25,426.209503173828,349.645812988281,64.2407531738281,108.243171691895
2022-03-28,429.241180419922,355.055603027344,64.0317306518555,109.168670654297
2022-03-29,434.551239013672,361.165985107422,65.4513778686523,109.993110656738
2022-03-30,431.867950439453,357.176666259766,65.1813735961914,110.851249694824
2022-03-31,425.220977783203,352.749633789062,64.1014022827148,111.120483398438
2022-04-01,426.426147460938,352.078155517578,64.7023468017578,111.543479919434
2022-04-04,430.079132080078,359.326995849609,64.9636383056641,110.768280029297
2022-04-05,424.646697998047,351.348419189453,64.0839920043945,108.265747070312
2022-04-06,420.400482177734,343.720245361328,63.3175468444824,107.389419555664
2022-04-07,422.518798828125,344.537536621094,63.4569053649902,106.580574035645
2022-04-08,421.389038085938,339.72119140625,63.4830360412598,105.426200866699
2022-04-11,414.186553955078,331.684204101562,62.8124198913574,103.757843017578
2022-04-12,412.651885986328,330.283172607422,62.3421058654785,103.61457824707
2022-04-13,417.378265380859,336.996795654297,63.0127220153809,103.825256347656
2022-04-14,412.181060791016,329.290740966797,62.7253112792969,101.744026184082
2022-04-18,412.350616455078,329.543670654297,62.3595161437988,101.238471984863
2022-04-19,419.007110595703,336.909271240234,62.655647277832,100.480117797852
2022-04-20,418.696350097656,331.99560546875,63.0736961364746,102.502380371094
2022-04-21,412.435302734375,325.126281738281,62.3943557739258,101.744026184082
2022-04-22,401.118408203125,316.612518310547,61.3753547668457,101.103660583496
2022-04-25,403.443969726562,320.6796875,61.0792274475098,102.114738464355
2022-04-26,391.759887695312,308.575622558594,59.3721771240234,103.14274597168
2022-04-27,392.861419677734,308.205902099609,59.6421813964844,101.819854736328
2022-04-28,402.784912109375,319.152099609375,60.4869956970215,101.971519470215
2022-04-29,387.899749755859,304.790679931641,59.7815208435059,100.648658752441
2022-05-02,390.234710693359,309.879547119141,59.633472442627,98.9040222167969
2022-05-03,392.023529052734,310.210296630859,60.0776519775391,99.57080078125
2022-05-04,403.961822509766,320.699157714844,61.1314926147461,100.119422912598
2022-05-05,389.603881835938,304.547393798828,59.1631546020508,97.3763122558594
2022-05-06,387.278350830078,300.898681640625,58.5883331298828,95.9414596557617
2022-05-09,374.878723144531,289.125427246094,56.8203239440918,96.7854919433594
2022-05-10,375.744934082031,292.638000488281,57.2470855712891,97.6632843017578
2022-05-11,369.775756835938,283.958892822266,56.9074096679688,99.5454940795898
2022-05-12,369.389770507812,283.287445068359,56.7680587768555,99.3597640991211
2022-05-13,378.221069335938,293.786071777344,58.3444709777832,97.8911895751953
2022-05-16,376.686462402344,290.380584716797,58.3967323303223,97.789909362793
2022-05-17,384.434997558594,297.901885986328,59.4854164123535,96.6082382202148
2022-05-18,368.937835693359,283.277801513672,58.0657691955566,98.6676788330078
2022-05-19,366.678192138672,281.759887695312,58.6231689453125,98.9040222167969
2022-05-20,366.838287353516,280.884185791016,59.0238075256348,100.026611328125
2022-05-23,373.701873779297,285.554595947266,60.025390625,98.380729675293
2022-05-24,370.84912109375,279.483062744141,59.9295921325684,100.32201385498
2022-05-25,374.125518798828,283.394592285156,59.9470024108887,100.718681335449
2022-05-26,381.601043701172,291.246490478516,60.6089172363281,100.262916564941
2022-05-27,390.969055175781,300.752746582031,61.340518951416,100.507698059082
2022-05-31,388.775329589844,299.954925537109,60.9747161865234,98.380729675293
2022-06-01,385.630767822266,297.736480712891,60.3302230834961,98.2682571411133
2022-06-02,392.974517822266,305.890167236328,61.5843734741211,98.3189926147461
2022-06-03,386.525177001953,297.931060791016,60.7047157287598,98.1076126098633
2022-06-06,387.702026367188,298.923553466797,60.9485931396484,96.2981491088867
2022-06-07,391.420928955078,301.501983642578,61.1314926147461,97.3381576538086
2022-06-08,387.165435791016,299.332183837891,60.277961730957,96.4757232666016
2022-06-09,377.957550048828,291.314727783203,59.0120887756348,96.7970428466797
2022-06-10,366.998382568359,281.039855957031,57.5877494812012,96.1967086791992
2022-06-13,353.064086914062,267.972442626953,55.6827011108398,93.1781158447266
2022-06-14,352.000213623047,268.459045410156,55.157470703125,92.0028305053711
2022-06-15,357.018371582031,275.162933349609,56.1901168823242,93.7192687988281
2022-06-16,345.202484130859,264.061065673828,54.9527206420898,94.4633407592773
2022-06-17,345.946685791016,267.272033691406,54.7301712036133,94.7677230834961
2022-06-21,354.655364990234,274.015045166016,55.5580635070801,93.1612014770508
2022-06-22,354.012420654297,273.615417480469,55.1841850280762,95.7231903076172
2022-06-23,357.482635498047,277.690338134766,55.1218643188477,96.5095443725586
2022-06-24,368.848449707031,287.205078125,56.7687568664551,95.1736297607422
2022-06-27,367.439514160156,285.099395751953,56.528392791748,94.3618774414062
2022-06-28,359.931701660156,276.413299560547,56.1456069946289,94.8015213012695
2022-06-29,359.638610839844,276.666809082031,55.9319610595703,96.2812576293945
2022-06-30,356.716766357422,273.235321044922,55.6292877197266,97.1267852783203
2022-07-01,360.489654541016,275.038787841797,55.7628135681152,98.1239624023438
2022-07-05,361.170379638672,279.747344970703,54.5699348449707,98.8949279785156
2022-07-06,362.390197753906,281.541046142578,54.6144409179688,97.2343902587891
2022-07-07,367.817718505859,287.565826416016,55.4423408508301,96.3786849975586
2022-07-08,367.515197753906,287.926483154297,55.5046539306641,95.3111953735352
2022-07-11,363.316802978516,281.775054931641,54.605541229248,96.9547805786133
2022-07-12,360.101898193359,279.045440673828,54.5966377258301,97.5308990478516
2022-07-13,358.210754394531,278.470306396484,54.5699348449707,98.6492080688477
2022-07-14,357.340759277344,279.464721679688,53.8043441772461,97.8443984985352
2022-07-15,364.167846679688,284.533966064453,54.6589546203613,98.3950729370117
2022-07-18,361.160949707031,282.126007080078,54.8815116882324,97.3699264526367
2022-07-19,370.919250488281,290.802337646484,56.3770637512207,96.8446655273438
2022-07-20,373.283142089844,295.413391113281,56.0031700134277,97.0988616943359
2022-07-21,377.084350585938,299.654144287109,56.5818138122559,98.7762832641602
2022-07-22,373.585754394531,294.399566650391,56.4393730163574,100.436851501465
2022-07-25,374.039611816406,292.722808837891,56.8755798339844,99.4540939331055
2022-07-26,369.614410400391,286.971099853516,56.0832939147949,99.5303192138672
2022-07-27,379.211975097656,299.098480224609,57.4096984863281,98.9711532592773
2022-07-28,383.968109130859,302.022979736328,57.7034721374512,99.7590789794922
2022-07-29,389.56591796875,307.531005859375,58.5046653747559,99.4879837036133
2022-08-01,388.412292480469,307.345764160156,58.5847778320312,101.883987426758
2022-08-02,385.849853515625,306.429412841797,57.6500663757324,99.7281265258789
2022-08-03,391.891998291016,314.774261474609,57.9883460998535,101.298316955566
2022-08-04,391.627227783203,316.246307373047,58.2821083068848,101.264373779297
2022-08-05,390.965301513672,313.662933349609,57.872615814209,98.8539199829102
2022-08-08,390.511474609375,312.649078369141,58.0061531066895,100.449577331543
2022-08-09,388.960723876953,309.110290527344,57.6945762634277,100.059188842773
2022-08-10,397.130493164062,317.737915039062,58.9942779541016,99.4056549072266
2022-08-11,397.130493164062,315.934356689453,58.9764785766602,97.0885162353516
2022-08-12,403.853485107422,322.085723876953,59.4304847717285,98.0730895996094
2022-08-15,405.517700195312,324.688598632812,59.074405670166,97.9882125854492
2022-08-16,406.312042236328,323.92822265625,59.0566024780273,98.3956146240234
2022-08-17,403.427917480469,320.233489990234,58.5847778320312,97.3686599731445
2022-08-18,404.600524902344,321.003662109375,58.3889427185059,97.5129165649414
2022-08-19,399.163421630859,314.744964599609,57.5877494812012,95.9427719116211
2022-08-22,390.851837158203,306.458618164062,56.6085205078125,95.6202011108398
2022-08-23,389.906341552734,306.205169677734,56.6352233886719,95.093994140625
2022-08-24,391.154449462891,307.092376708984,56.7064399719238,94.3979949951172
2022-08-25,396.676666259766,312.522277832031,57.3295860290527,95.7135467529297
2022-08-26,383.249481201172,299.712646484375,55.8251304626465,96.4350051879883
2022-08-29,380.71533203125,296.758728027344,55.7005004882812,95.6371994018555
2022-08-30,376.535888671875,293.453918457031,55.2999076843262,95.8748321533203
2022-08-31,373.670806884766,291.747924804688,54.9260215759277,94.9581756591797
2022-09-01,374.843383789062,291.874664306641,54.1871376037598,93.2196426391602
2022-09-02,370.890838623047,287.751098632812,53.8310585021973,93.7470245361328
2022-09-06,369.491424560547,285.684295654297,53.6975288391113,91.4250030517578
2022-09-07,376.129364013672,291.455474853516,54.1693344116211,92.8709335327148
2022-09-08,378.587829589844,292.966522216797,54.2049446105957,91.9183502197266
2022-09-09,384.46923828125,299.371398925781,55.5847702026367,92.1224746704102
2022-09-12,388.601409912109,302.929626464844,56.359260559082,91.365478515625
2022-09-13,371.704071044922,286.317962646484,54.4007911682129,91.5781173706055
2022-09-14,373.122406005859,288.58935546875,54.5788383483887,91.8927993774414
2022-09-15,368.88623046875,283.783294677734,54.0981216430664,91.8332748413086
2022-09-16,366.072052001953,282.048065185547,53.7687454223633,91.0677642822266
2022-09-19,368.910888671875,284.244445800781,53.9556884765625,91.2804260253906
2022-09-20,364.676330566406,281.978729248047,53.0387725830078,90.370361328125
2022-09-21,358.315063476562,276.929626464844,52.3443984985352,91.8843002319336
2022-09-22,355.305328369141,273.521209716797,52.1930656433105,89.5367889404297
2022-09-23,349.352142333984,269.067810058594,50.5283699035645,89.9025344848633
2022-09-26,345.896087646484,267.954406738281,49.7805976867676,88.184440612793
2022-09-27,345.013214111328,268.061950683594,49.4423179626465,85.862434387207
2022-09-28,351.801727294922,273.394195556641,50.6352005004883,88.7372970581055
2022-09-29,344.453002929688,265.512939453125,50.0387535095215,88.2779998779297
2022-09-30,339.12646484375,261.010803222656,49.8607177734375,87.1382904052734
2022-10-03,348.079864501953,267.134094238281,50.8488540649414,88.5228576660156
2022-10-04,358.865631103516,275.533050537109,52.8874397277832,88.2756118774414
2022-10-05,358.030151367188,275.386566162109,52.326602935791,87.4315567016602
2022-10-06,354.336822509766,273.218414306641,51.4096870422363,86.9455947875977
2022-10-07,344.453002929688,262.807708740234,50.5906944274902,86.1015548706055
2022-10-10,341.822998046875,260.180603027344,50.3058242797852,84.7630004882812
2022-10-11,339.658233642578,256.606201171875,49.7538909912109,85.1381378173828
2022-10-12,338.537811279297,256.518310546875,49.5936508178711,85.5558853149414
2022-10-13,347.472259521484,262.534332275391,50.6173973083496,84.7373962402344
2022-10-14,339.553741455078,254.643142700195,49.8607177734375,84.038330078125
2022-10-17,348.279327392578,263.051879882812,51.0892066955566,83.6290740966797
2022-10-18,352.371398925781,265.132019042969,51.4541969299316,83.8251953125
2022-10-19,349.874298095703,264.165252685547,50.8221435546875,82.2990493774414
2022-10-20,346.940490722656,262.817413330078,50.7064170837402,80.8923263549805
2022-10-21,355.371673583984,268.979949951172,51.6233367919922,79.4344100952148
2022-10-24,359.72021484375,271.939025878906,51.6322364807129,78.7779159545898
2022-10-25,365.464385986328,277.564422607422,52.7717056274414,81.0713500976562
2022-10-26,362.710968017578,271.431274414062,53.2702255249023,82.2393951416016
2022-10-27,360.774139404297,266.489501953125,52.7717056274414,83.1004638671875
2022-10-28,369.357116699219,274.644287109375,53.296932220459,82.5292510986328
2022-10-31,366.689208984375,271.450775146484,52.798412322998,81.9409790039062
2022-11-01,365.084533691406,268.677093505859,53.2168159484863,82.7067565917969
2022-11-02,355.922424316406,259.467651367188,52.4423332214355,82.3478088378906
2022-11-03,352.257476806641,254.399032592773,51.9972305297852,81.9033966064453
2022-11-04,357.327606201172,258.491119384766,54.0803184509277,80.5273361206055
2022-11-07,360.745666503906,261.332977294922,54.249454498291,79.7239608764648
2022-11-08,362.691955566406,263.237396240234,54.8637046813965,80.5957260131836
2022-11-09,355.219848632812,257.162841796875,54.0981216430664,80.8606796264648
2022-11-10,374.740600585938,276.138519287109,57.1337432861328,83.9716949462891
2022-11-11,378.367553710938,281.226684570312,58.2732086181641,83.6639862060547
2022-11-14,375.148895263672,278.765655517578,57.6589660644531,83.4588470458984
2022-11-15,378.348510742188,282.623199462891,58.041748046875,84.8092956542969
2022-11-16,375.462158203125,278.765655517578,57.9082260131836,86.6639022827148
2022-11-17,374.313293457031,278.150329589844,57.8815078735352,85.7494049072266
2022-11-18,376.012878417969,278.16015625,57.997241973877,85.1596832275391
2022-11-21,374.645690917969,275.298645019531,57.5610427856445,85.5186462402344
2022-11-22,379.687255859375,279.263763427734,58.362232208252,86.7322845458984
2022-11-23,382.079925537109,282.066589355469,59.0031776428223,88.2450790405273
2022-11-25,381.994415283203,280.211059570312,59.305850982666,87.9459228515625
2022-11-28,375.898895263672,276.099456787109,58.5402717590332,88.1937561035156
2022-11-29,375.253295898438,274.009521484375,58.709415435791,87.1596069335938
2022-11-30,387.074005126953,286.50048828125,59.7509574890137,87.8006210327148
2022-12-01,386.789184570312,286.85205078125,60.3295974731445,90.6054763793945
2022-12-02,386.342987060547,285.709381103516,60.2850875854492,91.7449188232422
2022-12-05,379.392913818359,280.914154052734,59.4928016662598,90.4598388671875
2022-12-06,373.924011230469,275.093505859375,59.2257423400879,91.6249694824219
2022-12-07,373.287902832031,273.970367431641,59.2257423400879,93.7838745117188
2022-12-08,376.212219238281,277.212829589844,59.5284194946289,93.5268478393555
2022-12-09,373.40185546875,275.445068359375,59.564022064209,91.0938110351562
2022-12-12,378.785278320312,278.902282714844,59.7420616149902,91.3851013183594
2022-12-13,381.652587890625,281.900573730469,60.5893630981445,92.2675170898438
2022-12-14,379.212524414062,279.810607910156,60.5357360839844,92.6615676879883
2022-12-15,369.936340332031,270.415557861328,58.989501953125,93.0231475830078
2022-12-16,365.568786621094,267.837341308594,58.4711074829102,91.9839935302734
2022-12-19,362.468902587891,264.073211669922,58.3280982971191,90.4381942749023
2022-12-20,362.964874267578,263.867614746094,58.5604820251465,88.8322830200195
2022-12-21,368.392150878906,267.695373535156,59.1682472229004,89.055534362793
2022-12-22,363.136535644531,261.146148681641,58.6856117248535,89.0383987426758
2022-12-23,365.225433349609,261.733459472656,58.8911781311035,87.7330474853516
2022-12-27,363.785217285156,258.033050537109,58.9805564880371,85.9983062744141
2022-12-28,359.264099121094,254.626312255859,58.3549156188965,85.4916305541992
2022-12-29,365.730926513672,260.832855224609,59.2755088806152,86.4620742797852
2022-12-30,364.767608642578,260.67626953125,58.6677360534668,85.5002059936523
2023-01-03,363.231964111328,258.914123535156,59.1861267089844,87.1319046020508
2023-01-04,366.036224365234,260.147583007812,59.9726524353027,88.3255844116211
2023-01-05,361.858520507812,256.075103759766,59.3738250732422,88.6948928833008
2023-01-06,370.156646728516,263.143157958984,60.8932456970215,90.3265533447266
2023-01-09,369.946868896484,264.846588134766,61.1524467468262,90.807487487793
2023-01-10,372.541168212891,267.08837890625,61.3311958312988,89.3046112060547
2023-01-11,377.253051757812,271.709045410156,61.795955657959,90.755973815918
2023-01-12,378.626525878906,273.177490234375,62.7076187133789,92.5422210693359
2023-01-13,380.095458984375,275.057037353516,63.0383262634277,91.6748657226562
2023-01-17,379.399078369141,275.615112304688,63.2349548339844,91.082275390625
2023-01-18,373.409271240234,272.032073974609,63.0115127563477,93.2893371582031
2023-01-19,370.690826416016,269.359588623047,62.913200378418,92.7054138183594
2023-01-20,377.596435546875,276.731109619141,63.4673385620117,91.2025146484375
2023-01-23,382.127014160156,282.87890625,63.7265396118164,90.7731170654297
2023-01-24,381.716918945312,282.301330566406,63.6460838317871,92.0785140991211
2023-01-25,381.859985351562,281.6748046875,64.066162109375,92.3017501831055
2023-01-26,386.056762695312,287.166717529297,64.1197891235352,91.8723526000977
2023-01-27,386.943756103516,290.025329589844,63.9946670532227,91.640495300293
2023-01-30,382.088928222656,284.161346435547,63.5835227966309,91.3055648803711
2023-01-31,387.706970214844,288.419799804688,63.9499816894531,92.035530090332
2023-02-01,391.827331542969,294.587280273438,64.5220031738281,93.1419067382812
2023-02-02,397.531097412109,305.159912109375,64.4326171875,93.262451171875
2023-02-03,393.305786132812,299.736511230469,63.8337821960449,91.8676376342773
2023-02-06,390.902191162109,297.201019287109,63.1813278198242,91.1874465942383
2023-02-07,396.014617919922,303.358642578125,63.7175941467285,90.4556198120117
2023-02-08,391.684295654297,297.964569091797,63.3243293762207,90.8861083984375
2023-02-09,388.288726806641,295.331237792969,63.4405212402344,90.0251083374023
2023-02-10,389.194885253906,293.392913818359,63.163444519043,89.0177383422852
2023-02-13,393.763580322266,298.091888427734,63.798038482666,89.7668228149414
2023-02-14,393.582427978516,300.294555664062,63.9142303466797,89.560188293457
2023-02-15,394.860565185547,302.595092773438,63.6282157897949,88.7250366210938
2023-02-16,389.423736572266,296.917144775391,63.3153991699219,87.4679794311523
2023-02-17,388.450927734375,294.822143554688,63.4762763977051,88.1481552124023
2023-02-21,380.658264160156,287.842193603516,62.779125213623,86.4347610473633
2023-02-22,380.133544921875,288.0576171875,62.430549621582,87.2269134521484
2023-02-23,382.155639648438,290.573516845703,62.752311706543,88.0793075561523
2023-02-24,378.073364257812,285.708160400391,61.7065963745117,86.9341735839844
2023-02-27,379.360992431641,287.754150390625,62.4394836425781,87.1752624511719
2023-02-28,377.958862304688,287.382080078125,61.9836616516113,87.5713043212891
2023-03-01,376.509094238281,285.071838378906,62.3143615722656,86.6305313110352
2023-03-02,379.437347412109,287.431121826172,62.4394836425781,85.8623428344727
2023-03-03,385.522674560547,293.373291015625,63.3511428833008,87.9424438476562
2023-03-06,385.789733886719,293.706176757812,63.1902656555176,87.2605819702148
2023-03-07,379.876068115234,290.103668212891,62.1355972290039,87.7957305908203
2023-03-08,380.496124267578,291.552459716797,62.4752388000488,87.8820495605469
2023-03-09,373.475982666016,286.501159667969,62.0194091796875,88.0978012084961
2023-03-10,368.0869140625,282.477630615234,61.3580093383789,91.1359558105469
2023-03-13,367.562255859375,284.572509765625,60.9379463195801,91.3430862426758
2023-03-14,373.638092041016,291.111968994141,61.7512741088867,89.8412780761719
2023-03-15,371.301330566406,292.639129638672,59.8385925292969,91.5761337280273
2023-03-16,377.815795898438,300.353332519531,60.7681198120117,90.859748840332
2023-03-17,373.398162841797,298.933807373047,60.0441551208496,92.2234725952148
2023-03-20,376.988555908203,299.994720458984,60.9826278686523,91.4121551513672
2023-03-21,381.938568115234,304.279296875,61.9032249450684,90.6267166137695
2023-03-22,375.427917480469,300.141723632812,61.6887092590332,91.8350677490234
2023-03-23,376.442810058594,303.700836181641,61.6976547241211,91.8350677490234
2023-03-24,378.913055419922,304.818634033203,61.509952545166,92.2234725952148
2023-03-27,379.62158203125,302.730194091797,62.0909233093262,90.0570602416992
2023-03-28,378.769409179688,301.122192382812,62.1177291870117,90.2210388183594
2023-03-29,384.274780273438,306.612854003906,62.8685035705566,90.039794921875
2023-03-30,386.524841308594,309.514984130859,63.6013984680176,90.4541015625
2023-03-31,391.972747802734,314.662475585938,63.9231605529785,91.8091735839844
2023-04-03,393.466400146484,313.897766113281,64.4326171875,92.2409744262695
2023-04-04,391.283416748047,312.838836669922,64.4415588378906,92.699592590332
2023-04-05,390.258941650391,309.750396728516,63.9946670532227,93.668701171875
2023-04-06,391.78125,311.838745117188,64.2985610961914,93.9110107421875
2023-04-10,392.183410644531,311.662292480469,64.2538604736328,92.396728515625
2023-04-11,392.288757324219,309.662078857422,64.4683685302734,92.5870819091797
2023-04-12,390.689758300781,306.926605224609,64.8795013427734,92.4919052124023
2023-04-13,395.879150390625,312.936950683594,65.7107315063477,91.7650527954102
2023-04-14,394.912139892578,312.348663330078,65.4425811767578,90.9257049560547
2023-04-17,396.329193115234,312.613403320312,65.3263931274414,89.844108581543
2023-04-18,396.587707519531,312.632995605469,65.6838989257812,90.1642379760742
2023-04-19,396.520660400391,312.48583984375,65.4783401489258,90.0777359008789
2023-04-20,394.356842041016,310.103332519531,65.4783401489258,90.8478622436523
2023-04-21,394.663177490234,310.426879882812,65.8090438842773,90.3373184204102
2023-04-24,395.074951171875,309.779815673828,65.9788589477539,91.2112884521484
2023-04-25,388.803588867188,303.936126708984,65.0582580566406,92.5524749755859
2023-04-26,387.156768798828,305.779418945312,65.0135726928711,91.5660552978516
2023-04-27,394.864288330078,314.093872070312,65.8269348144531,90.6574630737305
2023-04-28,398.234497070312,316.260681152344,65.8001022338867,92.1198272705078
2023-05-01,397.832427978516,315.897857666016,65.7017822265625,89.4635925292969
2023-05-02,393.361053466797,313.142761230469,65.0403823852539,91.6930160522461
2023-05-03,390.661071777344,311.093627929688,65.210205078125,92.2048416137695
2023-05-04,387.89404296875,309.995544433594,65.0761337280273,91.2939910888672
2023-05-05,395.074951171875,316.584197998047,66.0324859619141,90.9903717041016
2023-05-08,395.180236816406,317.368682861328,66.0503616333008,89.7151641845703
2023-05-09,393.447235107422,315.358703613281,65.7822265625,89.3941879272461
2023-05-10,395.285552978516,318.790313720703,65.6481552124023,90.2616577148438
2023-05-11,394.596221923828,319.829620361328,65.4872817993164,91.2158813476562
2023-05-12,394.079132080078,318.682403564453,65.3710861206055,90.452522277832
2023-05-15,395.438720703125,320.408020019531,65.8715972900391,89.5156326293945
2023-05-16,392.796142578125,320.770843505859,65.245964050293,89.2467193603516
2023-05-17,397.564270019531,324.653533935547,65.5498428344727,88.9865036010742
2023-05-18,401.394195556641,330.683410644531,65.4515380859375,88.3272171020508
2023-05-19,400.810089111328,329.938232421875,65.8358612060547,87.7025909423828
2023-05-22,400.972869873047,331.046203613281,65.8537368774414,87.3903274536133
2023-05-23,396.472808837891,326.849761962891,64.8884429931641,87.6418838500977
2023-05-24,393.600463867188,325.173187255859,63.9410438537598,87.208137512207
2023-05-25,397.008972167969,333.085601806641,63.8516654968262,86.9912643432617
2023-05-26,402.150543212891,341.596038818359,64.4773025512695,87.6939010620117
2023-05-30,402.303680419922,343.145172119141,63.8248519897461,88.5700531005859
2023-05-31,400.072906494141,341.194000244141,63.163444519043,89.3421630859375
2023-06-01,403.873962402344,345.135589599609,64.1019134521484,89.6926574707031
2023-06-02,409.714447021484,347.723999023438,64.9331436157227,88.7097854614258
2023-06-05,408.929321289062,347.969177246094,64.557746887207,88.5445404052734
2023-06-06,409.819763183594,347.910308837891,65.0940017700195,89.06640625
2023-06-07,408.402679443359,342.007904052734,64.5215301513672,87.7443618774414
2023-06-08,410.872924804688,346.253265380859,65.2041473388672,88.7706985473633
2023-06-09,411.610198974609,347.576873779297,65.0949249267578,88.6489334106445
2023-06-12,415.344207763672,353.449920654297,65.3770751953125,88.9098815917969
2023-06-13,418.082611083984,356.165832519531,65.9959945678711,88.0313873291016
2023-06-14,418.580413818359,358.754333496094,66.2417221069336,88.7358932495117
2023-06-15,423.769866943359,363.029083251953,66.9425659179688,89.5883178710938
2023-06-16,422.326416015625,360.744659423828,66.7969360351562,89.2403793334961
2023-06-20,420.13525390625,360.228179931641,65.9140853881836,89.8579330444336
2023-06-21,417.982604980469,355.319122314453,66.0141983032227,90.0753860473633
2023-06-22,419.491424560547,359.511535644531,65.604621887207,88.988151550293
2023-06-23,416.320129394531,355.947509765625,64.5852355957031,89.8753280639648
2023-06-26,414.619140625,351.175842285156,64.6671600341797,89.9710083007812
2023-06-27,419.164703369141,357.214050292969,65.2314453125,89.7361526489258
2023-06-28,419.376098632812,357.9111328125,65.2769546508789,90.1188812255859
2023-06-29,421.029052734375,357.194458007812,65.1859436035156,88.4923400878906
2023-06-30,425.997436523438,362.702362060547,65.9868927001953,89.5360946655273
2023-07-03,426.487609863281,363.556579589844,65.9140853881836,89.0285339355469
2023-07-05,425.853332519531,363.546783447266,65.1768493652344,88.1825637817383
2023-07-06,422.518615722656,360.777984619141,64.0482406616211,86.9353790283203
2023-07-07,421.451873779297,359.580200195312,64.5306243896484,86.4121017456055
2023-07-10,422.518615722656,359.698028564453,64.7126617431641,86.5254669189453
2023-07-11,425.20947265625,361.475128173828,65.2951583862305,86.9702682495117
2023-07-12,428.630615234375,366.04052734375,66.5420989990234,87.9383316040039
2023-07-13,432.032623291016,372.25537109375,67.6069869995117,88.8628234863281
2023-07-14,431.763549804688,372.176879882812,67.2247161865234,88.3395462036133
2023-07-17,433.262756347656,375.652557373047,67.1427917480469,88.3831176757812
2023-07-18,436.482208251953,378.725616455078,67.5796661376953,88.784309387207
2023-07-19,437.452758789062,378.637298583984,67.5432586669922,89.7872924804688
2023-07-20,434.550476074219,369.908935546875,67.1974105834961,88.6970977783203
2023-07-21,434.550476074219,368.799438476562,67.3339309692383,88.723258972168
2023-07-24,436.491821289062,369.388610839844,67.1700897216797,88.4005813598633
2023-07-25,437.683441162109,371.892150878906,67.2429122924805,88.2348709106445
2023-07-26,437.750701904297,370.655151367188,67.4249572753906,88.3220977783203
2023-07-27,434.848419189453,369.771545410156,67.2702178955078,86.6039581298828
2023-07-28,439.105743408203,376.506744384766,67.7526168823242,87.0487823486328
2023-07-31,439.941741943359,376.703063964844,67.7708129882812,87.2580795288086
2023-08-01,438.682861328125,375.829254150391,66.9243545532227,85.8281860351562
2023-08-02,432.580383300781,367.58203125,65.6774368286133,84.9099044799805
2023-08-03,431.340698242188,366.992950439453,65.4953994750977,82.9509353637695
2023-08-04,429.389831542969,365.274780273438,65.6774368286133,84.4201431274414
2023-08-07,433.137786865234,368.367462158203,66.2326278686523,83.5893249511719
2023-08-08,431.254211425781,365.235504150391,65.8321533203125,84.5600891113281
2023-08-09,428.371154785156,361.219879150391,65.8139572143555,84.9973678588867
2023-08-10,428.524932861328,361.887481689453,66.0961151123047,83.5980911254883
2023-08-11,428.275054931641,359.580200195312,65.6501235961914,83.4057083129883
2023-08-14,430.639190673828,363.615539550781,65.3588790893555,83.2220230102539
2023-08-15,425.622711181641,359.756988525391,64.548828125,82.7147903442383
2023-08-16,422.499389648438,355.947509765625,64.0209350585938,82.0676345825195
2023-08-17,419.279998779297,352.059478759766,63.5658531188965,81.7177886962891
2023-08-18,419.481811523438,351.617706298828,63.5658531188965,82.0063934326172
2023-08-21,422.211090087891,357.282775878906,63.8024940490723,80.9132385253906
2023-08-22,421.067474365234,356.772247314453,63.6841773986816,81.5341491699219
2023-08-23,425.757232666016,362.397979736328,64.3759002685547,83.5543823242188
2023-08-24,419.856658935547,354.651519775391,63.4930458068848,83.0033721923828
2023-08-25,422.816528320312,357.400573730469,63.9208183288574,83.2744750976562
2023-08-28,425.497741699219,360.090789794922,64.5943374633789,83.3619613647461
2023-08-29,431.648254394531,367.955169677734,65.3952865600586,84.2277603149414
2023-08-30,433.426116943359,370.007080078125,65.3588790893555,84.1403198242188
2023-08-31,432.791839599609,371.116516113281,65.1040267944336,84.5163497924805
2023-09-01,433.599090576172,370.723815917969,65.067626953125,83.1997222900391
2023-09-05,431.72509765625,371.195098876953,64.5033187866211,82.0330657958984
2023-09-06,428.822875976562,367.925689697266,64.3667907714844,82.2348327636719
2023-09-07,427.506286621094,365.294311523438,64.1574630737305,82.4628982543945
2023-09-08,428.150146484375,365.804962158203,64.0664520263672,82.7786865234375
2023-09-11,430.965942382812,370.115081787109,64.7308654785156,82.1822204589844
2023-09-12,428.601837158203,366.011108398438,64.466911315918,82.655876159668
2023-09-13,429.101531982422,367.4052734375,64.2666778564453,82.6383438110352
2023-09-14,432.801452636719,370.409698486328,65.1131362915039,82.0418701171875
2023-09-15,427.586944580078,364.067138671875,64.9675064086914,81.5418701171875
2023-09-18,427.837707519531,364.446624755859,64.7399673461914,82.0067749023438
2023-09-19,426.950439453125,363.669860839844,64.7945709228516,81.4015426635742
2023-09-20,423.025299072266,358.429229736328,64.6398468017578,81.6559219360352
2023-09-21,416.033355712891,351.861206054688,63.5658531188965,79.5594482421875
2023-09-22,415.097900390625,351.910369873047,63.6204605102539,80.1997833251953
2023-09-25,416.843536376953,353.581878662109,63.3383026123047,78.2261505126953
2023-09-26,410.719543457031,348.272430419922,62.5191612243652,77.9542617797852
2023-09-27,410.883453369141,349.088500976562,62.4008407592773,77.5507507324219
2023-09-28,413.265594482422,352.008697509766,62.910530090332,77.7875595092773
2023-09-29,412.262634277344,352.264343261719,62.7285003662109,77.7963485717773
2023-10-02,412.098571777344,355.204254150391,61.8092460632324,76.4940032958984
2023-10-03,406.582214355469,348.970520019531,61.0355987548828,74.848518371582
2023-10-04,409.542999267578,353.719482421875,61.1448135375977,75.9044418334961
2023-10-05,409.388671875,352.677276611328,61.681812286377,75.5260848999023
2023-10-06,414.249267578125,358.586578369141,62.364429473877,74.6109313964844
2023-10-09,416.901336669922,360.415374755859,62.2734222412109,76.3620300292969
2023-10-10,419.0712890625,362.411407470703,63.1289710998535,76.256462097168
2023-10-11,420.787902832031,364.997222900391,63.3929176330566,77.8491668701172
2023-10-12,418.222595214844,363.728881835938,62.8650321960449,75.7372665405273
2023-10-13,416.139434814453,359.156799316406,62.282527923584,77.092399597168
2023-10-16,420.517822265625,363.217590332031,62.737606048584,75.8516540527344
2023-10-17,420.498504638672,362.027862548828,62.7740173339844,75.0157241821289
2023-10-18,414.895385742188,357.278839111328,61.681812286377,74.3557586669922
2023-10-19,411.249969482422,353.935821533203,61.1357078552246,72.8334426879883
2023-10-20,406.196533203125,348.655914306641,60.5896072387695,73.2469940185547
2023-10-23,405.492431640625,349.707885742188,60.6351203918457,74.1269683837891
2023-10-24,408.549652099609,353.109893798828,60.9809913635254,75.1036911010742
2023-10-25,402.686065673828,344.467224121094,60.5441055297852,73.4317932128906
2023-10-26,397.864044189453,337.899261474609,60.1072273254395,74.5581359863281
2023-10-27,396.060607910156,339.521636962891,59.9251899719238,74.2413482666016
2023-10-30,400.795806884766,343.346435546875,60.6897315979004,73.906982421875
2023-10-31,403.312957763672,344.988403320312,60.9081764221191,73.5461807250977
2023-11-01,407.614196777344,350.976287841797,61.4815826416016,75.1408309936523
2023-11-02,415.42578125,357.34765625,62.737606048584,76.8538055419922
2023-11-03,419.215972900391,361.546081542969,63.4020233154297,77.3747634887695
2023-11-06,420.180267333984,363.020904541016,63.0834617614746,76.6242446899414
2023-11-07,421.376190185547,366.452453613281,62.7012023925781,77.7544479370117
2023-11-08,421.684753417969,366.688446044922,62.6192855834961,79.0788726806641
2023-11-09,418.396240234375,363.866485595703,62.610179901123,77.2599639892578
2023-11-10,424.925201416016,372.047088623047,62.8923225402832,77.6926345825195
2023-11-13,424.520111083984,370.886810302734,63.0561561584473,77.5160446166992
2023-11-14,432.756134033203,378.870727539062,64.6671600341797,79.2731552124023
2023-11-15,433.672302246094,379.155883789062,64.5670318603516,78.1605834960938
2023-11-16,434.202728271484,379.480285644531,64.5215301513672,79.1318664550781
2023-11-17,434.742767333984,379.568817138672,65.3952865600586,79.5027465820312
2023-11-20,438.089263916016,384.189971923828,65.6410293579102,79.9883422851562
2023-11-21,437.134460449219,381.958129882812,65.3861770629883,79.9530181884766
2023-11-22,438.822174072266,383.521423339844,65.5409164428711,80.2355804443359
2023-11-24,439.092224121094,382.980682373047,66.0414962768555,79.2908096313477
2023-11-27,438.301452636719,382.646423339844,65.8139572143555,80.6152572631836
2023-11-28,438.735412597656,383.649261474609,65.8321533203125,80.7741775512695
2023-11-29,438.426788330078,383.275604248047,65.9686889648438,81.7896194458008
2023-11-30,440.153106689453,382.312072753906,65.9140853881836,80.844841003418
2023-12-01,442.756988525391,383.403411865234,66.6058044433594,82.367431640625
2023-12-04,440.432739257812,379.844177246094,66.0870132446289,82.0397415161133
2023-12-05,440.346008300781,380.797912597656,65.8503646850586,83.8024215698242
2023-12-06,438.571472167969,378.595397949219,66.0506057739258,84.9184799194336
2023-12-07,441.91796875,383.88525390625,66.3691635131836,84.4313049316406
2023-12-08,443.817810058594,385.596069335938,66.5693893432617,83.7403717041016
2023-12-11,445.544097900391,388.889892578125,66.7332229614258,83.5632476806641
2023-12-12,447.578979492188,391.987091064453,66.8515396118164,83.8112869262695
2023-12-13,453.751098632812,396.972137451172,67.8254165649414,85.7776565551758
2023-12-14,455.207366943359,396.628021240234,68.3260116577148,88.0090026855469
2023-12-15,454.457946777344,398.545288085938,67.6615905761719,88.1067657470703
2023-12-18,457.014312744141,401.055572509766,67.8254165649414,87.4047088623047
2023-12-19,459.793304443359,403.104888916016,68.3988342285156,87.8756866455078
2023-12-20,453.421875,397.114807128906,67.7085494995117,88.471061706543
2023-12-21,457.721160888672,401.735321044922,68.8052444458008,87.9112396240234
2023-12-22,458.641021728516,402.336395263672,68.869758605957,87.5113525390625
2023-12-26,460.57763671875,404.799407958984,69.1830825805664,87.7601776123047
2023-12-27,461.410400390625,405.623443603516,69.5517272949219,89.3152847290039
2023-12-28,461.584655761719,405.426300048828,69.3674011230469,88.6665573120117
2023-12-29,460.248413085938,403.671691894531,69.4411239624023,87.866828918457
2024-01-02,457.672668457031,396.840637207031,68.6669998168945,87.3602905273438
2024-01-03,453.93505859375,392.641510009766,68.1509170532227,87.7246627807617
2024-01-04,452.472930908203,390.620758056641,68.3075790405273,86.391716003418
2024-01-05,453.092620849609,391.084075927734,68.3536529541016,85.5652847290039
2024-01-08,459.560913085938,399.166961669922,69.0817031860352,86.4094848632812
2024-01-09,458.86376953125,399.95556640625,68.4642562866211,85.8585357666016
2024-01-10,461.458831787109,402.666259765625,68.906608581543,85.4586639404297
2024-01-11,461.255493164062,403.504119873047,68.8973999023438,85.9385070800781
2024-01-12,461.574981689453,403.711151123047,69.1830825805664,85.7696685791016
2024-01-16,459.880432128906,403.671691894531,68.0218887329102,84.2590179443359
2024-01-17,457.324157714844,401.394714355469,67.3767852783203,84.1257400512695
2024-01-18,461.390991210938,407.092163085938,67.9758224487305,83.3437194824219
2024-01-19,467.142791748047,415.165191650391,68.1324844360352,83.6102981567383
2024-01-22,468.130523681641,415.707336425781,68.3444442749023,84.1079635620117
2024-01-23,469.495758056641,417.432312011719,68.1509170532227,83.4414825439453
2024-01-24,470.009002685547,419.748809814453,68.6669998168945,82.9527435302734
2024-01-25,472.565368652344,420.261383056641,68.8605270385742,83.4948196411133
2024-01-26,471.965026855469,417.757629394531,69.1646575927734,83.3348541259766
2024-01-29,475.702728271484,422.03564453125,69.5701599121094,84.2945709228516
2024-01-30,475.334777832031,419.226348876953,69.4779968261719,85.0587615966797
2024-01-31,467.578552246094,411.015258789062,69.1277923583984,85.8940811157227
2024-02-01,473.698364257812,415.855163574219,69.8097610473633,87.578971862793
2024-02-02,478.685089111328,422.883361816406,69.2568130493164,85.6444702148438
2024-02-05,476.942108154297,422.331359863281,68.88818359375,83.9150085449219
2024-02-06,478.326843261719,421.483612060547,69.3121109008789,84.7351760864258
2024-02-07,482.316284179688,425.82080078125,69.2752304077148,84.3250885009766
2024-02-08,482.529327392578,426.609375,69.1554336547852,83.8347625732422
2024-02-09,485.318054199219,430.808532714844,69.3950500488281,83.6653747558594
2024-02-12,485.105010986328,429.123016357422,69.5148468017578,83.7634429931641
2024-02-13,478.423706054688,422.429962158203,68.4458084106445,82.3281555175781
2024-02-14,482.771392822266,427.033294677734,69.2107391357422,82.7471542358398
2024-02-15,486.102355957031,428.304840087891,69.9940719604492,83.1750793457031
2024-02-16,483.681640625,424.421112060547,70.1046752929688,82.6936645507812
2024-02-20,481.018737792969,421.217529296875,70.3903503417969,82.7649841308594
2024-02-21,481.454498291016,419.531890869141,70.4456558227539,82.1765975952148
2024-02-22,491.418395996094,431.813995361328,71.2382125854492,82.5777587890625
2024-02-23,491.75732421875,430.542449951172,71.3303680419922,83.683219909668
2024-02-26,489.956237792969,430.315704345703,71.2289886474609,83.4335861206055
2024-02-27,490.866455078125,431.350738525391,71.4225234985352,82.8451919555664
2024-02-28,490.217681884766,429.053985595703,71.0078201293945,83.3711853027344
2024-02-29,491.97998046875,432.730682373047,71.192138671875,83.9595642089844
2024-03-01,496.598846435547,439.246337890625,71.8833084106445,84.4827346801758
2024-03-04,496.066284179688,437.679016113281,71.6990127563477,84.1428909301758
2024-03-05,491.108551025391,429.822845458984,71.5699844360352,85.3412322998047
2024-03-06,493.597106933594,432.523712158203,72.417839050293,85.8420181274414
2024-03-07,498.496765136719,439.088653564453,73.27490234375,85.7615280151367
2024-03-08,495.504669189453,432.750396728516,73.0352935791016,85.609504699707
2024-03-11,495.07861328125,431.143707275391,72.6205749511719,85.5647964477539
2024-03-12,500.404388427734,437.324188232422,73.2011795043945,84.849365234375
2024-03-13,499.619995117188,433.962890625,73.2104034423828,84.4380111694336
2024-03-14,498.632415771484,432.868743896484,72.6758804321289,83.1413040161133
2024-03-15,495.208404541016,427.723236083984,72.7035217285156,83.1144561767578
2024-03-18,498.151550292969,431.802642822266,72.6850967407227,82.8640899658203
2024-03-19,500.919799804688,432.878479003906,72.8141174316406,83.0965728759766
2024-03-20,505.553009033203,438.010955810547,73.5882415771484,83.0697555541992
2024-03-21,507.2236328125,440.083801269531,73.5513763427734,83.2486038208008
2024-03-22,506.262054443359,440.587097167969,73.3946990966797,84.044548034668
2024-03-25,504.863311767578,438.988189697266,73.2380447387695,83.6242141723633
2024-03-26,503.930847167969,437.56689453125,73.3209838867188,83.8567352294922
2024-03-27,508.165893554688,439.057220458984,73.7633514404297,84.6883773803711
2024-03-28,508.06884765625,438.247863769531,73.5974655151367,84.6168746948242
2024-04-01,507.184722900391,439.175750732422,73.2841186523438,83.0395278930664
2024-04-02,503.960113525391,435.385528564453,72.7680435180664,82.581916809082
2024-04-03,504.513641357422,436.362701416016,73.1735305786133,82.5639724731445
2024-04-04,498.355560302734,429.6904296875,72.5468521118164,83.1561584472656
2024-04-05,503.561767578125,434.753814697266,72.7772521972656,81.9987030029297
2024-04-08,503.843383789062,434.882171630859,73.1366729736328,81.9897308349609
2024-04-09,504.42626953125,436.491027832031,73.1274490356445,82.7524185180664
2024-04-10,499.375366210938,432.681060791016,72.159782409668,80.9489517211914
2024-04-11,503.144165039062,439.590240478516,72.3533325195312,80.5810775756836
2024-04-12,496.199188232422,432.582397460938,71.1829147338867,81.0117416381836
2024-04-15,489.982788085938,425.465972900391,70.9709548950195,79.755615234375
2024-04-16,489.089111328125,425.505401611328,70.2705535888672,79.2262573242188
2024-04-17,486.194519042969,420.313690185547,70.3166351318359,80.1055526733398
2024-04-18,485.194152832031,417.915252685547,70.1230926513672,79.701789855957
2024-04-19,480.959136962891,409.268890380859,70.150749206543,79.988899230957
2024-04-22,485.388366699219,413.384765625,70.9709548950195,79.8543090820312
2024-04-23,491.148284912109,419.553649902344,71.7450790405273,79.8812255859375
2024-04-24,490.915130615234,420.975036621094,71.6068496704102,79.3159713745117
2024-04-25,489.050201416016,418.941711425781,71.2750701904297,78.7596817016602
2024-04-26,493.683471679688,425.406707763672,71.8464584350586,79.1724243164062
2024-04-29,495.431884765625,427.134033203125,72.122932434082,79.8363571166992
2024-04-30,487.583557128906,419.079864501953,71.2105560302734,79.1544647216797
2024-05-01,486.000335693359,416.049713134766,71.0539016723633,79.737907409668
2024-05-02,490.546081542969,421.359954833984,72.012336730957,80.0800552368164
2024-05-03,496.626556396484,429.82861328125,72.7311706542969,80.8904037475586
2024-05-06,501.755157470703,434.536682128906,73.2288360595703,81.2055435180664
2024-05-07,502.308807373047,434.605773925781,73.42236328125,81.7007522583008
2024-05-08,502.357330322266,434.34912109375,73.3394165039062,81.2055435180664
2024-05-09,505.251922607422,435.296691894531,73.9015884399414,81.6017227172852
2024-05-10,505.902679443359,436.323181152344,74.0398101806641,81.1425094604492
2024-05-13,505.970611572266,437.329956054688,74.0398101806641,81.3495788574219
2024-05-14,508.292083740234,440.142974853516,74.5927734375,81.8088073730469
2024-05-15,514.586303710938,447.022552490234,75.3853302001953,82.9252853393555
2024-05-16,513.527404785156,446.114410400391,74.9798355102539,82.8442687988281
2024-05-17,514.265686035156,445.897369384766,75.2378845214844,82.2859954833984
2024-05-20,514.858276367188,449.006408691406,75.2931671142578,82.0429153442383
2024-05-21,516.120971679688,449.884887695312,75.1733703613281,82.4660797119141
2024-05-22,514.634948730469,449.796020507812,74.463752746582,82.5651092529297
2024-05-23,510.875823974609,447.772674560547,74.0858993530273,82.0339126586914
2024-05-24,514.256042480469,452.006958007812,74.6941375732422,82.2769927978516
2024-05-28,514.615417480469,453.714538574219,74.6664886474609,81.0974807739258
2024-05-29,511.011810302734,450.5166015625,73.4868698120117,80.1160659790039
2024-05-30,507.621948242188,445.690032958984,74.1043319702148,80.8904037475586
2024-05-31,512.245361328125,444.860931396484,74.8139495849609,81.4396362304688
2024-06-03,512.6630859375,447.249542236328,75.0259094238281,82.7568817138672
2024-06-04,513.236206054688,448.473419189453,74.9337463378906,83.7235794067383
2024-06-05,519.335998535156,457.514526367188,75.4590530395508,84.3379135131836
2024-06-06,519.326293945312,457.356658935547,75.7171020507812,84.2114639282227
2024-06-07,518.694946289062,456.951995849609,74.8968887329102,82.6665344238281
2024-06-10,520.297607421875,458.797729492188,74.8415908813477,82.1154327392578
2024-06-11,521.550598144531,461.9462890625,73.9911422729492,82.9646682739258
2024-06-12,525.834228515625,467.996765136719,74.8631591796875,83.5880661010742
2024-06-13,526.892883300781,470.533416748047,73.7942276000977,84.8167724609375
2024-06-14,527.213439941406,472.971343994141,72.9784622192383,85.5305099487305
2024-06-17,531.409606933594,478.765197753906,73.2691268920898,84.6812591552734
2024-06-18,532.759643554688,478.913238525391,73.5597991943359,85.4582290649414
2024-06-20,531.312438964844,475.221740722656,73.606689453125,84.8890609741211
2024-06-21,530.60009765625,473.948486328125,73.0909729003906,84.8890609741211
2024-06-24,528.875305175781,468.552764892578,73.6723327636719,85.2323760986328
2024-06-25,530.911926269531,473.910949707031,73.8504867553711,85.3769073486328
2024-06-26,531.574645996094,474.8896484375,73.306640625,84.1572418212891
2024-06-27,532.412536621094,476.115478515625,73.3628921508789,84.4915084838867
2024-06-28,530.317504882812,473.643981933594,73.4472961425781,82.9195175170898
2024-07-01,531.408996582031,476.421936035156,73.5785675048828,81.4884033203125
2024-07-02,534.985107421875,481.424194335938,73.7567291259766,82.1228256225586
2024-07-03,537.372619628906,485.437927246094,74.6006088256836,83.2013778686523
2024-07-05,540.471313476562,490.499481201172,75.0975799560547,83.8901901245117
2024-07-08,541.094970703125,491.665985107422,74.7225112915039,84.0714721679688
2024-07-09,541.621215820312,492.091125488281,74.4224624633789,83.6998596191406
2024-07-10,546.980590820312,497.221893310547,75.4726409912109,83.9626998901367
2024-07-11,542.264282226562,486.317810058594,75.6883163452148,84.7783966064453
2024-07-12,545.684631347656,489.174774169922,76.4947052001953,85.1409454345703
2024-07-15,547.185363769531,490.489624023438,75.819580078125,84.1621017456055
2024-07-16,550.43017578125,490.677459716797,76.1852722167969,85.3493881225586
2024-07-17,542.712585449219,476.273712158203,75.7820739746094,85.3675003051758
2024-07-18,538.541870117188,474.019653320312,75.0319442749023,84.7149658203125
2024-07-19,534.965637207031,469.818115234375,74.5724792480469,84.2164611816406
2024-07-22,540.481140136719,476.817413330078,75.3601226806641,83.9717483520508
2024-07-23,539.63330078125,475.136779785156,74.9381790161133,83.8539199829102
2024-07-24,527.403930664062,458.093475341797,73.9911422729492,82.9475936889648
2024-07-25,524.655944824219,453.041778564453,73.5223083496094,83.6273498535156
2024-07-26,530.531921386719,457.688171386719,74.4599761962891,84.279914855957
2024-07-29,530.84375,458.607543945312,74.1317825317383,84.7330780029297
2024-07-30,528.154235839844,452.310241699219,74.3005599975586,85.0593643188477
2024-07-31,536.739196777344,465.695770263672,75.3507461547852,85.9294357299805
2024-08-01,529.138549804688,454.415954589844,73.3535232543945,86.6705551147461
2024-08-02,519.286682128906,443.630401611328,72.2001953125,89.3713455200195
2024-08-05,504.163146972656,430.403045654297,70.6249160766602,89.8442153930664
2024-08-06,508.811340332031,434.515594482422,70.7468109130859,87.8345108032227
2024-08-07,505.410461425781,429.809875488281,71.0843734741211,87.216178894043
2024-08-08,517.094177246094,442.958160400391,72.2752075195312,86.6796569824219
2024-08-09,519.374450683594,445.271423339844,72.5564956665039,87.5344619750977
2024-08-12,519.647338867188,446.230377197266,72.4908676147461,87.8527145385742
2024-08-13,528.193115234375,457.302612304688,73.7379608154297,88.4619827270508
2024-08-14,529.859497070312,457.450897216797,74.009880065918,89.0166854858398
2024-08-15,538.941467285156,469.007598876953,74.910041809082,88.2983245849609
2024-08-16,540.149780273438,469.610534667969,75.3226165771484,88.6074905395508
2024-08-19,545.314392089844,475.779357910156,76.2415237426758,89.0166854858398
2024-08-20,544.427551269531,474.780914306641,76.0071029663086,89.7259902954102
2024-08-21,546.298522949219,476.995330810547,76.7103500366211,89.7805404663086
2024-08-22,542.010864257812,469.4326171875,76.2602844238281,88.8893814086914
2024-08-23,547.77001953125,474.523895263672,77.6573944091797,89.4713745117188
2024-08-26,546.464111328125,469.9169921875,77.3104629516602,89.2440414428711
2024-08-27,547.214599609375,471.320831298828,77.6667861938477,89.0894470214844
2024-08-28,544.037841796875,465.972534179688,77.3948669433594,88.9803237915039
2024-08-29,544.086547851562,465.290405273438,77.6855316162109,88.689338684082
2024-08-30,549.2802734375,470.83642578125,77.8074340820312,87.7436065673828
2024-09-03,537.976745605469,456.541412353516,76.5790939331055,89.1786651611328
2024-09-04,536.875549316406,455.355102539062,76.2415237426758,90.3281860351562
2024-09-05,535.56982421875,455.780181884766,76.2602844238281,90.8390731811523
2024-09-06,526.55615234375,443.571044921875,74.8256607055664,90.829948425293
2024-09-09,532.451599121094,449.275238037109,75.5757827758789,91.2222671508789
2024-09-10,534.770751953125,453.427337646484,75.2007217407227,91.8608779907227
2024-09-11,540.2568359375,463.273681640625,75.6508026123047,91.7879028320312
2024-09-12,544.8076171875,467.821258544922,76.2696533203125,91.3590927124023
2024-09-13,547.652954101562,469.9169921875,76.4478149414062,91.6054382324219
2024-09-16,548.461853027344,467.840972900391,77.0666732788086,92.4447479248047
2024-09-17,548.685974121094,468.088165283203,76.6353607177734,91.9977188110352
2024-09-18,547.058654785156,466.0615234375,76.3915634155273,90.8573150634766
2024-09-19,556.393859863281,477.845489501953,77.9011993408203,90.5562744140625
2024-09-20,555.432067871094,476.93603515625,77.1323089599609,90.2095794677734
2024-09-23,556.820007324219,478.2001953125,77.422981262207,90.0180053710938
2024-09-24,558.413208007812,480.506866455078,77.8824462890625,89.9997634887695
2024-09-25,557.181701660156,480.952392578125,77.4604873657227,89.2516479492188
2024-09-26,559.390747070312,484.565765380859,79.1670455932617,89.4614868164062
2024-09-27,558.579467773438,481.873016357422,78.6888275146484,89.9267730712891
2024-09-30,560.817810058594,483.179809570312,78.4169082641602,89.4979553222656
2024-10-01,555.793701171875,476.447937011719,77.835563659668,90.1441497802734
2024-10-02,556.028381347656,477.121154785156,77.676155090332,89.3844680786133
2024-10-03,555.011840820312,476.764739990234,76.9541473388672,88.5424423217773
2024-10-04,560.055480957031,482.437316894531,77.4042282104492,87.4532775878906
2024-10-07,554.992248535156,477.269683837891,76.9729080200195,86.7942733764648
2024-10-08,560.241149902344,484.3974609375,76.8510055541992,86.9407272338867
2024-10-09,564.12158203125,488.208923339844,76.8697662353516,86.4465179443359
2024-10-10,563.134460449219,487.654479980469,76.7760009765625,86.1078414916992
2024-10-11,566.506530761719,488.416839599609,77.1698226928711,85.7600479125977
2024-10-14,571.1396484375,492.515380859375,77.3948669433594,85.8241119384766
2024-10-15,566.701965332031,485.931976318359,76.1102600097656,86.8675308227539
2024-10-16,569.165161132812,485.991363525391,76.3071670532227,87.2336273193359
2024-10-17,569.213989257812,486.327972412109,76.3165435791016,85.8515853881836
2024-10-18,571.403625488281,489.515686035156,76.8322601318359,85.915641784668
2024-10-21,570.465148925781,490.456176757812,75.9227294921875,84.4146347045898
2024-10-22,570.162231445312,490.990753173828,75.4914016723633,84.4969940185547
2024-10-23,564.952453613281,483.466918945312,74.7318801879883,84.2681732177734
2024-10-24,566.174072265625,487.38720703125,75.1538391113281,84.8081970214844
2024-10-25,565.978698730469,490.357208251953,74.9006729125977,84.3322448730469
2024-10-28,567.728393554688,490.436340332031,75.5007705688477,84.1034393310547
2024-10-29,568.647094726562,495.148651123047,75.2288589477539,84.2315673828125
2024-10-30,566.926879882812,491.406555175781,74.7412643432617,84.4786911010742
2024-10-31,555.813354492188,479.002105712891,74.2818069458008,84.6159820556641
2024-11-01,558.1591796875,482.546234130859,74.4318389892578,83.4230194091797
2024-11-04,556.956909179688,481.140502929688,74.4880981445312,84.7179183959961
2024-11-05,563.691589355469,487.2783203125,75.2288589477539,85.1679000854492
2024-11-06,577.7080078125,500.514343261719,74.1411666870117,82.8352890014648
2024-11-07,582.174926757812,508.394653320312,75.2663497924805,83.8730316162109
2024-11-08,584.69677734375,508.988647460938,74.2255554199219,84.9383239746094
2024-11-11,585.253845214844,508.691741943359,74.2443084716797,84.5250549316406
2024-11-12,583.435974121094,507.770904541016,72.8659362792969,83.2577056884766
2024-11-13,583.719299316406,507.117523193359,72.4346160888672,82.4679336547852
2024-11-14,579.965942382812,503.59326171875,72.5846405029297,82.9454803466797
2024-11-15,572.537353515625,491.594665527344,72.3220901489258,82.7250823974609
2024-11-18,574.883239746094,495.010101318359,72.7159194946289,82.8720169067383
2024-11-19,576.984680175781,498.415618896484,72.6221389770508,83.2944641113281
2024-11-20,577.18017578125,498.128570556641,72.4252243041992,83.0281448364258
2024-11-21,580.278686523438,499.92041015625,72.4439849853516,82.9638519287109
2024-11-22,582.077209472656,500.722290039062,72.7252807617188,83.009765625
2024-11-25,584.0517578125,501.514282226562,73.1003570556641,85.1586990356445
2024-11-26,587.101318359375,504.20703125,72.6784057617188,84.8281173706055
2024-11-27,585.322204589844,500.237243652344,73.0722198486328,85.4158477783203
2024-11-29,588.958374023438,504.632751464844,74.0473937988281,86.2974853515625
2024-12-02,590.014099121094,510.127044677734,74.2536773681641,86.5048217773438
2024-12-03,590.287658691406,511.691284179688,74.6756210327148,85.7583694458008
2024-12-04,593.953125,518.017211914062,74.7318801879883,86.6799087524414
2024-12-05,592.975769042969,516.581726074219,75.0975799560547,86.8550186157227
2024-12-06,594.099731445312,521.204833984375,75.0882034301758,86.9840316772461
2024-12-09,591.040283203125,517.146057128906,75.0413208007812,86.182258605957
2024-12-10,589.202697753906,515.383911132812,74.3662033081055,85.7768020629883
2024-12-11,593.757629394531,524.610412597656,74.8350372314453,84.9658584594727
2024-12-12,590.698181152344,521.224792480469,74.1786651611328,83.9337463378906
2024-12-13,590.580993652344,525.214538574219,73.9723739624023,83.0766983032227
2024-12-16,593.102661132812,532.777893066406,73.7285842895508,83.3255081176758
2024-12-17,590.659118652344,530.431579589844,73.6116790771484,83.5282440185547
2024-12-18,573.055419921875,511.295196533203,71.8058471679688,82.483772277832
2024-12-19,572.879455566406,509.018249511719,71.5777359008789,81.2348709106445
2024-12-20,579.760375976562,513.463317871094,71.3781509399414,81.6974334716797
2024-12-23,583.232055664062,518.4658203125,71.8438568115234,80.9480972290039
2024-12-24,589.714660644531,525.496276855469,72.1004791259766,81.290397644043
2024-12-26,589.75390625,525.139099121094,72.4426498413086,81.2441329956055
2024-12-27,583.545959472656,518.158447265625,72.3380889892578,80.5780334472656
2024-12-30,576.88671875,511.266937255859,71.8628768920898,81.2256088256836
2024-12-31,574.788024902344,506.923919677734,71.8628768920898,80.7908096313477
