"replication","NW","LL"
1,1.34005600088551,1.04171244685583
2,1.33238424894758,1.00331931257146
3,1.31537948969381,1.02685204645659
4,1.31735461778501,1.00638634528904
5,1.30189633517886,0.978046923299744
6,1.31426772803358,0.977512849652149
7,1.30885762091895,0.973330834567459
8,1.30035863266117,1.0103821321544
9,1.35251865931754,1.10324503831368
10,1.33956697182213,1.04968962294597
11,1.32079691800196,0.987502755096145
12,1.30967169714297,1.02286734606271
13,1.29665936773074,0.925282405808313
14,1.33306842613183,1.04364167653844
15,1.31950466904439,1.03402431183209
16,1.37549991324597,1.15030539016365
17,1.30207270679719,1.03160125704296
18,1.32562146738422,1.05048004487493
19,1.32817867726298,1.07375997400491
20,1.3193456623589,1.01562692307569
21,1.32796566551066,1.05046069348349
22,1.32058811466715,0.97415800234387
23,1.30208802587983,0.955115921154706
24,1.30883839822702,0.983743103814279
25,1.33580454808739,1.09261850610311
26,1.36228942051863,1.1317470875623
27,1.31435923946475,1.0439076727242
28,1.30725842973252,1.03044579976137
29,1.33199721505553,1.04099304569691
30,1.30579976341037,0.993017692163005
31,1.31018737848427,0.999571838036218
32,1.34649819286787,1.08749733160874
33,1.30622708836444,1.00018461137248
34,1.32998125030283,1.02819317286847
35,1.32462509472047,1.02189956942291
36,1.32943273841314,1.01461175504122
37,1.31625893946813,0.986377380501496
38,1.38102297347705,1.08598029869718
39,1.31973415711618,1.04361747074678
40,1.31474361105085,1.0163678391968
41,1.3234487084298,1.02947871932976
42,1.3193586419566,1.05134243895484
43,1.32371822995726,1.03232887653648
44,1.32640189073496,1.08196735855148
45,1.32975330428437,1.05654723522466
46,1.30304010108538,1.00310901257603
47,1.30649152289456,1.06281076318773
48,1.32611377417383,1.07900389659899
49,1.28671755675614,0.97227072005053
50,1.33801060186308,1.05056165065113
51,1.32049149280214,1.04623003284109
52,1.3492745815696,1.06204742155707
53,1.2812894812695,0.939711646377893
54,1.34410747970054,1.08426503723436
55,1.315297420146,1.00924821888989
56,1.33346142375775,1.02517219523266
57,1.32157438327755,1.04233049038136
58,1.31636468684319,1.0409390219119
59,1.33126921257859,0.972491632609607
60,1.31286730773306,0.977886616353336
61,1.30052693139033,1.02119684886439
62,1.30863710845311,0.991281468423914
63,1.32764044675219,1.01470835111377
64,1.29819681212259,0.970278000945054
65,1.33220436214108,1.04274969975302
66,1.31729482502705,1.01606323349844
67,1.32953038714475,1.01166796168635
68,1.33286495981136,1.05143707632107
69,1.29554930160623,0.969420904603933
70,1.33482998631019,1.05469013509767
71,1.31631749541557,0.993516891609021
72,1.31869985999504,1.0442154208068
73,1.28423494728468,0.987340842024603
74,1.30767600998745,1.00139202544229
75,1.32877348740564,1.04152666011366
76,1.31572310505073,1.03034164096855
77,1.316064920044,1.04584685571141
78,1.33791875467649,1.05450894854279
79,1.3354218866694,1.06553778115184
80,1.31895576553104,1.06979090317136
81,1.32196269029932,1.0389088317483
82,1.29205122213953,0.954630328435281
83,1.34721465996338,1.09369887063979
84,1.3433336740197,1.05045332744898
85,1.3199106631555,0.996619387416889
86,1.33360304749935,1.02186711876722
87,1.33581343836875,1.03736266009289
88,1.36264203284329,1.13648937379149
89,1.34425048995123,1.0153418082825
90,1.33328734612512,1.05084073355679
91,1.29491050529299,1.01232516953663
92,1.32511243324517,1.01913598363313
93,1.36443328278404,1.08520349866432
94,1.31387720293441,1.02694049116359
95,1.30357204244221,1.02148734918032
96,1.38140495179482,1.13277473209702
97,1.28705921977617,0.950661923951198
98,1.32826309309132,0.977875045446923
99,1.35210289387419,1.11795427033032
100,1.32534669539428,1.05282312067051
101,1.29804390639476,0.963704545069195
102,1.31815603603167,1.02220710579062
103,1.31461530033983,1.05260335869205
104,1.32740236185934,1.03052169139214
105,1.32081655012592,1.02461230146214
106,1.35640846609488,1.07407414963892
107,1.34349547058934,1.04957763127151
108,1.31526721837116,1.00777943581758
109,1.32330271714074,1.03361788730586
110,1.29674688971274,0.972622744061006
111,1.3304548990313,1.06263657633288
112,1.33134307329851,1.0279072952411
113,1.33018537977647,1.03652108794536
114,1.34473298483339,1.06598541075683
115,1.30781373796728,1.02453327003251
116,1.37643747441095,1.10706961801346
117,1.33070013796778,1.00257127749319
118,1.31931735375983,1.0091237870421
119,1.32309340232785,1.08693835922303
120,1.28849395442164,1.00873655631993
121,1.28694501544948,1.00303231330812
122,1.32409142081084,1.00127447684693
123,1.3133387808321,1.01383418058598
124,1.31839051289003,0.963081374883444
125,1.35025649054627,1.06793133144572
126,1.29824615255119,0.97038116714803
127,1.33380213366679,0.987412918246772
128,1.30064556076006,0.972451326147008
129,1.32302671716172,1.04940929341749
130,1.29058581401142,0.943502965135281
131,1.31748480171525,0.992849502958921
132,1.34529544313625,1.06404169814096
133,1.34195216104879,1.05593884856948
134,1.32729959415924,1.03545958795667
135,1.34331949351777,1.06956839768855
136,1.33918828742459,0.956768925156178
137,1.31980612416224,0.966684966527849
138,1.33418563576691,1.0618985649668
139,1.35623694994613,1.07696438840444
140,1.33200532308163,1.04482293827854
141,1.34927213959773,1.07460878228871
142,1.34750036598761,1.11516315252484
143,1.30078673360875,0.999824858307785
144,1.32572987421509,1.02081595765028
145,1.31001633346743,1.00997357862955
146,1.31301954985952,0.965023170999184
147,1.31137527487533,0.944739844725643
148,1.28607485956258,0.974934817586215
149,1.34055628491265,1.01866915643434
150,1.35712229657942,1.08448948704502
151,1.29648098820151,1.00423446190633
152,1.29536798885653,0.942471319426436
153,1.33955404041368,1.02170680135827
154,1.30587688176593,0.946305099148418
155,1.3303735145132,1.08713084658697
156,1.32277295445948,1.02031829802054
157,1.2913322724552,0.963148115506312
158,1.30319830504694,1.02282573903993
159,1.33985280527867,1.03123051606326
160,1.3104183835787,1.03528877636798
161,1.34807448193822,1.03582938746578
162,1.31489339584947,1.02847538552194
163,1.32258128633423,1.05413047731726
164,1.31075904135509,1.01702305606903
165,1.32815239838513,1.12478485810662
166,1.3170668248719,1.02490703248106
167,1.27005433243925,0.895534053460131
168,1.31264181885229,0.957529940341698
169,1.34829831303365,1.0698918809657
170,1.32434232926666,1.0092712922966
171,1.33625788062159,1.09893026861823
172,1.31805262917379,1.00541611694751
173,1.30626856371723,0.997289506523361
174,1.31394411155209,0.963476047777448
175,1.33199126043749,1.03092612406092
176,1.33600173098505,1.05447520316632
177,1.31823240381979,0.983951015885294
178,1.30436356305912,0.976652254060272
179,1.33350030602496,1.06198506590526
180,1.33261559042946,1.05075028432165
181,1.30189649534506,1.0179921114601
182,1.33296201362317,1.07749099702686
183,1.32799327490522,1.01805407939481
184,1.29184687592993,0.993691792621351
185,1.30443581510531,0.972562047134957
186,1.32812372173582,1.03431159155049
187,1.29181556908359,1.00523665220994
188,1.33908276921045,1.04529187415318
189,1.31158858710682,1.00758226194444
190,1.34329890998996,1.07497727492894
191,1.33617577988734,1.06898243454621
192,1.31653205434263,1.0309092580931
193,1.30227123988142,1.00462520138888
194,1.33987100907363,1.07567573970398
195,1.3006343668164,0.949392012146068
196,1.34416386395777,1.00043399976184
197,1.28523357345122,0.956179465450576
198,1.33350244888209,1.03648438716003
199,1.32302414438178,1.01052815507268
200,1.29658953673872,0.951016882303179
201,1.3496707233468,1.02184096023389
202,1.31806050357091,0.988046119931822
203,1.3578351886494,1.04941030940612
204,1.31737740849325,0.985780177619824
205,1.35242223829133,1.05965789313604
206,1.34799539335554,1.04255196408848
207,1.31905220592953,1.00504453540548
208,1.33450297031362,0.952474850586947
209,1.32307729103764,1.04707006748324
210,1.33151983889638,1.06586067426916
211,1.3149272532952,1.01840267122711
212,1.33129933290732,1.0063751717918
213,1.33344766019374,1.02736786822788
214,1.32227629860047,0.996054716638461
215,1.34423296230335,1.04957120365315
216,1.31286377692197,1.01605563094167
217,1.34970586838094,1.11610744902252
218,1.31477041488579,0.992623670933738
219,1.34266143673644,1.02900858129898
220,1.27564292617691,0.947890010474428
221,1.31323162599113,0.994585875654474
222,1.30104831543879,0.966673196528563
223,1.30409331765856,0.957911606513405
224,1.34790968565223,0.994313033077208
225,1.32507570040471,1.03341604080631
226,1.30171492105887,0.983942675746009
227,1.29249107548498,0.994826797958183
228,1.33740756922657,1.03226684842174
229,1.32231983930521,1.00585450011529
230,1.32123282563077,1.08413263801049
231,1.32059868962326,1.01308150309395
232,1.33714194945773,1.05973999113017
233,1.31615782234496,1.02754841341221
234,1.33280302698287,1.0347960835449
235,1.31331794089153,0.997449335551055
236,1.30050044435719,1.04082717846688
237,1.31891210125247,0.983108592275037
238,1.31172455702056,1.02552230022557
239,1.31280941980824,1.02152431854123
240,1.34101365719977,1.05514415294128
241,1.34109903456807,1.03836943938902
242,1.31865736767532,0.967661566941278
243,1.29978409413044,1.01483233013453
244,1.32845148285532,1.05528220687042
245,1.32716006124907,1.05075270636723
246,1.34570033759118,1.0340054638893
247,1.31671229222982,1.03717015260227
248,1.35898553932215,1.05208832260325
249,1.31738857468912,0.994035195233797
250,1.3380568702251,1.03035836600052
251,1.30465347689293,1.02516273581709
252,1.37728460729959,1.13190167044918
253,1.31483793584259,1.04613703705632
254,1.31678719188464,1.00750233870597
255,1.32031330375616,1.02750812504898
256,1.34808309154034,1.08656567028109
257,1.31872313907211,1.06053281485634
258,1.32024933484697,1.0215304350845
259,1.31035023463008,1.02359602100168
260,1.34069587428347,1.05801899394878
261,1.35783873791239,1.09759568681634
262,1.37055905485884,1.09154620236173
263,1.32904452209058,1.04938729089739
264,1.29829686591626,0.930562438479825
265,1.33634309342304,1.07425097892845
266,1.29727603048566,0.952575560208918
267,1.33635195655704,1.00344920324976
268,1.34420661264643,1.07174071046478
269,1.32359664867623,1.02222187598954
270,1.30313953924237,0.986584050468419
271,1.32260490290684,1.05812710968412
272,1.2714740137969,0.932725088830567
273,1.33215010112579,1.03516475605631
274,1.33335580583394,1.05563557156252
275,1.35277153362435,1.10234242144044
276,1.32254929208153,1.06234690201465
277,1.33710781332591,1.04809744113625
278,1.34393091357595,1.03091566835278
279,1.32247227319092,0.976512743337953
280,1.30623486435865,1.00488333063836
281,1.31195320756048,0.991332280346091
282,1.33411916713651,1.0313875290163
283,1.30962784375636,1.01069763199374
284,1.33469485883505,1.06016102142662
285,1.31476028221624,1.03578986044464
286,1.33973486631587,1.06565999726255
287,1.30746127260288,1.04173859415625
288,1.30058309630193,0.967796405305535
289,1.33345973962598,1.06183507189996
290,1.30992931216232,0.990091291505957
291,1.31611470455831,0.99217679682681
292,1.33068753737832,1.03047250439599
293,1.31154503019135,1.02494188776348
294,1.32957148692847,1.00773964456355
295,1.34553317621777,1.04999694699384
296,1.28511126880454,1.0070872379928
297,1.32235885889866,1.00991045533185
298,1.32012062150121,1.01463990425176
299,1.33050638987169,1.07476002668381
300,1.29162352507355,0.987325646254289
301,1.34933856499456,1.05211129303737
302,1.33926193930128,1.01722270155142
303,1.30312837057704,0.970428604235446
304,1.32014153381539,1.06192953294518
305,1.31817112455904,1.05345120074564
306,1.33905640681361,1.05197033215121
307,1.3607286228043,1.05558425765134
308,1.30924840034421,0.995155339949136
309,1.28362986726786,0.983408889294251
310,1.30849419772843,1.00695693828043
311,1.31724069039842,1.02009280601253
312,1.30766186839191,1.00325690202828
313,1.30133944282373,1.02880310836066
314,1.31267599774422,1.02404459831633
315,1.3126696269508,1.03956404961652
316,1.32431479371177,1.02924759214414
317,1.31272912344994,0.9739713711236
318,1.31467972101587,1.00479972636127
319,1.33882427168029,1.03827269184037
320,1.32654111775899,1.03042726002843
321,1.35365309919347,1.0404297409446
322,1.32116751176542,1.04067910740387
323,1.33322061737362,0.984199858140504
324,1.35507055037664,1.08097401542636
325,1.32032327477974,1.00344568090187
326,1.31433482305163,0.99937118975394
327,1.33051708480144,1.01011865426018
328,1.2932098153631,1.0142795304176
329,1.32343489926375,1.05965772507188
330,1.30784268706334,1.04013391143095
331,1.30380805197497,0.979929317836569
332,1.31548131218645,1.08393295871799
333,1.32853491567902,1.08662234428669
334,1.32687534515332,0.985930493089493
335,1.32872567424527,1.04569022680523
336,1.33628355360393,1.040912747438
337,1.34233313657713,1.03677951623913
338,1.34480889886669,1.11899674481692
339,1.35666848821663,1.08758015471916
340,1.31018349673026,1.03306515106814
341,1.31792621707523,1.04195835367409
342,1.32173544444384,1.0434455846233
343,1.32955328637833,1.03683558934946
344,1.32426043798312,1.05122095686527
345,1.34372418442527,1.02736337883979
346,1.31315358864404,1.02541430845494
347,1.32431326211734,0.978397994788338
348,1.29042249226513,0.964290654863046
349,1.32411714626858,0.983763077097772
350,1.31663336654087,1.02493210639439
351,1.31423703521286,1.00033889507107
352,1.33385530060216,1.05446392049898
353,1.27226491746006,0.960267990648657
354,1.33501960549217,1.07939411812133
355,1.32556779041093,1.01666724717874
356,1.33367912488713,1.05717616290696
357,1.30062346628837,0.9792361688564
358,1.33448224128944,1.01181679937836
359,1.31977323783664,1.0315988041845
360,1.34255878764657,1.0469689117636
361,1.32624507588635,1.07394398081011
362,1.30616902337567,0.977517487365579
363,1.30500373262434,0.964865562087921
364,1.31032385257976,0.998483657617598
365,1.32985369552178,1.10127467805894
366,1.28736213465042,0.939324250346457
367,1.29483601700841,0.976238068425243
368,1.30062257021369,0.967748549428899
369,1.29529018022015,1.04223120014833
370,1.32725831121476,1.04692270336169
371,1.35296058534999,0.980944096301562
372,1.30459419531764,0.97426434600391
373,1.36380202634726,1.0630784755618
374,1.33604402105953,1.04573363865597
375,1.30629854370936,1.04382200614823
376,1.3295818970519,1.0557052836741
377,1.35444097017278,1.02793411785144
378,1.28991297112343,0.977750818671501
379,1.32042025914949,1.02967903256086
380,1.35137506720508,1.04196888450526
381,1.28177744642423,0.947738565864694
382,1.32405313014018,1.00802818702316
383,1.34463184773824,1.0595206117604
384,1.32096957983842,0.990141644850496
385,1.31819529167854,1.01517114588503
386,1.34796866462937,1.04141151444272
387,1.33734200075073,1.08732209887432
388,1.34195637742253,1.05773748324907
389,1.312924423809,0.947815501938798
390,1.317742486631,0.987036766522628
391,1.32153370327408,1.042785724406
392,1.31552845418632,1.01576935908142
393,1.27343274163568,0.981436160561762
394,1.30909681521391,0.97511415205173
395,1.35935606049071,1.07851762713605
396,1.3298164890438,1.06708070959555
397,1.29242379168781,1.02333490417701
398,1.32844373442254,1.04834745871847
399,1.34147309339327,1.07049546529484
400,1.33934835476501,0.99161365577222
401,1.33501152975986,0.986613826309454
402,1.34884671019266,1.03969259484026
403,1.31208713709725,0.987946545220104
404,1.30663652552477,1.01146062115433
405,1.35257090753488,1.06183524941817
406,1.32983509335485,1.06744185520657
407,1.31874251850969,1.02655256972456
408,1.3103331026976,1.02578382268297
409,1.330528363241,1.02795429164956
410,1.30524226187748,0.959004112844552
411,1.30007308996337,0.98446061937294
412,1.28787436003634,1.00872459860979
413,1.2964806878257,0.973698507343787
414,1.27836188720155,0.961598479285159
415,1.35747666053837,1.06748809235198
416,1.31469714962757,1.00514061778064
417,1.30666247180707,0.976638996946496
418,1.31561280638688,0.990466793773458
419,1.34920555280884,1.0737178503792
420,1.32402329752503,1.01818875903806
421,1.31964240680402,1.02353663864665
422,1.34880266421632,1.13395742478289
423,1.36790776425619,1.03619468413581
424,1.3541812327928,1.05988931812764
425,1.33344601677516,1.0350656664121
426,1.31001461596191,1.02971001605839
427,1.33297203219566,1.08031749864682
428,1.33996006713225,1.0533974701425
429,1.31456487607529,1.03399072468035
430,1.30596897033653,0.989569465655068
431,1.31545839859761,0.994813753341608
432,1.31630849727268,1.03769364469581
433,1.3000096435996,0.991251056365766
434,1.32721270635796,0.991370667280309
435,1.35873246640134,1.06145745254563
436,1.2944931812535,1.01498103728866
437,1.34251706782708,1.06542757743703
438,1.33702405039035,1.0695472766699
439,1.32183117043911,0.949556956767588
440,1.30232332273142,1.01297094414799
441,1.34869087975806,1.08843991281575
442,1.3245816294971,1.0725060381642
443,1.29528628011811,0.983491194156158
444,1.32767390811405,1.00136412821497
445,1.32162865702283,1.02909988936715
446,1.32524724442634,1.021527952811
447,1.3084674467631,0.993459353706856
448,1.31983920231188,1.02383336872623
449,1.31745709394555,1.02342881597829
450,1.33307009316663,1.0563561716202
451,1.35339996031671,1.02345469692932
452,1.3207892604423,1.00047217946214
453,1.3213256237503,1.00570696034707
454,1.34337768986834,1.00276291991564
455,1.3350921700907,1.02842921449552
456,1.31767932320007,1.03456511068825
457,1.32625965448322,1.03007219332744
458,1.34354320970732,1.08379293036214
459,1.34531331816261,1.01854834433635
460,1.32807667123255,1.04212507546753
461,1.35337125975271,1.06145925617221
462,1.32357806876398,1.08011996400668
463,1.31744174218749,1.01789479245781
464,1.30761766252727,1.0270612163581
465,1.33164227527971,1.05439496226976
466,1.31670456541036,0.993270143473643
467,1.28696003292154,0.959861163606523
468,1.28520893790904,0.995656070908352
469,1.30870087236922,1.00002301419288
470,1.35817279597559,1.07427268861556
471,1.28008421826923,0.972339031605042
472,1.37133791583293,1.10246039063368
473,1.31052189476545,0.987009274875009
474,1.30839962086955,1.04455921401479
475,1.30301815139932,0.999933442735861
476,1.3224182563878,0.995206086653957
477,1.35837691715013,1.06859888139842
478,1.29081639531078,0.979914559858531
479,1.32131245768547,1.00724474257037
480,1.310699037402,1.02306355471201
481,1.33785046099559,1.05830446670449
482,1.29111924688065,0.952341421539936
483,1.31121309517124,0.984441119965591
484,1.32093693512891,1.01805549748395
485,1.30926441040166,0.982800637872112
486,1.34983743270951,1.07454534954652
487,1.31068989051913,1.0152475317562
488,1.35138300440662,1.0601144683354
489,1.32882808908343,1.05922623006427
490,1.32236949024771,1.00643414558609
491,1.33516091065615,1.03999074412866
492,1.34279607720389,1.06185716935692
493,1.35408122978306,1.03144052672408
494,1.31600674020511,0.987974349185902
495,1.35667597574238,1.07569367478054
496,1.33344881347439,1.04542066890206
497,1.29305967541061,0.932927503156203
498,1.32285148644749,0.984370467178734
499,1.34250958207994,1.06863242600651
500,1.32202767808029,1.0075248784464
501,1.34860605638455,1.03405195780123
502,1.32704525699576,1.04761294694187
503,1.32882711210229,1.04359768701702
504,1.29926740898358,1.02538495893846
505,1.30781717800705,1.02214920209758
506,1.30605812443664,1.0135902726938
507,1.31721546450993,1.02429155913406
508,1.33483443375368,1.05147035916844
509,1.26560421189371,0.97444108156785
510,1.31414081108074,1.0582019922917
511,1.30347594780729,0.989637317760825
512,1.28692969668532,0.997205214899881
513,1.32568803572104,1.00255019944673
514,1.30449952935367,0.944765953414832
515,1.33675224848193,1.00600059294037
516,1.34550390964768,1.03067731795282
517,1.31357004940122,1.00091650343821
518,1.35228684315051,1.11465411487695
519,1.33284654663852,1.01450199209967
520,1.33385262790572,1.05379835233844
521,1.32353100492544,0.984457080770166
522,1.35555455922895,1.07016748609093
523,1.31494514525272,0.968661487561264
524,1.30491968424627,0.994667009794617
525,1.28097531314954,0.959040488573347
526,1.35162990834854,1.05322550720901
527,1.28680706051897,0.934595035777934
528,1.31698205943602,0.992045548322184
529,1.32562430452538,1.00294075557842
530,1.30729026692218,0.982808247767584
531,1.32762155362448,1.03970275647953
532,1.31629407109917,1.02849424046583
533,1.30870784805295,1.06839929547156
534,1.32800897344725,1.04739921423019
535,1.32581963420584,1.04756266810607
536,1.33359196905876,1.00804485249216
537,1.33042938057403,1.05165869132047
538,1.3513021971919,1.05698079305958
539,1.31929822388099,1.0433028411786
540,1.34196490167596,1.07340952913134
541,1.31575170601152,1.04647684054073
542,1.34623662635786,1.04282961508199
543,1.34788935774191,1.06474669262771
544,1.3251950845625,0.980104364577492
545,1.29308359633375,0.970197270996891
546,1.31065217721528,1.01960290650338
547,1.38393866345674,1.16411330240807
548,1.333513300473,1.03589466627745
549,1.32475234675497,0.988836475945846
550,1.31624701564118,0.98953558918944
551,1.31315308854959,0.99740294714058
552,1.32727957999413,1.05169698643353
553,1.32362351128473,0.991675789876361
554,1.29011640468484,0.994865718666592
555,1.35401620696147,1.06295583300109
556,1.31131148224012,1.0184835815155
557,1.28756293532591,0.991018191550853
558,1.30531702691106,0.986765132713856
559,1.29181065009309,0.983178821122381
560,1.31487248144843,1.01220364360462
561,1.36406634167861,1.04972935712284
562,1.32032412569065,1.05187837458226
563,1.29505981812418,0.954584231690395
564,1.30431772431886,1.01969392319292
565,1.34360963661874,1.04175917304135
566,1.33252121298479,1.0333793980674
567,1.33820312186606,1.01004643940236
568,1.3237847183057,1.06127889982057
569,1.29590070428107,0.990708776145622
570,1.33184366367344,1.02734798227436
571,1.34297725311502,1.10431529311459
572,1.29047230593933,0.977842738283977
573,1.28790494540781,0.986471065062205
574,1.33423689268417,1.00272897233533
575,1.33393753607663,1.02467854280242
576,1.30583749818747,1.04009285930959
577,1.2867903490813,0.929135876310948
578,1.31800964433508,1.00041047328448
579,1.32194059500745,1.01271739674851
580,1.29080552492385,0.943450943034382
581,1.31512575141846,0.994993444074045
582,1.31666752053392,1.01230659951211
583,1.31936879945806,0.999601990581782
584,1.32434535045557,0.978765902405973
585,1.33644631969257,1.0469858901705
586,1.31511249870056,1.02399523889598
587,1.3252009922599,1.00889461602629
588,1.35366342252916,1.10906010759563
589,1.31328726142219,0.998425016372144
590,1.32682742246658,1.02541841023886
591,1.33414854710034,1.0084821119346
592,1.30278282778849,1.03199700643512
593,1.34169825621758,1.00004150548504
594,1.31310659529558,0.950170103786967
595,1.35320779121456,1.07669082114672
596,1.33141474804278,1.03818650881131
597,1.29277086322664,0.972264913056588
598,1.29475810212581,1.04697460501626
599,1.35555057570502,1.06597038809213
600,1.31532879262972,1.00221371796435
601,1.29634892482081,1.00224693224785
602,1.35024846178926,1.05304593873612
603,1.35129386243244,1.01387336907133
604,1.33821240134099,1.00649165239333
605,1.2872871794388,0.969487768267589
606,1.32241277502036,1.0278142762434
607,1.35615257945291,1.05918017512599
608,1.32958405854433,1.02603129523372
609,1.30804292535902,1.01661065917157
610,1.30852380603821,0.983324741840984
611,1.28928046382869,0.916608879553062
612,1.29327056570145,0.948352869093893
613,1.33573543210209,1.07064498812897
614,1.33751804635397,1.02576815713822
615,1.28871660428012,1.00275352273246
616,1.29049260763442,1.02044485400794
617,1.32323285094136,0.956087412375422
618,1.3239103635877,1.04543476486716
619,1.33650461534956,1.05677647395758
620,1.36515918875562,1.07172811663511
621,1.33484612517944,1.05947802607828
622,1.33166724533465,1.03465814103536
623,1.33360499466933,1.02360455725006
624,1.32061347816826,1.03411159860296
625,1.3450463570054,1.09155330346202
626,1.32188655649468,0.98870904191359
627,1.30525789589438,0.987641399251527
628,1.3489420769641,1.06918581700254
629,1.28119931756429,1.00238523956579
630,1.31488082612688,1.01766181295355
631,1.33687820611394,1.03907034177215
632,1.29135729246641,0.970170940780798
633,1.32687290192986,1.0419928887839
634,1.30296582213709,0.99153567048513
635,1.34722558388559,1.05600709752723
636,1.34130401157986,0.999952984338441
637,1.31173941256687,1.02663210349058
638,1.3514408782184,1.05152999908315
639,1.34147570243763,1.05841204027883
640,1.27522029975407,0.96468792248534
641,1.31359051828803,0.996872473451829
642,1.317409015817,0.993066178586353
643,1.35382238114059,1.11757005995542
644,1.32864402450076,1.05056895657361
645,1.30609050782869,1.01382832567799
646,1.30503166482662,1.00886383269093
647,1.28786121693622,0.953352660715085
648,1.30249600488361,1.00796467062559
649,1.29910544137616,0.94437634806516
650,1.32308136863191,1.0088081073699
651,1.33366989225397,1.05993555573834
652,1.35554208467493,0.997351719000471
653,1.33683149520577,1.05661146457074
654,1.30858464375532,0.944621499834297
655,1.35513869094849,1.06588864654088
656,1.33836402915186,1.01244199555591
657,1.32380349686094,1.03188811049415
658,1.32080648249478,1.00763176015807
659,1.29695346184277,0.960092210927499
660,1.30835602940728,1.00235546819184
661,1.32937427555546,1.09724831729309
662,1.31078224757996,1.03536582545383
663,1.30805395114352,0.998470370614785
664,1.33151253181173,1.04671137363021
665,1.31303332509872,1.02463227725139
666,1.3069234010144,0.949526725391213
667,1.32661270730567,1.06435955519421
668,1.32932889030914,1.09887404002044
669,1.33716768163213,1.04998419392209
670,1.32320957848014,0.99677768790413
671,1.34672872704581,1.09642137882965
672,1.30230676661536,1.01891510757965
673,1.32268515137882,0.98826299282239
674,1.33853625694973,1.08056919371444
675,1.34547554971988,1.05970639028052
676,1.28977249160643,1.02384814026108
677,1.30503157677321,1.00385261532446
678,1.33663761558433,1.02555776640921
679,1.30290159667085,1.02649453966656
680,1.32604147542015,0.996282474371818
681,1.30185544878001,0.956877201795291
682,1.36116207479968,1.07852848448437
683,1.30738586741695,0.991229915252494
684,1.31525947994427,1.00334662668528
685,1.29051475621768,0.939419988333382
686,1.30847217587323,1.00053263233172
687,1.35012534156648,1.06831706060345
688,1.34171353764062,1.02547281272285
689,1.29998074049883,1.03845181462289
690,1.32795282262837,1.05079324721048
691,1.31702002498376,1.01869130748169
692,1.33846029502711,1.06916617803452
693,1.32823889471156,1.06582447786926
694,1.29663725815926,0.970692724106317
695,1.29186984058969,0.990817966438684
696,1.32124406279814,1.05366949900808
697,1.30402685988359,0.96935115832678
698,1.30690144124219,0.971282703910782
699,1.27442757618108,0.920340610878156
700,1.29527138471293,1.04333428746286
701,1.31351110958839,0.99920047570299
702,1.29850512472726,0.970006319760443
703,1.32068028765256,1.05381978581369
704,1.3303714041747,1.08286970671129
705,1.32934378946882,1.0043999962578
706,1.32548014658484,1.00078270765462
707,1.33025149208692,0.998393237720955
708,1.32164027227535,1.06398584996703
709,1.31220233305225,1.05349288594059
710,1.33126648800346,1.04825360748434
711,1.33396824234116,1.04096111423751
712,1.35199435974802,1.07232338451733
713,1.30924827151412,1.01512033534292
714,1.33793116898664,1.05392610813968
715,1.34850558730323,1.03486839281102
716,1.32808661754507,1.01993217894984
717,1.32677090926826,1.08395661251578
718,1.3563827152652,1.06485977955694
719,1.33368911449929,0.968688203440844
720,1.32378492446846,1.06499157029866
721,1.31538097295043,1.03027839440268
722,1.34381672438785,1.03600270001843
723,1.31853911824465,0.993860486845973
724,1.34521153388036,1.00389899643849
725,1.33287617865841,1.09954514212366
726,1.30688157502946,0.991612705835651
727,1.30535254208173,1.04800559753492
728,1.32845931540079,1.05468897582067
729,1.31953309882221,1.03300439829869
730,1.32626627248653,1.0320529370513
731,1.35273605576484,1.06301150688003
732,1.32397944002406,1.04806164973258
733,1.35033190494865,1.09830887707749
734,1.31210433194967,0.99542292470438
735,1.3357264023256,1.02941375521254
736,1.36723082137184,1.08742188447554
737,1.30704118723201,1.01486618788468
738,1.30073128008393,0.964583753312203
739,1.32957210793543,1.03736979483111
740,1.29630420519743,1.02360846562617
741,1.36476347371267,1.09379932127614
742,1.33043049833507,0.976472319841762
743,1.36254548892253,1.10404557417625
744,1.3531817442491,1.10486783373123
745,1.33086305281608,0.995738533382487
746,1.35693153970895,1.05249228061494
747,1.31882060505556,1.03422275153199
748,1.31704939792108,0.998858596135999
749,1.33076096076672,0.984621247992333
750,1.2977438722627,0.970420619288631
751,1.30292882302803,1.05832611362569
752,1.32120646142875,1.0364552274042
753,1.3149296291637,1.01181471814689
754,1.31555184456837,0.985322879651581
755,1.29066609958593,0.963880241862758
756,1.33235545358291,1.05988843982637
757,1.31373322666148,0.996862383209896
758,1.32000453173941,0.97458670738398
759,1.35419945725786,1.07198369651848
760,1.35004923873347,1.07116239004831
761,1.31446045673827,1.03485138874866
762,1.2970758323408,0.966093640630266
763,1.35757120530081,1.04262064643359
764,1.35848453502884,1.0501511469245
765,1.37727626092904,1.06268413910257
766,1.28909621444828,0.964836597142798
767,1.31557528828943,1.0404484113981
768,1.31864871845415,1.06314350068849
769,1.33475558678851,1.05965044958941
770,1.33486829588151,1.04364983186326
771,1.34485889869713,1.01757883262911
772,1.31968442320847,1.00839989141866
773,1.30471453517988,1.01004955673495
774,1.29459171647477,0.982522320768098
775,1.33675017077514,1.05613444208809
776,1.33888664635985,0.988318504130434
777,1.30390764496817,0.978379029490144
778,1.33279736607116,1.04437484244419
779,1.31379663287443,0.992422696021979
780,1.33868511611494,1.05500925856423
781,1.35391696835735,1.04284940699234
782,1.32323386165559,1.00629673313478
783,1.35514794138459,1.07810540941675
784,1.33965787651928,1.06534646112084
785,1.3302653462667,1.01508230416177
786,1.31873163352744,1.02959182602396
787,1.37917455932631,1.08571779979483
788,1.32516642069932,0.992361260978175
789,1.30707797696285,0.993534675902628
790,1.30693374375295,0.973380391177854
791,1.32910293229098,1.03798168857417
792,1.29790576992383,0.974188704344442
793,1.35388191372711,1.045638156677
794,1.32594504994233,1.06891684749469
795,1.30919975510434,1.07578990710925
796,1.32339168399628,1.06968116999325
797,1.31152090897934,1.01991035231166
798,1.31383235423431,0.972707158527527
799,1.31815309980427,1.02621186871249
800,1.32917818986729,1.06681756950216
801,1.33918543259205,1.01191672036752
802,1.35067587911111,1.09217024209119
803,1.32733228999284,1.07605907706285
804,1.35262212534186,1.08453761463859
805,1.33604451326259,1.04407548376914
806,1.35466672439558,1.08050097684595
807,1.32066058064382,1.04890217770165
808,1.32394552571146,1.03456378159177
809,1.32798497351383,0.98697121323217
810,1.30341883887277,0.984675052061786
811,1.32965737582783,0.999299345539319
812,1.33410955247981,0.99562410388627
813,1.33892943199089,1.0779651405244
814,1.32830645519106,1.03800628942993
815,1.31827554312441,0.997320585016054
816,1.35186708462062,1.03198129659437
817,1.32796678374627,1.07720566346009
818,1.31792168021622,0.98930939050026
819,1.32617213293711,1.05821228040946
820,1.31139609789248,1.03844251110692
821,1.31450398402737,0.980695905746393
822,1.33321426464369,1.02500332855366
823,1.32461284788854,1.0134656120706
824,1.34471205134459,1.04165654116248
825,1.33707827120102,1.03579378966661
826,1.3188067510071,1.07275263348202
827,1.31413959276428,1.00062588250616
828,1.32780788285859,1.0440448031965
829,1.31098772487302,1.00624800525269
830,1.32076962578029,1.06400914085541
831,1.32516165784215,1.03191669124354
832,1.34186470790739,1.12234073120456
833,1.35372536170793,1.06678938188713
834,1.32929561885195,1.03928033417961
835,1.30410140366487,1.03411363993605
836,1.34290060602092,1.06138631156437
837,1.33940662797688,1.05566258778995
838,1.32429239254284,1.10084124328228
839,1.3542179898168,1.04923715726489
840,1.32160193554712,0.9913843501309
841,1.32972500190155,0.981154929760214
842,1.33952802140761,1.09572977701035
843,1.34363579888666,1.06908860668628
844,1.31771143323833,0.990761523413077
845,1.30463832084756,0.958345927949295
846,1.30213430128608,0.934668086476247
847,1.34711175550078,1.07027125694941
848,1.3333920249539,1.00787734996311
849,1.30584611994734,0.994879898550801
850,1.30596825666479,0.971593558955414
851,1.31721634808206,1.02420755154648
852,1.30762430607785,0.987913703948014
853,1.34641887621033,1.06725863558922
854,1.30432010517488,0.997065915417057
855,1.29382578131508,0.964759921773313
856,1.31132076995652,1.016486372244
857,1.33602782373791,1.01515215236915
858,1.34007105289504,1.0306832149762
859,1.30443038107357,0.982505396320494
860,1.33034726939213,1.06097933692089
861,1.35603249358606,1.04468620656503
862,1.30616796061811,1.04674430649426
863,1.31601686872017,1.04642989027176
864,1.3211345470818,1.01176189825649
865,1.30301452519603,0.942980334613553
866,1.34609696126573,1.0717072732996
867,1.34122141453379,1.08306511889967
868,1.32083205302588,0.989787094367404
869,1.34732123316801,1.07851650592377
870,1.32621447389796,1.03828810636581
871,1.33812278474597,1.02009637406892
872,1.29346311119238,0.922232962151113
873,1.33974588809756,1.08462404051702
874,1.32059659965443,1.0259048338599
875,1.35587903097904,1.07090308279588
876,1.33769759684936,1.04344751493821
877,1.27960237461368,0.913552353788241
878,1.31761916538291,1.03122057586488
879,1.30708965940794,0.976284872348832
880,1.32184738653127,1.00994254316835
881,1.30360227711366,0.96699761557804
882,1.32203902955372,1.03459011045673
883,1.36567472550947,1.07046536754532
884,1.32394312701158,1.02699897947172
885,1.31920566260721,0.976181796371026
886,1.30079124855402,0.997132772983421
887,1.35454099332065,1.06738005752028
888,1.30976855273111,1.02239815074415
889,1.3367890598012,1.0152730120242
890,1.30041059345672,0.947669552016262
891,1.31012582006649,0.952081301985842
892,1.32810829603063,1.04825656704848
893,1.32705962750124,1.00007503172088
894,1.36063573806852,1.15014191698011
895,1.35647618707234,1.04811280146359
896,1.35812210359565,1.0660101222487
897,1.3127375746089,0.995111550398512
898,1.32412949698764,0.982045976198166
899,1.34148428705652,1.00322129209564
900,1.30347994276496,1.00807622493034
901,1.32607058157008,1.00380519323137
902,1.25809280714169,0.91748498987919
903,1.33066984794207,1.0118231703482
904,1.2869137024882,0.949905235127589
905,1.35003256187968,1.08854647083233
906,1.2979825929017,0.963450640238594
907,1.35251298741915,1.09407809122515
908,1.31952770505543,1.04714137494638
909,1.33159213011132,1.02469436965485
910,1.31454142001787,1.00782544677246
911,1.36836271057369,1.08950071149096
912,1.31552749099513,1.03539442276527
913,1.34249750929307,1.03439228222238
914,1.27992157939276,0.969332642687121
915,1.33115247275931,1.03246030688132
916,1.33436354508025,1.00854134553985
917,1.35872607253991,1.05819497154829
918,1.34480536178101,1.05684970680156
919,1.2787540965977,1.00521158816561
920,1.32485781162133,1.04698149418894
921,1.32409315396757,1.00901209964724
922,1.32501591846402,1.07847487342611
923,1.33594527987839,1.03578635499235
924,1.34828740557525,1.03055614030213
925,1.3398712896807,1.01510418439247
926,1.31160800064407,0.997924833690164
927,1.30048258883502,0.996439780167594
928,1.30129406165655,0.954377177809952
929,1.30499614592271,1.03399816235392
930,1.33375665465838,1.05838103523038
931,1.33663543338682,1.05020670674288
932,1.28293488380767,0.97480658929066
933,1.33900287628263,1.07885605340278
934,1.32839719788912,1.0034567528371
935,1.31289549931344,1.02578848139428
936,1.29632114034905,0.971638158495057
937,1.294992339801,0.991889076376499
938,1.33633004747949,1.03937431634725
939,1.30180600403756,1.0285359985469
940,1.28359493554998,1.00393376185627
941,1.31757507764528,1.01440226511409
942,1.32993294065253,1.00255265514108
943,1.31735286547707,0.98477510670135
944,1.29304666315054,1.00040539882012
945,1.3341562728055,1.04827590353776
946,1.35200835092285,1.06304455153767
947,1.35819944079821,1.08401396839853
948,1.30814962473458,0.997981006672673
949,1.33863442726295,1.0404001594869
950,1.35900693115518,1.05909682761018
951,1.33132589999214,1.02401903346509
952,1.35237073075121,1.08626657321615
953,1.30193580754589,1.00646954273661
954,1.32170955750557,1.02915028540516
955,1.32857353285913,0.995877497747128
956,1.31851820228601,1.03564591351944
957,1.3080231284015,1.01887626551701
958,1.34840369276369,1.0791172516736
959,1.33741365387974,0.975143580984456
960,1.32617874696823,1.06624840172696
961,1.31905278057381,1.01069711144028
962,1.34030241061001,1.02562955123048
963,1.32968679702565,1.00394514701154
964,1.29996009760393,0.983707065370364
965,1.3473812355611,1.02264102305353
966,1.33744330370866,1.07903281669217
967,1.35492641681871,1.07342863702368
968,1.33254678853579,1.02359245018708
969,1.30865812723543,0.987082711375724
970,1.34055139605165,1.04733183420059
971,1.30757148806914,0.978810993738953
972,1.32492496954721,1.01593793328617
973,1.32241126873656,1.03117338966915
974,1.31562292924245,0.99670303883501
975,1.32426448726546,1.06252219123727
976,1.29430355027548,0.92227084327244
977,1.34169914942748,1.02709757109167
978,1.30875917088549,1.01596917471672
979,1.33752883812414,1.02232375875772
980,1.32645766886291,1.04379250534394
981,1.31525680134291,1.02300605779683
982,1.32551103813489,1.03653274398369
983,1.33975439054258,0.976071573153682
984,1.32055450419566,1.08231051108344
985,1.33872040229202,1.00261921484665
986,1.3388157497338,1.02111682051203
987,1.30573453130771,0.961160022170157
988,1.32354505939818,1.00751064653761
989,1.35397952949315,1.13171037726166
990,1.30592180112666,1.04971513429945
991,1.35183494956568,1.03899467108876
992,1.32391409426218,1.01192303868748
993,1.32231336702312,1.01323161690848
994,1.3343359304139,1.00407455333151
995,1.293787245868,0.943235146333985
996,1.28588768898954,0.954113773382505
997,1.32158268848237,1.01090578005093
998,1.32048719210805,1.08811256940651
999,1.32146514547072,1.01977074043693
1000,1.34332792645605,1.0422001223557
1001,1.30940224823665,0.961021488345249
1002,1.34941719205936,1.02107127478044
1003,1.31385485580054,1.01460975524213
1004,1.29922831671315,0.999889668013967
1005,1.32849856090773,1.04967217416478
1006,1.35948247612115,1.10723666626307
1007,1.32853505201934,0.99564272149782
1008,1.32014471675042,0.995222288710508
1009,1.32413351343686,1.0031375498461
1010,1.32055899741406,1.0055594245492
1011,1.33464431678443,1.06321458923096
1012,1.35478803570184,1.12944163370234
1013,1.37103968535994,1.09347057713419
1014,1.33174389815218,1.07174169580146
1015,1.36380810386064,1.05299499979456
1016,1.30233193941613,1.00112303213583
1017,1.37342475790707,1.08350867042694
1018,1.34250591717825,1.08862947252689
1019,1.35293177300328,1.04316759670441
1020,1.3529206526828,1.08412624303273
1021,1.32195933560402,0.982772013218513
1022,1.31033925620914,0.940836863819746
1023,1.3137855470009,1.00572924522193
1024,1.35664738143477,1.03848745181658
1025,1.36044478287742,1.0920143496833
1026,1.34243190951966,1.07646723815234
1027,1.31614827734025,0.998923254605874
1028,1.30303827625909,0.997112349443629
1029,1.36989187956061,1.06996865625993
1030,1.31379664789133,0.96201744766329
1031,1.33382477120943,1.04597706368199
1032,1.33067244811961,0.984927755118926
1033,1.33041027633483,1.03383980537218
1034,1.32735362445395,1.06596889870816
1035,1.35187469510767,1.09228292489464
1036,1.29450292800668,0.99922909935078
1037,1.32848403287279,1.06580794032915
1038,1.33402144603453,1.05423083107851
1039,1.32473867127069,1.03179952175473
1040,1.35282807773212,1.09700901017626
1041,1.33010003597667,0.966830185557431
1042,1.3367676489596,1.02992806538253
1043,1.37783435396166,1.09665482157233
1044,1.32216510959089,0.992269618024679
1045,1.35914832366524,1.10382089994274
1046,1.30666053260701,0.991180527489994
1047,1.3292855237954,1.03875396111205
1048,1.29551162108285,0.995761021486916
1049,1.31925748162919,0.963783612361637
1050,1.33064045056727,1.04992956271436
1051,1.33344119321278,1.05554858047111
1052,1.31814018473845,1.01172356157189
1053,1.29662930495736,0.966228569815444
1054,1.32919094133679,1.05732139023775
1055,1.31001229095412,0.992648459889202
1056,1.27622629198292,0.984784452965685
1057,1.31186910555744,0.97763595442019
1058,1.30145220633871,0.986248443237831
1059,1.34556103252535,1.05923818270006
1060,1.30679975098768,1.07720663365522
1061,1.33618688117688,1.05631851425586
1062,1.3420660805234,1.11147071352148
1063,1.35252462237087,1.06062092272976
1064,1.2996933846189,0.940010153964857
1065,1.28880144279228,0.979215254584008
1066,1.32149437184179,1.04252148420622
1067,1.32698995012362,0.997649998876076
1068,1.3190034135352,1.04307568662817
1069,1.35155815035872,1.09219729380882
1070,1.34187442822219,0.993020678619889
1071,1.3694769982204,1.09657370458174
1072,1.31757620144837,1.00171291357224
1073,1.33130573532518,1.04800409361435
1074,1.34439992201486,1.04824447631539
1075,1.30678543857643,1.01075331071923
1076,1.32591660775666,1.01342625851255
1077,1.32844926365375,1.02428958128942
1078,1.313235852492,0.969951183185425
1079,1.31091074722966,1.00948678139345
1080,1.32329716647579,1.03018072469095
1081,1.33660160037373,1.0501615882217
1082,1.29854049477633,1.03367671456908
1083,1.34849587808473,1.05010932071299
1084,1.288710329286,0.96697955441487
1085,1.30138899670972,1.01584403152621
1086,1.31683507935855,1.01794055785592
1087,1.30962705285283,0.985642605904075
1088,1.33167304572432,1.03926878822172
1089,1.33148668578804,1.03606183386387
1090,1.32222656345122,1.04269041303578
1091,1.33873050285337,1.0568132713116
1092,1.30064585189896,0.981579625908871
1093,1.34554963393674,1.03939024634669
1094,1.33546631741161,1.05355597191394
1095,1.33758088739715,1.08321179095872
1096,1.31155762907339,1.05380027542491
1097,1.32702763224472,1.04400168500029
1098,1.29689219243585,1.03074860513445
1099,1.35935461225114,1.06263138407353
1100,1.31211004079765,1.0132530105957
1101,1.30903276990524,1.06314235118152
1102,1.33061929730322,1.05209258117111
1103,1.33091730330222,1.04051052563164
1104,1.33501360458901,1.02032961873103
1105,1.32449524191119,1.06813093189817
1106,1.34686841182564,1.0449584186196
1107,1.34992525842708,1.06649942585255
1108,1.30463354097016,1.05499247524592
1109,1.37186679910569,1.06489446796554
1110,1.2920482818931,1.03242028599582
1111,1.3175846290975,0.998872293112384
1112,1.33872762671795,1.03041783813933
1113,1.30111072677176,1.0044679973609
1114,1.28453813365064,0.966150012804442
1115,1.30247638412793,1.04807268918926
1116,1.31186819061715,0.957342050019331
1117,1.31644719269922,0.987077553233669
1118,1.28301958796531,0.944391645070617
1119,1.3744376626758,1.07670067767453
1120,1.33654508991795,1.06777955723806
1121,1.32976500416473,1.02445239417093
1122,1.33295163566522,1.07387669549656
1123,1.35073990837347,1.06573250127158
1124,1.34547721678933,1.07201994803346
1125,1.36419105322371,1.02595619754178
1126,1.31495108571076,1.01534448894696
1127,1.31622340786725,1.12430220690523
1128,1.32463628430758,1.06947524269784
1129,1.28876511123595,0.995020300804686
1130,1.36227194083354,1.05297605559296
1131,1.31030991700725,0.979229010905904
1132,1.3287986202291,1.03548919666479
1133,1.32288950483709,1.02855507506442
1134,1.33221594974554,1.03342284330543
1135,1.34832804283307,1.0117252775074
1136,1.30246705681027,0.997657755860808
1137,1.29980418249245,0.974218782671205
1138,1.35148873983002,1.06596538137886
1139,1.34765257759145,1.06671678630944
1140,1.2914206499061,0.974332628315378
1141,1.29502329190681,1.0217057075363
1142,1.30589794072063,0.987487314680899
1143,1.32206111074447,1.02962725332153
1144,1.3209782474136,1.0616905593906
1145,1.33071351130516,1.03786037388288
1146,1.32048276886762,1.06063341584783
1147,1.31414274232828,1.04866845251357
1148,1.34649237660562,1.07197542601839
1149,1.32055520680158,1.02714411097119
1150,1.30773937430622,1.00253873834507
1151,1.32873898052552,1.02310184865429
1152,1.30682389496702,1.02908989756664
1153,1.31689418347237,1.03784222016619
1154,1.31840355313794,1.00707904343132
1155,1.32305496114621,1.02296330061215
1156,1.30225179459404,1.00042038924917
1157,1.32818005250796,1.02646319788584
1158,1.31637100504657,1.06876310974336
1159,1.30279919257577,1.00978954386045
1160,1.339386023353,1.04122118508195
1161,1.32717798878554,1.00574715940607
1162,1.33689509656886,1.05043672165259
1163,1.35792985008332,1.07912914675205
1164,1.31139735488177,0.952950275489516
1165,1.29857444804915,1.04335623250429
1166,1.33390597230505,1.02920456949017
1167,1.35170225096525,1.05347653206021
1168,1.32192215376044,1.04919662966853
1169,1.3195865554253,0.99532640011361
1170,1.29189265939771,0.962853749391202
1171,1.32346497887086,1.04922754654615
1172,1.31317772605533,1.05689583175549
1173,1.31887803288582,1.00843792774246
1174,1.33459012078605,1.03544560082014
1175,1.35935905262621,1.10282831614312
1176,1.35689066773321,1.08299676121122
1177,1.30529401444558,1.01051467605903
1178,1.34618316197249,1.07113399496327
1179,1.35643912487691,1.05392485059608
1180,1.33474363502116,1.00260069019658
1181,1.30576967706062,1.04876329516593
1182,1.33860499883655,1.01907143947115
1183,1.33754045140562,1.0214532878318
1184,1.30857700775895,1.01521441430302
1185,1.30783617674723,1.01102449714682
1186,1.35185137472579,1.04391124458471
1187,1.33933810034822,1.03457811816248
1188,1.30830935797758,1.000696123851
1189,1.33213718507129,1.01761126711956
1190,1.31666983789212,0.981962876476283
1191,1.35519443073711,1.04416293102968
1192,1.33921982695897,1.05041574117282
1193,1.34025551645035,1.02276127691708
1194,1.29779264706046,0.997357850841671
1195,1.27239944758246,0.940833769919381
1196,1.33275643769124,1.01824840412225
1197,1.34254802243883,1.04449476350383
1198,1.3122260654775,0.978969704801264
1199,1.2925499974798,0.93575061309285
1200,1.33361022439571,1.07018004830514
1201,1.35385293438054,1.07026925267397
1202,1.30501654288018,1.00223113528334
1203,1.32390240295364,1.07186622668793
1204,1.33994371005908,0.994767229973872
1205,1.32024078909099,0.983151856717149
1206,1.3186425989156,0.984953024475761
1207,1.35085723884759,1.10243857976688
1208,1.34724213524976,1.07054301782679
1209,1.34271579078212,1.04467813732464
1210,1.34261225058955,1.01389396988853
1211,1.31929255650885,1.0124301230191
1212,1.30802843833031,1.01169441485432
1213,1.3062376166381,1.0174871320621
1214,1.34123981760694,1.06205923379409
1215,1.30383607379269,1.03343935722547
1216,1.29566140839615,1.03167785578716
1217,1.34147725262229,1.04356114045978
1218,1.34971627188167,0.996239194141408
1219,1.34051352035681,1.07001790783752
1220,1.3118241889827,1.03182179892134
1221,1.35598879633318,1.08963097149216
1222,1.32671951015159,1.00033741969362
1223,1.31159249634087,1.02099185364131
1224,1.31155891274093,1.02642271776243
1225,1.28261847320063,1.01629192050923
1226,1.30636452827851,1.03298137174993
1227,1.30211681803357,0.993938506263451
1228,1.31256827617073,1.03278473357533
1229,1.34013606063,1.01883439079564
1230,1.34231806820278,1.01064665328922
1231,1.27228668450838,0.943497096280937
1232,1.32170756399214,1.04185573060423
1233,1.32308992664955,1.01435238851931
1234,1.33207682011735,1.07850573571506
1235,1.32805905457642,0.995413268858114
1236,1.3219000998249,1.0212746641396
1237,1.31010697476798,1.07501361752532
1238,1.30508971054201,0.994929164324944
1239,1.30066125071226,1.01669948280464
1240,1.34088322742779,1.05224663730555
1241,1.3254794329451,1.0318271885743
1242,1.33131099581481,1.02344435658585
1243,1.31827627473703,0.994809318360923
1244,1.31475100226658,1.02083443328319
1245,1.32254700292976,1.02371673512698
1246,1.33944324781042,1.0607786050882
1247,1.28451421314584,0.955638846656831
1248,1.30691648168833,0.981357372868049
1249,1.33395714991937,1.00355638893507
1250,1.31752848469688,1.05998638069146
1251,1.32171014042044,1.01013683843683
1252,1.30978058266785,1.00404236422636
1253,1.3224871585452,1.03044159470313
1254,1.34654317887894,1.09699436048116
1255,1.3329274221729,1.04556158691812
1256,1.34154577559729,1.05930394676595
1257,1.33011024330169,1.004042291075
1258,1.30803607426408,0.954306235033803
1259,1.35719758535509,1.02562417399767
1260,1.31981617682071,1.02579908131763
1261,1.34487626066056,1.06950701516883
1262,1.315722763669,0.974822133665062
1263,1.32269147962265,1.01637361764616
1264,1.3003374230201,0.984411507814592
1265,1.28847110869901,0.999357301490519
1266,1.31653828844277,1.02208742935547
1267,1.31676140935624,1.01462454519931
1268,1.33832090407276,1.06473579703818
1269,1.32008308436185,0.998724003784871
1270,1.31228013258138,0.986246255510001
1271,1.32126934027804,1.00062333749996
1272,1.30631402165086,1.02273988025167
1273,1.32737657356039,1.04162255433016
1274,1.36521053687981,1.04588970881214
1275,1.31445377278653,1.01252930880223
1276,1.32097976655793,1.02799432310955
1277,1.30853916050389,0.998431503750887
1278,1.32326874900962,1.03695054068345
1279,1.34424125926486,1.04946553943979
1280,1.33391325130605,1.00822590318657
1281,1.32687761615782,1.02386846220092
1282,1.31161224464595,0.996870912112601
1283,1.31996449236069,1.03397287348077
1284,1.3228835929097,1.01373521971345
1285,1.32901575216585,1.0508999808977
1286,1.31715804359958,1.07596034815857
1287,1.31688493566291,0.987940490573415
1288,1.32862644035048,1.01059826298829
1289,1.31016856103853,0.95431145168251
1290,1.32734838380888,1.00811547813907
1291,1.31690910667322,0.990037835531634
1292,1.32353985368934,1.0035290637307
1293,1.35986875593823,1.08532162842384
1294,1.31140145332508,1.01910302694615
1295,1.29498106930926,0.973519911072141
1296,1.3325548649965,0.97330162542384
1297,1.29216043355089,0.978643196483705
1298,1.3151066030202,1.06147554442705
1299,1.30619234402115,1.00304097121465
1300,1.32872628127865,1.02968600004214
1301,1.35971390225328,1.07583721009097
1302,1.30676109622253,0.970019319080107
1303,1.34320953335309,1.03825133407157
1304,1.31492688987827,0.974014630525423
1305,1.33772597478272,1.04055354494619
1306,1.3184801357962,0.98412001951631
1307,1.32025975311417,1.0218756190921
1308,1.35602752470431,1.10706676487383
1309,1.3353343661778,1.03853255624401
1310,1.32783442816669,1.03271546787599
1311,1.32299427994941,0.985788918476101
1312,1.29573243839539,0.966578009337215
1313,1.31966230584741,0.999499705102875
1314,1.32102146780847,1.00237687715915
1315,1.34871343406628,1.0911465470033
1316,1.29751163670472,0.977154325852208
1317,1.30289045588759,1.06065342539911
1318,1.32295812998697,1.0009581008352
1319,1.32690904266366,1.02299989980007
1320,1.29819325128475,0.993461153138629
1321,1.35957278675575,1.0674524498224
1322,1.30639801174716,0.973025291471384
1323,1.33769052251059,1.06350080225141
1324,1.36083145345162,1.06472804002225
1325,1.32624545739474,1.01095739434935
1326,1.33262814666301,1.07509048946494
1327,1.33509508976524,1.03183635675641
1328,1.30858047126612,1.05707648475063
1329,1.32886902757542,1.01489355440296
1330,1.34605050395275,1.06269020551767
1331,1.32555993130858,1.01855611835646
1332,1.34911282955143,1.07054174863927
1333,1.30871555301191,1.01285381259995
1334,1.30372496642441,0.948145462919453
1335,1.30196027044176,1.00758895542113
1336,1.30027134529846,1.00032699113022
1337,1.36285644983947,1.07133422245289
1338,1.34521392548208,1.04183073264404
1339,1.33811657037342,1.07838281883326
1340,1.31736531280156,0.993709919509928
1341,1.30630274852618,1.0005669798254
1342,1.30866649402679,1.0012704183028
1343,1.33803581972737,1.0961301333247
1344,1.31740562021059,1.03092674373299
1345,1.33312746103441,1.03145454886518
1346,1.31032477425579,0.955260306757681
1347,1.32908554472619,1.05133505035512
1348,1.31200983416608,1.02471166597399
1349,1.30865246686029,1.01425603670515
1350,1.26348932978376,0.936676573709623
1351,1.30630644204129,1.01930282913465
1352,1.33187137936862,1.00626857365715
1353,1.28948073156315,0.949181971911276
1354,1.31961434286281,1.0142678920635
1355,1.3006648165666,1.01779029317975
1356,1.34006068768071,0.998518502237246
1357,1.3009142893303,1.02072744706857
1358,1.34340263291098,1.03425669991824
1359,1.33920037891433,1.06487145234967
1360,1.30950093235941,1.04928301394554
1361,1.32559578058834,0.995359178638002
1362,1.32659091560923,1.03823924597036
1363,1.29188472015321,1.00724385042649
1364,1.30178665758523,0.956554712931856
1365,1.32084016433343,1.00906422260584
1366,1.30488751024616,1.02566209823418
1367,1.35042025422854,1.0979915589553
1368,1.33627485667646,1.07462522889621
1369,1.34044976499693,0.994275423880964
1370,1.32664957657247,1.03369074934712
1371,1.33501562840529,1.11264843548079
1372,1.33595356998601,1.04753794007706
1373,1.32396022869158,1.0057806934521
1374,1.28022613709686,1.00408057829651
1375,1.33543765253468,1.08413530938977
1376,1.34443443614587,1.08406313393626
1377,1.36956942835636,1.12789526887124
1378,1.33910102887048,1.03760877151241
1379,1.34150023851774,1.07634617920476
1380,1.31594237618651,1.00207090881101
1381,1.33809151251688,1.04051843294334
1382,1.32932449278442,1.06485796881793
1383,1.31902721717209,0.998345485011593
1384,1.31779481481511,1.04031207580721
1385,1.31992650612759,0.97467473324168
1386,1.3658896548385,1.07180258719139
1387,1.33343160989648,1.00459371599547
1388,1.34522115509518,1.05800430055068
1389,1.31390046817678,1.04414993528553
1390,1.33288858359645,1.03928945273242
1391,1.30234991181237,0.998122946029764
1392,1.30259341913137,0.962358832879857
1393,1.3371260366254,1.06426239610796
1394,1.33942597047808,1.04887832556846
1395,1.33120269798003,0.972413713669805
1396,1.32428402663989,1.05467467851291
1397,1.31787284870294,1.04158519813759
1398,1.31635522104856,1.03165471692435
1399,1.30647481139941,0.941950415156887
1400,1.31955734961727,1.02148751081226
1401,1.31894407317946,1.02709182463895
1402,1.35321582265135,1.02369569223145
1403,1.31754188914507,0.995711910267161
1404,1.33037713508896,1.01228034953473
1405,1.34108189092255,1.02401908112578
1406,1.3256878655267,1.04342710792622
1407,1.34600849374256,1.03742821519793
1408,1.33385987660516,0.981974810804257
1409,1.3179868721045,1.07450099012097
1410,1.30295102567673,1.01008245089634
1411,1.29306045615241,0.996820951271172
1412,1.32553648514621,1.03274070990735
1413,1.30309132268204,0.992092637678886
1414,1.34477944257839,1.02944020437748
1415,1.32456133792579,1.02074396892468
1416,1.28289304865212,0.970871862121585
1417,1.3200165400393,0.971137938198191
1418,1.3326079357339,1.03618796264513
1419,1.34153206257042,1.05696274913109
1420,1.31666827684457,1.0234061311958
1421,1.31404988033044,1.00137117086869
1422,1.30140296827461,1.01589157179431
1423,1.33598904258735,0.980596175186353
1424,1.33839885018656,1.09438356960355
1425,1.34108777360161,1.02419542158885
1426,1.35450342070105,1.06818697995497
1427,1.30738754692874,0.98832612147656
1428,1.33171783212128,1.05902472157909
1429,1.32240012136856,1.04578144402842
1430,1.35522811841253,1.0208170887593
1431,1.33598288039159,1.03818958878189
1432,1.32655808896887,1.03239144839317
1433,1.31360611262851,1.03466439757166
1434,1.32813836204323,0.964231598805969
1435,1.325814834163,1.03825533278871
1436,1.29900690892727,0.970128205881745
1437,1.26575228943644,0.930351268379863
1438,1.30779317058408,1.00817320893633
1439,1.32539828071294,1.02023473721156
1440,1.32859176656884,1.0468999529498
1441,1.31930208237836,1.01694994953621
1442,1.32766660948736,1.00245231476887
1443,1.32580871074871,1.01661102376846
1444,1.32895670108773,1.02737909230647
1445,1.31176323011414,1.02562030179243
1446,1.32559813362649,1.030500968286
1447,1.30316616438136,0.99857843479683
1448,1.31762743592504,0.992935246666907
1449,1.36034154839752,1.10296732115445
1450,1.31349850319381,1.04258347665096
1451,1.3400223237403,1.05662761761334
1452,1.3303894412555,1.06539693098077
1453,1.34683370424424,1.07927496478554
1454,1.31916831313114,1.02500876931319
1455,1.35029887335617,1.09088847751627
1456,1.30683065990332,1.0025115582464
1457,1.31339134359845,0.997085746512355
1458,1.29571793696963,0.985414970578034
1459,1.35152422756359,1.05937934314038
1460,1.33502416860631,0.974138746009043
1461,1.33743451125536,1.05132744736796
1462,1.28861001773214,0.978736791069358
1463,1.3514767576597,1.05533039279401
1464,1.32721268380716,1.00231184272118
1465,1.27683490786957,1.00617592852224
1466,1.36104826952743,1.06639996464478
1467,1.31726527708691,1.01407548950389
1468,1.30519538691744,0.984541998395567
1469,1.34581668475182,1.08287979380657
1470,1.32967014642076,1.04553319323006
1471,1.33074078473825,1.06380855434373
1472,1.30924319318205,1.02414178929077
1473,1.33672592150186,1.02564068504196
1474,1.31952753239701,1.08944674720267
1475,1.35551664174645,1.06932441204181
1476,1.3271200394775,1.04909978441419
1477,1.29202195508247,1.00673996711543
1478,1.338024562049,1.07995933725217
1479,1.33199666718174,1.05363776592355
1480,1.3104816766477,0.988422590076681
1481,1.33018815765842,1.04527520023735
1482,1.3246509846048,0.948663255531907
1483,1.30462811056345,1.002782112207
1484,1.33250616865982,1.02978720979018
1485,1.32803734186115,0.998997692133695
1486,1.31717281309426,0.993666478247306
1487,1.34683717995515,1.0051684011088
1488,1.3047765827974,1.009877006589
1489,1.35981540269223,1.10230205057779
1490,1.32070665068725,0.959859429172276
1491,1.29858081726883,0.979374123722637
1492,1.32597166488991,1.02812463340425
1493,1.32360794807413,1.03581643060222
1494,1.3243331987365,1.01546859382003
1495,1.28464523037159,0.917307088737617
1496,1.33832027496945,1.08673650822708
1497,1.33866282966678,1.055703551027
1498,1.34332295824023,1.06231730410098
1499,1.32774396172461,1.03527185952036
1500,1.3374870026819,1.03850072466433
1501,1.33852756525911,1.0427823946406
1502,1.30299615391387,0.935463998094618
1503,1.32563280294879,1.05919186378025
1504,1.27406766634898,0.939137674928998
1505,1.35909573394351,1.1262119024395
1506,1.32875850377839,0.976934983811045
1507,1.32732720788965,1.0153907227489
1508,1.33150092207733,0.990865549120357
1509,1.31750511130233,1.07350232512293
1510,1.33921136863714,1.09246777003483
1511,1.32636322550888,1.0229726576752
1512,1.32438979368478,1.08106682633247
1513,1.32698018879816,1.02113239080988
1514,1.33907198734422,1.03934113882024
1515,1.30916231532694,1.03099604936998
1516,1.28864493618566,0.990651093434564
1517,1.29109627540061,0.985812932314693
1518,1.31784455709653,1.03638852328644
1519,1.31839673901806,1.02866067079313
1520,1.327201475811,1.04877922006576
1521,1.33512913384399,1.01231114732728
1522,1.30526672831485,1.02719900823422
1523,1.30946823683254,0.944191537492264
1524,1.31776238507455,1.05106426627054
1525,1.31049467657258,1.00886695287742
1526,1.34218926609217,1.0201988662136
1527,1.33554467639048,1.03400091241452
1528,1.30916816875912,1.03838975755275
1529,1.35536246606346,1.06377992609398
1530,1.31415652227151,1.00596739535789
1531,1.33751999309301,1.02067787333178
1532,1.31792086252638,1.03857935310234
1533,1.3313727902423,1.01971868703249
1534,1.34058876929594,1.08190924821704
1535,1.33319723333817,0.978448909519214
1536,1.28782477600652,1.00304770975344
1537,1.34597555740547,1.08505360417866
1538,1.30958328193366,0.985240459574046
1539,1.32084216743867,1.00621424579812
1540,1.32120298733115,1.03287616397183
1541,1.30740256296606,1.00313810956585
1542,1.33063468920542,0.989035103580718
1543,1.33651706870013,1.07931742206112
1544,1.32311919796342,1.02441492925267
1545,1.31287006027543,1.02124942432695
1546,1.30567140094888,0.954118636841567
1547,1.34121887885653,1.05762647912483
1548,1.35158172894323,1.0436157351131
1549,1.3052260976387,1.00093594691043
1550,1.37716227347728,1.0530271559323
1551,1.29522933211347,0.955739134526404
1552,1.3015172718091,0.971002980791938
1553,1.30121715924432,1.01285542705334
1554,1.3073316848831,0.978498551428203
1555,1.32803324725951,1.01663435264927
1556,1.34566396718624,1.03428982811165
1557,1.32419131625895,1.04857669790812
1558,1.34204314394677,1.04979402695132
1559,1.33162032080805,1.09023807725389
1560,1.31374591778802,1.00555360149587
1561,1.34812089204756,1.05698409485519
1562,1.33030663049686,1.03394239311386
1563,1.27612413035504,0.930088376868538
1564,1.33754943842959,1.04414311567809
1565,1.32278475525805,1.04191505138527
1566,1.32577071272147,1.05525670775344
1567,1.32944171336825,1.08154381564553
1568,1.31911978881745,1.0340838326746
1569,1.36501258217964,1.04825490051725
1570,1.36031166793969,1.06298012084659
1571,1.33844278760221,1.07348613211771
1572,1.28871379624956,0.973454927414507
1573,1.30615212041733,1.02285681854066
1574,1.29064107466197,1.0025514377851
1575,1.33204003732199,1.03488312228826
1576,1.32919010118638,1.04092658288836
1577,1.31847025595153,1.00160467463488
1578,1.36264281587924,1.06838030889765
1579,1.33571859232612,1.05941697317451
1580,1.34791677730955,1.07484100904858
1581,1.33055023849819,1.03775338761007
1582,1.34456579666695,1.09182357160625
1583,1.29138384320223,0.981117627736399
1584,1.37194434407871,1.0942904805162
1585,1.32915955121668,0.99999945836953
1586,1.33436327758377,1.05536060722086
1587,1.35251623269367,1.09397649901298
1588,1.3194265294129,1.02750867220817
1589,1.32428829476746,0.969912663541711
1590,1.37464877164766,1.1293223368007
1591,1.28598138342658,0.99390342432894
1592,1.34194537325408,1.07413824498885
1593,1.30667869366379,0.946441764068567
1594,1.33394176033875,1.08371488026017
1595,1.30856091439854,0.982751961162378
1596,1.318515329296,1.04908049227242
1597,1.31728493065267,0.99953204733465
1598,1.32753054188662,1.07627137838066
1599,1.34472227841603,1.04893341064803
1600,1.33100940743527,1.03721360346118
1601,1.3293612600684,1.03392781697069
1602,1.33799242821128,1.06564315886017
1603,1.32174219240443,0.99972352318951
1604,1.31126624416531,1.0215127801305
1605,1.32820940879519,0.99665411864906
1606,1.31929913728409,1.05913375027172
1607,1.34625439153731,1.03368534594276
1608,1.32054574271636,0.982026261355064
1609,1.33757681003696,1.05793376621917
1610,1.3487258080759,1.05818310301806
1611,1.3263356379607,1.02404557355713
1612,1.32223575104742,0.979251845594822
1613,1.35817120509448,1.02576374766694
1614,1.32642947956641,1.02498905563797
1615,1.29546830885632,0.98636854143313
1616,1.32562378876955,1.07567535213461
1617,1.31611783225852,0.993008113433312
1618,1.2920434840735,0.959710649411975
1619,1.32622290561866,1.0238669677083
1620,1.29847483199249,1.02463890463502
1621,1.33309713025777,1.03216825499848
1622,1.330316090706,1.01425257610451
1623,1.32338285775863,1.07792141654922
1624,1.35223502337558,1.06757817997146
1625,1.31342667456311,0.980611409493192
1626,1.29803966169398,1.06343510183585
1627,1.31699063025392,1.06589604877354
1628,1.31810243236012,1.02999107519214
1629,1.31839088165194,0.969651394253051
1630,1.32461347793689,1.03508948219747
1631,1.2830698061583,0.966381853780201
1632,1.33689701602707,1.08385865528063
1633,1.29678688060675,0.971147839172891
1634,1.29442201879035,0.981562029560456
1635,1.3443213968413,1.05855193489323
1636,1.32739032150458,0.999972990108961
1637,1.38148507247488,1.10740440015545
1638,1.34265721073668,1.02932087894071
1639,1.30307087213867,0.97794346519604
1640,1.32472639062776,1.03464271525482
1641,1.34824445464866,1.06742498001671
1642,1.32876469517043,1.04007764019849
1643,1.37447155316135,1.08978666286517
1644,1.31508297326081,0.976119476258933
1645,1.37755035079934,1.10662165336949
1646,1.2789039111935,1.00249956007058
1647,1.30599864749869,1.03556313200158
1648,1.3081767139424,0.996351683920119
1649,1.29291749652671,0.969149500291795
1650,1.30887004815068,1.0003581584328
1651,1.31370557983754,1.05965859221677
1652,1.33066062649033,1.05675796147283
1653,1.30977030481289,1.02939448732918
1654,1.31598448733126,1.05638294463954
1655,1.33629714875176,1.00340190298904
1656,1.30874743241665,1.00310817105794
1657,1.3022091600532,0.996873615121648
1658,1.34127687421339,1.00914786243386
1659,1.33256062927217,1.06013585773773
1660,1.29570369967584,1.01661359699095
1661,1.30803038992418,0.972071401565512
1662,1.29676504033716,0.969919851089
1663,1.31271059510167,1.05939556626797
1664,1.33277015970732,1.07097075511196
1665,1.33514022257345,1.02297212545194
1666,1.29326992999077,0.904604526544196
1667,1.33793805319447,1.06560764295195
1668,1.30178496241531,1.00452213760954
1669,1.33015054879581,1.05943430183021
1670,1.27558937123181,0.938973362857515
1671,1.32943078780131,0.976647345416162
1672,1.31698041655058,1.00047186153146
1673,1.330524788054,1.03944143968491
1674,1.32563268039022,1.04788246413044
1675,1.33473418687656,1.08660589610257
1676,1.31621589255708,0.962392035447829
1677,1.31706645005988,1.02226567222316
1678,1.29137522407801,1.00846603247047
1679,1.36391252340802,1.11901093041502
1680,1.32446422579046,1.03268455526541
1681,1.31819331115353,1.03128233152446
1682,1.30488529928147,0.995006202537237
1683,1.32374994090517,0.9580390023159
1684,1.32725922766882,1.03104734870081
1685,1.32796406900228,1.04741744756883
1686,1.32458921268142,1.03247576719787
1687,1.32231569776377,1.05277096149895
1688,1.33783517555183,1.11244149070216
1689,1.31345143530041,1.01695439356393
1690,1.33262685591872,0.989195677976329
1691,1.32211729867494,1.00626968680078
1692,1.31716433249991,0.995419703319607
1693,1.34941424015234,1.07257763263879
1694,1.32707651805068,1.04038009698452
1695,1.30160116165996,0.983444485513964
1696,1.2970889159559,0.997141453469235
1697,1.3155716439577,0.986795155061893
1698,1.3116700041356,0.971262249406481
1699,1.28250728935566,0.933214166517004
1700,1.32746718446277,1.076965392846
1701,1.32603431046692,1.04119442283336
1702,1.29655982749701,0.951295864105024
1703,1.28114259685081,0.954895136406651
1704,1.33661893934745,1.08896040200185
1705,1.33090519269615,1.02054520383779
1706,1.32626851740497,1.04309925015892
1707,1.34310588005731,1.0039056516891
1708,1.35169848170538,1.02780372590509
1709,1.34965628004137,1.04727139480782
1710,1.30590259033686,1.00699581410625
1711,1.33027315510326,1.04943790169783
1712,1.35477974628982,1.04888715241827
1713,1.33973706234322,1.01344677690163
1714,1.32621351746498,1.04563778800844
1715,1.37012637170049,1.07500680382147
1716,1.31082157511291,0.999241440871894
1717,1.31853777376608,1.03120792082575
1718,1.34064484841602,1.05245088540889
1719,1.31803835938616,1.03096662608554
1720,1.34577257268948,1.05159909419642
1721,1.32735876820796,1.06105918179953
1722,1.3208284644005,1.011517951668
1723,1.29336511670651,0.98131173886481
1724,1.30815331359124,1.05889379324532
1725,1.34894887288163,1.04885468896884
1726,1.35942259620199,1.09757737410531
1727,1.34208631345257,1.06257824206185
1728,1.30158843543121,1.00592036805562
1729,1.30676535552344,0.986692720961667
1730,1.33462758795177,1.05229459441799
1731,1.30805082443763,0.961710501618328
1732,1.34319641724847,1.0471469177865
1733,1.3341859731719,1.05830324375102
1734,1.28781878148428,0.996005131365128
1735,1.33783064802976,1.03094850649454
1736,1.29467261914379,1.02540938825713
1737,1.2980095067837,1.01362531950073
1738,1.30296272302769,1.01361823417726
1739,1.34473014048159,1.02092117043944
1740,1.34671600750015,1.07583683508351
1741,1.3306729819427,1.04349707606428
1742,1.3199686694741,1.07308580091876
1743,1.2656412808671,0.91973729448563
1744,1.29483657289394,1.00362919177987
1745,1.30613022553317,1.02431603116644
1746,1.30650387729035,0.97504385941965
1747,1.33303711066086,1.02011287930002
1748,1.34580153980791,1.05371416568269
1749,1.31762627009852,1.06940224026649
1750,1.37289747983979,1.0870951703694
1751,1.32931353320405,1.0010217321483
1752,1.32600763786097,1.01573784592063
1753,1.3422969166448,1.09359459671198
1754,1.34798794772994,1.04835445598879
1755,1.32839033918153,1.04876031099124
1756,1.29076903632086,0.985882475130548
1757,1.30204853793467,0.965952398536582
1758,1.33104746149038,1.02041242530071
1759,1.29038832577612,0.952370899000664
1760,1.28566536965533,0.920642547038406
1761,1.3328603475555,1.05353353135704
1762,1.36707730086492,1.0890134118104
1763,1.30674628898236,1.01621485817049
1764,1.31028434209848,0.993278838848033
1765,1.35979470868429,1.1332217097705
1766,1.31112523811923,1.01191182507547
1767,1.32799774183344,1.01796480840954
1768,1.3491811224001,1.04465589037536
1769,1.3431023229134,1.04174502769922
1770,1.30570938844056,1.05701435269345
1771,1.3232914690266,1.06265594308367
1772,1.31810409376942,1.00229270971432
1773,1.33024268815886,1.07036391973074
1774,1.31871507225399,0.984767936081537
1775,1.3000706245527,1.00153209695936
1776,1.31353813657493,1.00833862995732
1777,1.30779623278725,1.00708983867525
1778,1.30860621534084,1.04409025868563
1779,1.35209108828549,1.09149025097071
1780,1.3356992380239,1.04029994727861
1781,1.32681190696833,1.02869994944423
1782,1.31341453360017,1.03425983048177
1783,1.31741471676539,0.988196431418996
1784,1.34967428611221,1.04065998039368
1785,1.30226497105707,1.03944082515025
1786,1.33953617424357,1.05618014634269
1787,1.34669782419113,1.11254583007806
1788,1.31110825697106,1.01196409892499
1789,1.32567389662959,0.996152800314438
1790,1.33576241202885,1.03717703343327
1791,1.3363287004436,1.07035851496681
1792,1.28263966380833,0.950186211505444
1793,1.36286896155205,1.07500472204674
1794,1.33885108998295,1.09081242583414
1795,1.30408922524378,1.00492292484081
1796,1.3342611876936,1.00244460799799
1797,1.34571454059923,1.11594343101545
1798,1.32694684435721,1.07713802466578
1799,1.31066462012246,0.985347771756487
1800,1.30719409808712,1.00253227131145
1801,1.34254233013137,1.02933962552039
1802,1.37220344559433,1.10967568759686
1803,1.35753527177307,1.05593047934843
1804,1.31678301240482,0.98932029768803
1805,1.31572804714014,1.02423981911577
1806,1.31591921812903,1.04392965710538
1807,1.31838581926119,1.01678521381383
1808,1.36134818531904,1.07538277015476
1809,1.31126355297713,1.01719571695341
1810,1.31963727135879,0.991903470351004
1811,1.31008791477222,0.990251673043466
1812,1.38035205822657,1.07839188856243
1813,1.3102280631432,1.0080488235174
1814,1.32754237177578,0.984008203163463
1815,1.30103843926942,0.986637019346195
1816,1.30438198293968,1.02197695641249
1817,1.32760375939351,0.99094033294424
1818,1.32563504381616,1.05591527904592
1819,1.32941058723224,1.02244883562723
1820,1.28193474451332,0.956372773930571
1821,1.31705787770273,0.987189209742696
1822,1.32182509360159,1.00648098333193
1823,1.33955447570702,1.01893373458209
1824,1.31442020364841,1.02005119238104
1825,1.30621658912631,1.01003663420304
1826,1.32801843603798,1.01213833057876
1827,1.32521558360708,1.07406020218256
1828,1.28853023110892,1.01275573258224
1829,1.31333062911432,1.05617219709217
1830,1.33482616753225,1.06019199256677
1831,1.3615239877672,1.09477091020673
1832,1.30729679174923,0.98801098970358
1833,1.31457982688631,1.02476390743021
1834,1.35530951653466,1.06079435997154
1835,1.32756839056161,1.03082455290325
1836,1.33353913332134,1.06580381911621
1837,1.32677242156819,1.01926374253042
1838,1.31852862796472,1.01847237994511
1839,1.33708851935858,1.06458455580888
1840,1.32769399511811,1.06345126081873
1841,1.2941448946159,1.04095100504618
1842,1.36569233141239,1.02718848412116
1843,1.32133028886813,0.999994175886757
1844,1.34342573386655,1.06235200550565
1845,1.31847761816205,1.00741814320466
1846,1.34130790639535,1.06908847679317
1847,1.30019913920661,0.997084119493403
1848,1.33466583322202,1.08928773379057
1849,1.33091595031953,1.01230601027986
1850,1.32465003723943,1.02119611478938
1851,1.32653748593853,1.04170216577056
1852,1.34674822767232,1.04865434734063
1853,1.28073231112368,0.963056780479717
1854,1.34194233175533,1.06922285059045
1855,1.3406633636535,1.04240514402613
1856,1.33151226132389,1.01377130547221
1857,1.31131313812419,0.981559050089102
1858,1.3114107405951,1.01737293597689
1859,1.32840147573089,1.04018832667497
1860,1.31957409222079,1.0202906752625
1861,1.32463383545071,1.020455506415
1862,1.33124575112831,1.01747773094271
1863,1.30564119833359,1.01590578604875
1864,1.29699877313969,1.00859531629482
1865,1.33478853958391,1.05755895440558
1866,1.32825258089349,1.08805770686734
1867,1.31402445361039,1.00467982067473
1868,1.31730371223118,0.965457367632694
1869,1.33212757204931,1.0348694538716
1870,1.30383076129002,1.0125823394408
1871,1.36113518689069,1.06659377680006
1872,1.33368544572747,1.01914732816316
1873,1.31832590384431,1.03202922549183
1874,1.27655306627886,0.95265371692415
1875,1.33097244260381,1.05935988051559
1876,1.30735682483074,1.00145076216032
1877,1.3526134594219,1.02778939950967
1878,1.32175509769298,1.00686630102972
1879,1.31326456514653,1.0284362387401
1880,1.34014324516921,1.02665220745416
1881,1.3275352118826,1.01730905746493
1882,1.32748444567606,1.01981332587647
1883,1.34640124795216,1.04233316466534
1884,1.34387626193291,1.07256762457596
1885,1.33240167844901,0.995448744573477
1886,1.30564641717221,0.9827235104694
1887,1.31264107210752,1.00639671084044
1888,1.31671034985441,0.987322362952884
1889,1.32870585725783,1.00494590411636
1890,1.31507533162182,0.998708894737802
1891,1.30632229852733,1.02447074167551
1892,1.27385644276071,0.955474047843418
1893,1.34273970596546,1.09180206779104
1894,1.28661414360209,0.98182971060331
1895,1.33142045342577,1.02621309405876
1896,1.32747440187907,1.08836780870804
1897,1.32511734499485,1.01948610769608
1898,1.32077191324858,0.996943568487197
1899,1.31575380440409,1.04112606623109
1900,1.31036224560607,0.964555801165671
1901,1.34209765818799,1.09262116155106
1902,1.32623729632405,1.02885871140447
1903,1.33108887556832,1.02720918208508
1904,1.36849118743132,1.12175333721795
1905,1.31165336587859,1.02842548627555
1906,1.31600315236636,1.00143515831588
1907,1.31226965678525,0.953479849963921
1908,1.3316120005498,0.994027135297088
1909,1.33674309867739,1.03500733296965
1910,1.28059398595219,0.948631337753108
1911,1.2926855793578,1.0303538044715
1912,1.30235233659879,0.931042435715671
1913,1.32620802016687,0.984112619766169
1914,1.32398238352448,1.07995681785163
1915,1.29946284957755,0.95141623766942
1916,1.29518271565948,1.00135230546714
1917,1.29672562915178,1.04137555058548
1918,1.33161949336729,1.01593185529283
1919,1.27889512703842,0.925183888740738
1920,1.33392575003497,1.02987379552067
1921,1.33838824911763,1.05097292672954
1922,1.32986441880091,1.02692126198892
1923,1.29219286394761,0.938114752912402
1924,1.31820560840242,0.989625178234057
1925,1.34883705337603,1.08879954699268
1926,1.34677188058691,1.05982961130076
1927,1.30946732864961,0.961385327202628
1928,1.33844543832632,1.06650553850519
1929,1.31024470659262,0.998334685373554
1930,1.31257086568253,1.02485697457874
1931,1.317639165745,1.02827017627226
1932,1.32692090060574,1.02652206495168
1933,1.31596293686803,1.01576317266409
1934,1.29832421157485,0.944214623959869
1935,1.31851924048163,1.04299727921471
1936,1.31638363361249,0.999882190418872
1937,1.28135596844584,0.929484075477558
1938,1.30415636539674,0.968289658677849
1939,1.34727581252866,1.03507913156484
1940,1.34074628506058,1.08855083987985
1941,1.31650802086426,1.01449518319422
1942,1.30472953251984,0.974271060995029
1943,1.35100366163941,1.08002587225755
1944,1.34770205230411,1.02931282656234
1945,1.32876906487818,1.01797892081265
1946,1.31967143990854,1.01537954972888
1947,1.32027152034333,1.05673425820389
1948,1.30376777276038,0.977000215529897
1949,1.32418577862591,1.06335314498271
1950,1.30511649211072,0.926501357580361
1951,1.30566260577457,0.978442303895607
1952,1.30897735608227,1.03484344398054
1953,1.31755085006257,0.956585045398968
1954,1.3256670796047,1.0214203373943
1955,1.31995966445557,1.00882714141722
1956,1.3151950487795,1.02254478800052
1957,1.29312805026347,0.991263981479216
1958,1.28675869171162,1.00161373202215
1959,1.32176560648172,1.03328620712083
1960,1.3006566382686,0.986001123373362
1961,1.33402385394809,1.03865641787399
1962,1.31270749457814,0.987583362694367
1963,1.32556805541277,1.04498026126767
1964,1.34458586724969,1.06008673441132
1965,1.29959985266773,1.01326338617715
1966,1.32805074272565,1.02674996631053
1967,1.33519673887356,1.03683411478263
1968,1.33460893461517,1.05718723808692
1969,1.29960447319531,0.969608480029348
1970,1.3315090907904,1.00069553749203
1971,1.35757096756918,1.12754956600802
1972,1.34363594571972,1.03640448988311
1973,1.33851789093542,1.0437501547344
1974,1.32389879213447,1.02228902186854
1975,1.32855323654777,1.00920722250687
1976,1.32931300881897,1.06856480765642
1977,1.28621854672105,1.02217407808623
1978,1.30978140025661,0.969442927619463
1979,1.28478502356698,0.969315321340756
1980,1.2873403747551,1.02762416653767
1981,1.30365467466042,0.986412763850867
1982,1.31790303153503,0.955100654402453
1983,1.29474611535913,0.984446170004187
1984,1.316519249792,1.02586240159617
1985,1.3689294949837,1.08775903109357
1986,1.31338239533606,1.03232740126614
1987,1.3174760659318,1.01671631109557
1988,1.33654267468738,1.02548546387091
1989,1.34452042028727,1.056897492001
1990,1.30668553026036,1.01184876499033
1991,1.34712231759347,1.07741050225194
1992,1.32064944724694,1.06884043457773
1993,1.32116853910674,0.984029987810581
1994,1.35792619451995,1.0643286378448
1995,1.35108393008846,1.05636013355929
1996,1.3473033288912,1.06712945678085
1997,1.32664961521002,1.00494958867768
1998,1.31449028950881,1.02078365588662
1999,1.34448133485505,1.04954271053361
2000,1.34724811422442,1.0395277654324
2001,1.30670102173071,1.01136734826028
2002,1.34118908745758,1.0410139148614
2003,1.33150184546688,0.981403715134877
2004,1.33492400200293,1.02511148996798
2005,1.35496516194772,1.09379314691206
2006,1.30648877021645,0.947394143484953
2007,1.32459205138224,0.995295398044524
2008,1.33082864473719,1.03540726764755
2009,1.34386899890323,1.0944512308948
2010,1.34700900079219,1.05337381603358
2011,1.34847584754429,1.10675208752855
2012,1.34528139770458,1.02628544379364
2013,1.30751372950478,1.00740508948571
2014,1.32097777298227,1.00779698567407
2015,1.29890104226727,0.993186465383209
2016,1.31354402914439,0.98581684116828
2017,1.31448426485255,1.01830765683906
2018,1.35114729714884,1.05157791485308
2019,1.33203411520029,1.08677479825461
2020,1.30389165587228,1.00409215761967
2021,1.35181095932392,1.09852625029823
2022,1.30877078728445,0.991557804710393
2023,1.35932652641098,1.12872129449077
2024,1.31359022589076,1.00072972751547
2025,1.32376839997114,1.06040687458068
2026,1.32623457323923,1.02044265655754
2027,1.32454141040631,1.00021191259894
2028,1.3188757872831,1.0212247894069
2029,1.29656311732391,0.94886431918571
2030,1.3303782362017,1.02256925330665
2031,1.34137382946907,1.05269201716912
2032,1.32750395933481,1.04016076632921
2033,1.32152179834053,0.984869646136046
2034,1.36966018643482,1.07970751618599
2035,1.33938021836915,1.05340377524854
2036,1.32289360801149,1.01175487672097
2037,1.34921856425013,1.08455428455552
2038,1.30930282568841,0.958448367235304
2039,1.32952376021202,0.990223427899474
2040,1.32842554150196,1.03501716301837
2041,1.3214223690593,1.00295179967346
2042,1.33415352893812,1.0519122403139
2043,1.34789048994085,1.04365020099568
2044,1.27430367255684,0.915540719276731
2045,1.34474047988543,1.07861390090615
2046,1.30004023035849,0.958978732450638
2047,1.35492875160434,1.08592860764175
2048,1.30889475142528,1.02599969955434
2049,1.32079412141664,0.997080938248611
2050,1.28168195521091,0.954776594403964
2051,1.31237301016691,1.01854526145153
2052,1.32362553969083,0.996164087686105
2053,1.35485847035402,1.03320119915357
2054,1.31896262138369,1.01550376931251
2055,1.33636797467083,1.0842047993088
2056,1.32322886096902,0.991310947398897
2057,1.29555150823198,0.943814374758649
2058,1.34577634837078,1.04206835235796
2059,1.32104021996362,0.985940201055015
2060,1.33251472943552,1.01575909344493
2061,1.34648142746477,1.06627561149347
2062,1.33912426770162,0.990129506448392
2063,1.29985548640447,0.991522289587714
2064,1.28435799736376,0.97891571860175
2065,1.32989242202118,1.03688743744466
2066,1.3275662642342,1.06079973876167
2067,1.33005147327346,1.00473373536105
2068,1.31802365910627,1.04141830010595
2069,1.32402497271749,1.02704133042657
2070,1.30026618475576,0.974969781979209
2071,1.32793386468241,1.04872362904038
2072,1.30536421208965,1.03992484432204
2073,1.33457274075054,1.05693969084267
2074,1.35789801654828,1.05291256313834
2075,1.32440163053,1.0074022144904
2076,1.28309691711394,0.953262608686815
2077,1.32785586489282,1.05632752911711
2078,1.36589189909247,1.07921529405028
2079,1.34460491658505,1.0012069019322
2080,1.33263475608698,1.0729272281366
2081,1.32794303315051,1.02089292411818
2082,1.36161021165326,1.04986911952505
2083,1.31953121681744,0.992872699152522
2084,1.32150489486806,1.03301006694773
2085,1.32790296651273,1.00794032859708
2086,1.34626001262544,1.04238175542721
2087,1.3111686541277,0.998867332831293
2088,1.31055288935339,0.99258679864324
2089,1.2813866271675,0.957028916968275
2090,1.33778036316566,0.996670568092336
2091,1.3075518554588,1.00837796044274
2092,1.32550653822559,1.0169929729715
2093,1.26938561667005,0.939668855398169
2094,1.3302653576491,1.00781037932036
2095,1.30941875000113,1.06046081891209
2096,1.32758636785292,1.02060562274049
2097,1.31861210377942,1.01939301475572
2098,1.3461547301773,1.0264302615845
2099,1.31792026438667,0.967719851368149
2100,1.27645209505465,0.994420384860266
2101,1.30574649422372,1.01016809884335
2102,1.32911437748423,1.02021084978432
2103,1.31201952562421,1.0485293125737
2104,1.33739258068437,1.04815581211522
2105,1.30719766007461,1.08939241709554
2106,1.31504855613347,1.01200001181721
2107,1.33980690983671,1.03220573381544
2108,1.32951099002516,1.02539257848119
2109,1.29902542869942,0.952888929307108
2110,1.31571285016476,1.00620631171816
2111,1.32984147271514,1.12198417551923
2112,1.29506601537713,0.993426576211466
2113,1.32612903756514,1.03815558927371
2114,1.31421155275175,1.04965786778
2115,1.31560433669169,0.971288647452595
2116,1.33465690368302,1.02597811966611
2117,1.34871832034251,1.10270445710976
2118,1.28972927595739,0.965470907373724
2119,1.33763652679432,1.07096756967993
2120,1.33916547740297,0.993356763257747
2121,1.33808420101866,1.02972828805545
2122,1.33585254495542,1.07900989823112
2123,1.32542300002049,1.0290690441041
2124,1.33804184247008,1.04427441710492
2125,1.30002559615718,1.04477440610859
2126,1.32191499651566,1.02584751861411
2127,1.32855081313996,1.02970604160646
2128,1.30940754220173,1.03939922094522
2129,1.33917129562189,1.00569681101238
2130,1.30086937346747,1.00063494211687
2131,1.31591782194027,1.05825162957843
2132,1.3230433587404,0.992095524706742
2133,1.32908893818805,1.05899149834427
2134,1.33798485449367,1.0091226011311
2135,1.29802539414455,0.935397682410082
2136,1.3324719259377,1.01107194016703
2137,1.28385886728708,0.989524283044958
2138,1.36300020169842,1.11813273915314
2139,1.30634034644931,0.981646058696821
2140,1.29387329311497,1.03060917273742
2141,1.32673680020617,0.983868197766964
2142,1.33226318127495,1.04132854821352
2143,1.31463720615265,0.99765570939045
2144,1.31223557127687,1.03763440233987
2145,1.34449153679196,1.09640798497311
2146,1.29362145128515,0.987093888739711
2147,1.33338331578627,1.04271803465973
2148,1.35258720211619,1.10204873514412
2149,1.35236215216179,1.07824466331427
2150,1.32074342026012,0.973956858537552
2151,1.31720332851048,1.02229685405621
2152,1.31794353710135,0.991080777208467
2153,1.3393309652425,1.05491817931213
2154,1.3107280835018,1.03017734412807
2155,1.33588510794089,1.01575221238623
2156,1.33032534489031,1.065409346596
2157,1.3423503103774,1.07167917165549
2158,1.33770684415526,1.00604163218675
2159,1.34276543737937,1.0841327392056
2160,1.35880101986263,1.10110341691962
2161,1.34272606604427,1.03560023742063
2162,1.32050947652661,1.07475370282095
2163,1.33468587895809,1.00664578888725
2164,1.32353398636328,1.03390481671061
2165,1.33527923623781,1.0299734387895
2166,1.32830081016667,0.976431593395377
2167,1.31132617716237,1.03931202903509
2168,1.32317946746535,1.04206412041363
2169,1.30760217165642,1.05576431830855
2170,1.35201320281081,1.02680715868964
2171,1.32698273789883,1.04989062304128
2172,1.33893315892095,1.04808855996762
2173,1.3464927867998,1.0750540746185
2174,1.29974693028648,1.03657363843541
2175,1.30669587721651,0.999218697536543
2176,1.34777166832589,1.09114712427138
2177,1.31875146383576,0.982136940950553
2178,1.35172327332907,1.08119870252525
2179,1.35432918961823,1.0880776235487
2180,1.32114859692784,0.967347143226129
2181,1.3342270477578,1.04216397028171
2182,1.31610355430368,1.00286649476279
2183,1.31556291455184,1.06799059267492
2184,1.31931018591858,1.0312912934638
2185,1.30533715591892,1.03332435485181
2186,1.33098795611732,1.01424369234018
2187,1.3112288886579,0.996119437374221
2188,1.33667117045031,1.03543194033546
2189,1.3496208936012,0.995614097505258
2190,1.33423765929082,1.02513520542082
2191,1.34099376558377,1.07149414658052
2192,1.28999676277643,1.03694715955505
2193,1.325390337751,0.989942365310585
2194,1.31830387392004,1.00262546711424
2195,1.33855145650802,1.04111540483607
2196,1.33612688420263,1.0570304590368
2197,1.32511807044874,0.965072617392394
2198,1.35877108134635,1.11171337704662
2199,1.31475749528032,1.01836903835641
2200,1.26968160944173,0.930377366725137
2201,1.29646296178243,0.988203311952924
2202,1.31749156658578,1.01299032367992
2203,1.30967612924457,1.01257182587686
2204,1.32802524050755,1.03026441346188
2205,1.32457490358944,1.04235252073637
2206,1.34693397080547,1.06831607072248
2207,1.32793513501592,1.01112539099819
2208,1.29852188042112,0.99320785491187
2209,1.33130985103404,1.00237216616757
2210,1.31503656697719,1.01395340691415
2211,1.34186283451719,1.01356693893671
2212,1.3331988475818,1.03987271318314
2213,1.30013849834803,0.962573899281178
2214,1.31374244187889,1.01273813483979
2215,1.32393712409608,0.973923955897423
2216,1.32035867224686,0.997917084542821
2217,1.31565551266626,1.06288529645761
2218,1.34618345476252,1.08658552711078
2219,1.30987114000391,1.00694061588895
2220,1.33466915535496,1.03027924349793
2221,1.29959607458824,0.982893008555169
2222,1.29188417208124,1.00074945551903
2223,1.30817437525634,1.02624905730286
2224,1.34194224247852,1.04922659093429
2225,1.33739562470568,1.0899321237762
2226,1.3620437207485,1.07068551081936
2227,1.32119116745957,1.01849826284391
2228,1.31507053107536,1.03826742379366
2229,1.32061679356451,1.04779931911876
2230,1.30818079949825,1.00365037168262
2231,1.28728639548878,0.991591389624114
2232,1.3218282382063,1.01275625361909
2233,1.31798550729814,1.04695187410958
2234,1.29989109008042,1.01732358008713
2235,1.30500247137855,1.0286065027245
2236,1.30562199156844,0.996608104240833
2237,1.33935415136711,1.10671795078402
2238,1.33376463082006,1.03434433185305
2239,1.3314918244159,1.0374460743
2240,1.34922536125075,1.01257968085384
2241,1.32138499579103,0.974417148358241
2242,1.28128427814099,0.965472599938254
2243,1.31963920590372,1.05016241347428
2244,1.31179067077266,1.00579685455271
2245,1.30155959748627,0.996892256857774
2246,1.3243474515106,1.02441579122022
2247,1.35405502878067,1.05993664148302
2248,1.27065000403014,0.931267691244142
2249,1.31543729276319,1.00446242372726
2250,1.30434730500988,0.964806887851376
2251,1.31822170237237,1.01891881914085
2252,1.35788789879641,1.0447105134556
2253,1.31835116233048,0.981114140423429
2254,1.31973291878501,1.01202795741862
2255,1.34981720573693,1.08351793471443
2256,1.33007291386837,1.00156716006019
2257,1.3314266245087,0.99578094513835
2258,1.31128356527907,0.990540913219346
2259,1.30384536162616,1.00818790350471
2260,1.34414150828634,1.01615513445535
2261,1.29579315126333,0.974670188074234
2262,1.34154164370956,1.03468753105578
2263,1.29836543311943,0.953904854774923
2264,1.28913771838194,0.993412319315178
2265,1.32033322818816,1.04548995126235
2266,1.31607129960269,1.04657149248397
2267,1.30644776256735,1.04256595862964
2268,1.32198701145996,1.01006715270514
2269,1.33530326338065,1.05575029153543
2270,1.33177816036563,1.07583088708848
2271,1.32009984670035,1.02899882313485
2272,1.36017209298725,1.09400127019469
2273,1.31192521141985,0.982411421636767
2274,1.32191586526779,0.984592839922683
2275,1.30895248807729,1.03344433737847
2276,1.34348431870848,1.0885931438929
2277,1.3365969376348,1.03736300205305
2278,1.32463595759681,1.04981184684335
2279,1.33302077718934,0.976964208636292
2280,1.35079260329074,1.03642597984606
2281,1.29222036199068,0.977122826777724
2282,1.31764496927011,1.07693362400864
2283,1.33386027241163,1.04457121960281
2284,1.32795827038794,1.05711185261016
2285,1.32531056761907,1.05063626724908
2286,1.34335228972083,1.05845982316999
2287,1.33941725550684,1.01026187207094
2288,1.32473642859654,1.01996004712424
2289,1.32290044395828,1.01698081751897
2290,1.30276655326268,0.98946883217289
2291,1.32570613618896,1.01947747296943
2292,1.31280103206292,0.993359553555097
2293,1.32949981982444,1.01207965617156
2294,1.32149297635327,0.994154218755072
2295,1.3199683332533,1.02361519202312
2296,1.33430903416642,1.02930722122923
2297,1.3343745980525,1.07322378743753
2298,1.3093158227632,1.00124735877815
2299,1.30036259143219,0.999650015340313
2300,1.32085205437429,0.993740209751921
2301,1.33063150390392,1.02890061690365
2302,1.32371816234361,1.0517586905473
2303,1.27875947262875,0.939822224522303
2304,1.32275706988996,1.05549014724586
2305,1.30866962751976,0.980048958018272
2306,1.32553088614768,1.05567311842109
2307,1.30489470886655,1.0609238087136
2308,1.37834593978805,1.06864273087479
2309,1.34859697945156,1.08205261147725
2310,1.31968182912524,1.0237508577368
2311,1.29678148452836,0.954326609861645
2312,1.31327442286107,0.987696817455593
2313,1.32998366536756,1.0378419522957
2314,1.29527363165336,0.990539452683749
2315,1.33745844122001,1.04811150957935
2316,1.32538288548726,1.04086042586816
2317,1.28157807681347,0.991654991074852
2318,1.31913874927935,1.00918895708252
2319,1.31905384476149,0.974599976949184
2320,1.3003338125092,0.967136702182788
2321,1.29027127899759,0.93032222083871
2322,1.33325304054728,1.04583870561387
2323,1.35237935054842,1.04352421707789
2324,1.32851817070193,1.04503251704627
2325,1.31905187476164,0.99030171651554
2326,1.35485741775853,1.03993347658337
2327,1.3109698296567,0.970025878452827
2328,1.3154511795704,1.02288345938143
2329,1.31471386798729,1.02418771651033
2330,1.33188261010951,1.03822965545577
2331,1.32195311424399,1.01577420968611
2332,1.37510119935347,1.10047475423806
2333,1.33012059134098,0.975299214570768
2334,1.36794634757806,1.05531223719826
2335,1.3277827780613,1.02176661937452
2336,1.33905459060879,1.0279156999921
2337,1.30088751779218,0.959437679879626
2338,1.29626759442487,0.962545364129877
2339,1.31408602316562,1.00023961629177
2340,1.33983376799999,1.06018260485429
2341,1.34054654540357,1.05966509901572
2342,1.32485157984721,1.00258188510702
2343,1.33992191479701,1.04025825071642
2344,1.34344585005024,1.0450581756898
2345,1.29523160189582,0.96109620311564
2346,1.32831076114343,1.0430381532221
2347,1.29416548661389,1.07750810456937
2348,1.32981220407048,1.01924294726001
2349,1.31458241693082,0.960689672333903
2350,1.31656565678297,1.02813172570686
2351,1.3197095571744,1.03256789257873
2352,1.31698079654826,1.02671507937349
2353,1.35333171525122,1.0435584534577
2354,1.33106888769081,1.05575382192968
2355,1.31481743595955,1.01148728566462
2356,1.31395382671169,1.03067689586151
2357,1.30465670244881,0.994458335343733
2358,1.33692874416837,1.02163493269097
2359,1.3317042289523,1.02775121726614
2360,1.31199328063344,0.970812834807286
2361,1.33335111420802,1.0347091550841
2362,1.32482994920858,1.03468928417222
2363,1.37506657559214,1.08367298954013
2364,1.31862870340987,1.0279990370638
2365,1.30412969132719,0.957435279422872
2366,1.32602835671151,1.00148658555863
2367,1.33311146111564,1.0331236106265
2368,1.35276810868622,1.00854519996748
2369,1.31515790697403,1.05818183159402
2370,1.34096151827532,1.04670157044185
2371,1.35407293395354,1.06098441289096
2372,1.35367838927442,1.05439075437028
2373,1.37058341937881,1.10016826066691
2374,1.30262061189116,0.981917801738306
2375,1.33550013483709,1.07928846633408
2376,1.32945623205927,0.999036093991524
2377,1.33068129005426,1.03165867470075
2378,1.32747193561529,1.00863152939337
2379,1.29059239302146,1.00458667488406
2380,1.33739123015448,0.989197902730448
2381,1.34636545240067,1.05702201867014
2382,1.3434583495524,1.02342128606435
2383,1.28890900377046,0.968682055823057
2384,1.30963836442021,0.977813111238941
2385,1.33505762688302,1.04460353267889
2386,1.33127017977746,1.00874868004924
2387,1.30603445667775,0.991255020095298
2388,1.35023095871425,1.05735471707428
2389,1.31150774537624,0.990035227928954
2390,1.31560445692105,1.00959252805068
2391,1.34379027881031,0.98266534508472
2392,1.36732503744947,1.09184729649203
2393,1.32974157409761,1.06525175692263
2394,1.33773002944347,1.03098151416643
2395,1.35051284671202,1.04669940135622
2396,1.29525162492447,0.998463003137621
2397,1.35148984823307,1.03281632006501
2398,1.31297846270196,0.98155294917741
2399,1.33976778454797,1.05453176059124
2400,1.31959443095995,1.03456761164664
2401,1.32115813366233,1.04404936723355
2402,1.31132629008213,1.00065020413967
2403,1.32722932450257,1.01666656614102
2404,1.32409951690805,1.00311239153826
2405,1.32929042565032,1.01485505411958
2406,1.30223128221114,1.01258036571433
2407,1.33666839057978,1.06871073887528
2408,1.30844873692864,1.01121437218298
2409,1.33454158121321,1.08595565162869
2410,1.36359396782708,1.04443462855532
2411,1.32881584761815,1.01986311645046
2412,1.34303794076317,1.05510469390551
2413,1.40235891570333,1.1062279738338
2414,1.36068971681413,1.01374606676728
2415,1.31122712177357,1.03585116080603
2416,1.3044884260781,1.02549043805288
2417,1.35116637908965,1.08612376612568
2418,1.35243980846605,1.05846253763076
2419,1.341000257142,1.06179466361046
2420,1.31246299388036,0.991729864984316
2421,1.30407821894329,0.98362200420942
2422,1.33382495099721,1.02024488273867
2423,1.34288640173376,1.07383896987517
2424,1.32671839394034,0.991895838483736
2425,1.31173920806314,0.999261364028526
2426,1.32460336521946,0.98373472405032
2427,1.30876976205369,1.03102838612528
2428,1.33890405417853,1.05650354678935
2429,1.31655488113678,1.07834200481577
2430,1.2996798721934,1.05021627268655
2431,1.32326827769954,1.06031105264336
2432,1.31252077762903,1.00559273578477
2433,1.33509544293072,1.05721750171481
2434,1.3582448356627,1.07262589420581
2435,1.29717153015904,0.961204927276356
2436,1.28486281884952,0.958998495901454
2437,1.37502859386084,1.07613557532648
2438,1.33974737933783,1.01473774130246
2439,1.33004287771183,1.01744527484899
2440,1.33433217042577,1.01821383943381
2441,1.30304031294089,0.977463335794131
2442,1.32414011765924,1.01718178024051
2443,1.32490867822691,1.00934938572262
2444,1.28234231165038,0.982091126306334
2445,1.32015734405984,0.977998785394697
2446,1.30194704993461,1.03531982831045
2447,1.32656525522841,0.975170223962993
2448,1.34614263055575,1.05162640026006
2449,1.31241611029206,0.998383752072845
2450,1.32003002572518,0.995625579325142
2451,1.30619396649238,0.983765659800129
2452,1.3297404532914,1.05334492773544
2453,1.33962925010463,1.03763327143105
2454,1.33211495984659,0.987285091557985
2455,1.33698360367558,1.0644758890916
2456,1.34957255382862,1.10104122595333
2457,1.29827977039618,0.977559247847956
2458,1.32147763014928,0.986993196948239
2459,1.32140174740207,1.02188640659343
2460,1.31327029591432,1.06461055260411
2461,1.29694938269578,0.990973206397623
2462,1.31051250370844,0.984243313027307
2463,1.38402510545682,1.07811439439385
2464,1.33527672046944,1.03284745087267
2465,1.29931691614992,0.941160077416567
2466,1.37066223055933,1.07115198703721
2467,1.30621628349904,1.01059178838512
2468,1.30066917071575,1.01397232597539
2469,1.32315037472408,1.04867276884257
2470,1.30405109933255,1.01563577748111
2471,1.31383497943587,1.06512129588861
2472,1.32759819877798,1.04520887403569
2473,1.35736994738786,1.09452860395832
2474,1.31365700493914,0.975837608851655
2475,1.31615504611883,1.05739932634429
2476,1.27979283423369,0.994923344882751
2477,1.36896094453071,1.04501693584224
2478,1.30453344505004,1.00458516384451
2479,1.28964756666675,0.982048181880098
2480,1.30246878174528,1.00586771978286
2481,1.30360875166351,1.00434217059282
2482,1.34014417241446,1.02384107915944
2483,1.29098936209388,0.967460820206487
2484,1.32330928461945,1.05498434614495
2485,1.27823931203718,0.95737778530959
2486,1.28599218765968,1.00497939685099
2487,1.35576909495417,1.04122039902549
2488,1.32327228983771,1.05354801436239
2489,1.29958294986527,0.947570047931565
2490,1.32027568048913,0.958549809146775
2491,1.31227608216375,0.96740051951157
2492,1.34978159770365,1.09234103638982
2493,1.31726615050236,1.00245976805078
2494,1.31305074282175,0.999855352763659
2495,1.32032240969121,1.00926341549861
2496,1.31866830332041,0.985684940811378
2497,1.32102811183472,0.980751303730324
2498,1.30410202993861,1.0184141247781
2499,1.34260500184517,1.0533808212873
2500,1.32684524117994,1.02945061350496
2501,1.33093271209676,1.00731813839271
2502,1.32895594480921,1.04303633020226
2503,1.343104271588,1.08386671377683
2504,1.33041714937296,1.03056723670185
2505,1.3364380948363,1.00932249653257
2506,1.33448613704935,1.0398328290035
2507,1.296554116139,0.997687049678912
2508,1.30978067719741,0.985581009412413
2509,1.3182373426424,1.01904662384874
2510,1.32952622354115,1.03393544062298
2511,1.35468526569316,1.04477562277047
2512,1.3339259779506,1.09497213285028
2513,1.30163604247829,1.00450885133851
2514,1.3301963006264,1.02111295531635
2515,1.33722455839825,1.08704913365461
2516,1.31971635870775,1.00692270328488
2517,1.32393323823211,0.987803274338559
2518,1.34426785848006,1.0576436493308
2519,1.30136508426753,1.01851684500374
2520,1.32406047933563,1.03633490838524
2521,1.30662417105389,0.982018109187496
2522,1.32295687911422,1.0020902992577
2523,1.32776848114274,1.05495778052347
2524,1.34357418406138,1.0769775099856
2525,1.30443239350176,1.00167572134876
2526,1.34834983061185,1.01431742392854
2527,1.309274070979,0.991022290200643
2528,1.28999185624066,1.00772509625282
2529,1.33874637998361,1.08297338827568
2530,1.3530327350629,1.03481902684446
2531,1.32705140715629,1.02437883215828
2532,1.34240675078072,1.14814295713321
2533,1.36049030462283,1.08217889855682
2534,1.3104247322332,0.957972052103233
2535,1.35715025332271,1.0652862512009
2536,1.31972386592154,1.05285700476567
2537,1.30154396620971,0.944116278137258
2538,1.33112396453661,1.00658872552602
2539,1.32243764332223,1.06453395571809
2540,1.31681512089719,1.01502316521657
2541,1.35746713374088,1.08964855906961
2542,1.30917434035571,1.03771994017346
2543,1.31722183083815,1.06060536397334
2544,1.3005421262967,0.99424110351084
2545,1.31352544692881,1.01260534327287
2546,1.32616573820245,1.00535320675667
2547,1.33564107415105,1.07906646693004
2548,1.33391039410623,1.05331751486169
2549,1.31359848843948,0.96007461996801
2550,1.33204788143963,1.06593314142833
2551,1.32681382187948,1.03859423737425
2552,1.3169942014951,0.980547159182034
2553,1.31548180292945,1.03624168670559
2554,1.30173365113103,1.01520778165465
2555,1.32344512924375,1.05392057427866
2556,1.32267345402781,1.00049193374357
2557,1.32651687844534,1.01036498498444
2558,1.30494337743847,0.976758631396497
2559,1.29794346429223,1.00638815841401
2560,1.35551784899953,1.0879286196523
2561,1.30493572057281,0.947457146164993
2562,1.33400303116354,1.03056216354902
2563,1.30760860410508,1.03833462296196
2564,1.31283085454139,1.05432489575402
2565,1.33564514375069,1.05073589756215
2566,1.33877480564148,1.06311732011399
2567,1.33223357454459,1.04333468455653
2568,1.34781276222376,1.01682800799399
2569,1.36131881847734,1.03790226914317
2570,1.35131164444439,1.08866918743155
2571,1.32734151589451,1.03005975778152
2572,1.33769238530849,1.05068686216541
2573,1.33244498646724,1.03259710571469
2574,1.32853262768711,1.05715326673895
2575,1.32272160163047,1.03782742154618
2576,1.32180114209749,1.03911070249485
2577,1.34835336383331,1.03809975762301
2578,1.32460897943745,1.03427789016587
2579,1.30031117562202,0.984624404317791
2580,1.32855244083856,1.03122320690728
2581,1.31751748238192,1.04282898540563
2582,1.31233811687257,0.976162390706723
2583,1.3247811006542,1.01265313151385
2584,1.29535463665792,0.996737899660306
2585,1.35331212844266,1.05214433233084
2586,1.31119662726975,1.01284332586016
2587,1.32723504781676,1.03436482257904
2588,1.30938642182655,1.04115945975727
2589,1.31278836526904,1.03081551703325
2590,1.33571604901964,1.04455042582944
2591,1.2985364893381,0.972134666345256
2592,1.31394238952707,0.965655560071574
2593,1.33622641661995,1.04753941630903
2594,1.36155983428131,1.0966135545413
2595,1.32528795721281,0.996914362064021
2596,1.33486118439717,1.07702421971172
2597,1.3396132007285,0.973447940695016
2598,1.35238750425377,1.05736473357492
2599,1.33192888160771,1.08131074017816
2600,1.28100801442019,0.9619508430122
2601,1.29493543187103,0.979028197086297
2602,1.33238908132692,1.03916277869063
2603,1.31298330344841,1.0107166051383
2604,1.31707368750237,1.0204779494744
2605,1.35590126414606,1.05031255185463
2606,1.31610552353742,0.936939363152073
2607,1.335485225897,1.05077769113921
2608,1.31171508216901,1.00926366134689
2609,1.29854220586386,1.01248476958946
2610,1.32546660420533,1.06502082024088
2611,1.33913089754274,0.961218180980783
2612,1.35155248400341,1.02891959787011
2613,1.31686281320074,1.03234038047594
2614,1.30847008619673,1.02910076945583
2615,1.36097309856733,1.08994644142189
2616,1.29244051377515,0.982133985830644
2617,1.30448003879816,0.944104291674477
2618,1.30675275354752,0.980418748048835
2619,1.33573356058157,1.0464848855767
2620,1.33216432034281,1.0700614988433
2621,1.33018773660139,1.02458861528703
2622,1.34669995542284,1.07448489502191
2623,1.30384694284643,0.998536571618938
2624,1.34901553451246,1.04123693812124
2625,1.31659395479673,1.01953246150444
2626,1.29577050239184,0.989114971035215
2627,1.33485292561456,1.04598821515065
2628,1.31671998903478,1.01003499819559
2629,1.26962237303181,0.936641094567608
2630,1.36274348050279,1.13159486723834
2631,1.33191842985686,1.015565657667
2632,1.33397153978343,1.02822672185967
2633,1.3224641710304,0.991937008001919
2634,1.31940798932396,0.96434018340247
2635,1.362084430456,1.12679770376244
2636,1.33352548664297,1.04094546895382
2637,1.31395290405143,0.993037275936192
2638,1.31890301367077,0.9697307354647
2639,1.33741690290039,1.0483186291215
2640,1.3231691907005,0.99613129078527
2641,1.35185712206249,1.04561712055126
2642,1.31039544849391,1.08427749320386
2643,1.33609874827765,1.00215990326993
2644,1.29731827222199,0.947008227718378
2645,1.32826539386935,1.04783129405257
2646,1.35503778030915,1.09532628659208
2647,1.331988387423,0.98494186072082
2648,1.29544208415997,0.950319784969496
2649,1.35593298975958,1.0676407884858
2650,1.29826198400527,1.00035215227109
2651,1.31157377563756,1.02106038968591
2652,1.33668680085281,1.05374601793138
2653,1.33363769905121,1.04475680935717
2654,1.34707558132253,1.08878501732326
2655,1.35699052850443,1.03690007090463
2656,1.31189514182189,0.995472829021921
2657,1.28443102357155,0.988055830235414
2658,1.3196848432922,1.03521438935908
2659,1.31716143677399,0.997256237518686
2660,1.29188604106268,1.00393913557626
2661,1.30157766543083,0.978715209169247
2662,1.29637853785678,0.94948704203707
2663,1.32808147037996,1.00601768866218
2664,1.32022399427281,0.975929983565078
2665,1.34149270349371,1.02701015973688
2666,1.33212755619411,1.07013311760562
2667,1.29670427200472,1.03126122970072
2668,1.31602905162864,0.969992207417874
2669,1.31051468913437,0.983072143772829
2670,1.34425038544832,1.09253112281871
2671,1.31643283922269,1.03041524053889
2672,1.2979943789017,0.970965948922889
2673,1.30100204712546,0.96662180593428
2674,1.33576817135694,1.05027071145977
2675,1.32209504122211,1.06974370023278
2676,1.30031336413245,0.954380870304757
2677,1.34234058940102,1.05838176528698
2678,1.31603051219038,1.01591689057284
2679,1.30989434237965,1.02884876293342
2680,1.2994314099314,0.993428996781767
2681,1.31131654257811,1.04489042678821
2682,1.3116947507383,0.99289793446076
2683,1.32134666075186,1.00452248608457
2684,1.34010815980278,1.03381948826251
2685,1.32697306389332,1.03244255161988
2686,1.32798879110574,1.02324553159502
2687,1.32818963563247,1.05024325002681
2688,1.29783822440244,1.02521162158276
2689,1.35138657370725,1.05108976253717
2690,1.32262193929426,0.982242496204073
2691,1.34635168670091,1.0391016489172
2692,1.31585600752618,0.993762794108874
2693,1.33011064791416,0.983714344081374
2694,1.34194007699287,1.04984412397936
2695,1.32340336965537,1.08983000067239
2696,1.34378767612004,1.10630250110288
2697,1.30736002056027,0.983930558073532
2698,1.28754771087514,0.9307973320438
2699,1.32626407479582,1.00740991539287
2700,1.32816122343491,0.987807231667416
2701,1.33864760719408,1.01455266007764
2702,1.29854505063559,0.98487281782943
2703,1.33591989284939,1.09179715548228
2704,1.36600125272037,1.08382483423485
2705,1.31206249175142,0.990400605412661
2706,1.34549848003818,1.02010993979038
2707,1.32365618156097,0.999394323706237
2708,1.36509599151632,1.12525799529475
2709,1.34229206871683,1.07791690942365
2710,1.33337847738363,1.02887336698719
2711,1.31824772966863,1.01960241330017
2712,1.30828484692727,1.01335362070782
2713,1.31247601881149,1.02278885929588
2714,1.29399408461054,0.996664687149435
2715,1.28882778757359,0.989197582627695
2716,1.32070438380864,1.01523253504516
2717,1.31603825625774,1.09976808741114
2718,1.35109618357379,1.06417251620265
2719,1.32638465664699,1.06152596161466
2720,1.33616655780007,1.04858007574676
2721,1.33844203583072,1.05543022052339
2722,1.33160799033734,1.01399367831562
2723,1.29369080253312,0.936477867647823
2724,1.37545895425883,1.09145499995512
2725,1.30907404747151,0.981693239141549
2726,1.3648539478903,1.11498921259512
2727,1.33068197868473,1.02797358616673
2728,1.34016824317921,0.992739864517198
2729,1.33492197628945,1.00151776450447
2730,1.34696746549276,1.09174062256627
2731,1.31676338316122,1.00829710029231
2732,1.32339670700035,1.01294538288278
2733,1.31506686555813,1.00956701737253
2734,1.33025763381006,1.04241241468814
2735,1.30026161683266,0.989878706077936
2736,1.308598027826,1.06088106326234
2737,1.33195095718583,1.03711636238843
2738,1.29292967980058,1.04254505033547
2739,1.31851459354097,1.04873218606457
2740,1.32412389205372,1.02963469294538
2741,1.33028660549362,0.967833544170809
2742,1.30841197762545,0.993160387927809
2743,1.33940904903271,1.05123452525855
2744,1.28122313915885,0.913963362401065
2745,1.33891122131187,1.00365918520773
2746,1.33282224283435,1.06323939791202
2747,1.37853056384597,1.07305892404215
2748,1.32870578892827,0.992877367658743
2749,1.31373859156779,0.988613687418652
2750,1.30160938359714,0.996277024809235
2751,1.29819055846145,0.990473807092395
2752,1.31663163997129,1.05063561014476
2753,1.30272076489693,1.00125797289024
2754,1.33300673039621,1.00478020119324
2755,1.31921629732765,1.08185348725675
2756,1.32688723148338,1.00396598695458
2757,1.3329139011367,1.06509266285829
2758,1.29765287043236,0.993373208756332
2759,1.31729052619846,0.978611948906579
2760,1.33554021034762,1.02961908773403
2761,1.3425646375437,1.01879037223038
2762,1.31237838382528,0.988515009053574
2763,1.33058130556579,1.08406787532111
2764,1.32371392412022,1.02565534553281
2765,1.33049406001589,1.06178398086745
2766,1.34959286841735,1.05504768147888
2767,1.33529112225916,0.992418726150234
2768,1.35772977857011,1.09031086202676
2769,1.33506049621902,1.06172982799747
2770,1.32913285080421,1.03080189166859
2771,1.35686311548826,1.06263767302571
2772,1.36451431369527,1.09056628885512
2773,1.31660937058309,1.0678247655832
2774,1.29618930326004,0.991240686124607
2775,1.32955972651299,1.01777789984904
2776,1.34488131466411,1.01254302369144
2777,1.31657999114458,1.01297276481039
2778,1.32633267553374,1.0346780654856
2779,1.28857434621815,1.02670071755113
2780,1.31831115478425,0.986927769005489
2781,1.32747198774128,1.00953359650913
2782,1.29955464453289,1.01428304057957
2783,1.32989897534291,1.04889927607798
2784,1.34826602767696,1.08821340344857
2785,1.31077203065309,1.01037229069022
2786,1.33468743127264,1.06700511801399
2787,1.32018321189814,1.09344037887513
2788,1.29891626146145,1.05479898567686
2789,1.34089730599956,1.044334990853
2790,1.34370083416314,1.04148898553785
2791,1.32485405255538,1.06201541816307
2792,1.33978983962288,0.996503678952132
2793,1.28447657245367,0.919611712930307
2794,1.30519625818434,0.982745251334678
2795,1.31793396194841,1.04372174942598
2796,1.3267391007025,0.991785411032705
2797,1.30850320978317,1.00721041571308
2798,1.28411878965953,0.949500818773039
2799,1.31657173344475,0.984548069277862
2800,1.35401660514105,0.995796168595637
2801,1.31343977171281,0.965791067931925
2802,1.34398479203945,1.01950016878615
2803,1.33875928929282,1.04649232990655
2804,1.32019197619707,0.965797809551119
2805,1.3616682652166,1.05583661618307
2806,1.310517842998,0.990625753979765
2807,1.30398818915389,1.00375425414164
2808,1.36477490836377,1.05993614988249
2809,1.32327682863423,1.03696519479434
2810,1.34062813868153,1.02944303206671
2811,1.32403912628311,1.0727176079542
2812,1.32666992650742,0.990169599452785
2813,1.28181417219941,0.975561682475924
2814,1.30958784896655,0.997969272512846
2815,1.30133847582249,1.00818087697323
2816,1.34547097118594,1.0608635827335
2817,1.34626174863165,1.04157990247489
2818,1.30076721381076,0.971685176291004
2819,1.31117743631303,1.05766253575072
2820,1.30066535277505,0.989819602131964
2821,1.30853451607865,0.958674474191242
2822,1.28935023458363,1.00306374321535
2823,1.30083836782303,0.982811257931905
2824,1.32016923747861,0.996491012385975
2825,1.31784331657261,1.06159127354813
2826,1.32866020186633,1.0941125407392
2827,1.28280600067208,1.01892123368155
2828,1.31245860828077,1.06735353986223
2829,1.33596390901793,1.03687145880257
2830,1.34509002834864,1.03073968027654
2831,1.30026191125038,1.00908925374831
2832,1.31919262462051,1.04901985408454
2833,1.30161286071418,0.999688834824889
2834,1.34779204905934,1.04472996978533
2835,1.31774937465368,1.03978766419502
2836,1.27544625925611,0.904739594186773
2837,1.31670923940513,1.02414242506913
2838,1.28423140587995,0.934145553092125
2839,1.28422537467707,0.95177428792099
2840,1.33797143321948,1.03008676647411
2841,1.30684383226312,0.977715869438104
2842,1.3446202727392,0.988561361460094
2843,1.30947750740822,1.01702007123765
2844,1.33502886375536,1.05736826157348
2845,1.35651395095651,1.08317585276683
2846,1.34097225086633,1.05776709650419
2847,1.33278723891414,1.00782842067266
2848,1.35395388086449,1.04744072289013
2849,1.32134158347385,1.00032205058084
2850,1.34442555954438,1.04446143464575
2851,1.3306846876761,1.03301307579021
2852,1.33589565673629,1.09552051558186
2853,1.32329284981177,1.02622241275495
2854,1.32433054944597,1.0107023214913
2855,1.31613641423128,0.95655720723678
2856,1.33348082992012,1.07812630671723
2857,1.32490039527349,0.951524651348283
2858,1.34960752757992,1.0452148877517
2859,1.32917535448769,1.04582036252843
2860,1.3329389739877,1.06870369123021
2861,1.31676207435916,1.04751288286223
2862,1.35142872507758,1.10457237947756
2863,1.35579109148405,1.10336995780942
2864,1.34133599311491,1.05385321733255
2865,1.35635828387685,1.03745585419633
2866,1.30701845377118,1.00273010002485
2867,1.32743588509635,1.00343941936201
2868,1.33805672271759,1.03778945682299
2869,1.34870587534453,0.985388026120109
2870,1.31716628968166,0.998637558999799
2871,1.33777580530007,1.02504612029921
2872,1.34416586603385,1.06453448810826
2873,1.32928040092167,1.00927418095631
2874,1.3539925399234,1.07297999938906
2875,1.32086010777215,1.01279766792023
2876,1.33155662189955,1.02445297157447
2877,1.33259451236393,1.04215063899073
2878,1.33771578493585,1.02046579889902
2879,1.33051376109403,1.00716428803937
2880,1.30881109126243,1.00989104751695
2881,1.34038710244676,1.02706543330427
2882,1.32149670016139,1.03486525729476
2883,1.31655025755929,1.04928905724213
2884,1.33439877304042,1.04499546087564
2885,1.30847878071168,0.991612531922882
2886,1.35276985667126,1.09099506233617
2887,1.33838212495705,1.02006940499664
2888,1.33915916161086,1.02852400475615
2889,1.30544194244029,0.971861470392842
2890,1.348197778471,1.08953398310628
2891,1.32931040980327,0.961747391852598
2892,1.31896591140215,0.957051759512586
2893,1.31177193200277,1.03122619489063
2894,1.30223354765266,0.938471557164696
2895,1.32119754513306,1.02303849135199
2896,1.31256951061777,0.959945216384087
2897,1.33386403205563,1.08842721084386
2898,1.31030589701138,0.93049197148286
2899,1.32977815102362,1.06068449328226
2900,1.33869974804138,1.08384816992482
2901,1.32040389225923,1.02817466645566
2902,1.31644953706072,1.00139876181978
2903,1.32115369188148,0.979662369674702
2904,1.31485303377223,0.97121390697672
2905,1.3511279160562,1.05244271614617
2906,1.29056901553627,0.921432087334809
2907,1.31030657800452,0.962185567960091
2908,1.31255273934092,1.04290911871517
2909,1.31592000126065,1.03235803392541
2910,1.31984527311163,1.0242127414072
2911,1.310683867563,1.0050348923556
2912,1.2846730499067,0.94679726590994
2913,1.32911204074332,1.0451042809369
2914,1.35519431246128,1.0396550602065
2915,1.33880159312964,1.0612801173507
2916,1.34727631235241,1.05837447830634
2917,1.30428249885262,1.0172370094838
2918,1.32343361081326,1.01331025274541
2919,1.32599109616826,0.984210128081161
2920,1.35166418243108,1.01455134423189
2921,1.31370796183161,1.00251513507089
2922,1.29912805015045,1.00116730608905
2923,1.31941989071933,0.998608582486851
2924,1.34031162045498,1.04977556386669
2925,1.35510430649202,1.05577732294822
2926,1.31551925816511,1.01413544142352
2927,1.35008260208087,1.04641569373706
2928,1.33131233539386,1.04775935346751
2929,1.31612156728501,1.0232264136396
2930,1.2947550002634,0.976029785711075
2931,1.35188477312763,1.06736144566561
2932,1.34030457803897,1.06140092075002
2933,1.34473786285673,1.06953862061914
2934,1.33345153184857,1.0236326292116
2935,1.33244530307375,1.01986585218833
2936,1.35843050080352,1.10231075708215
2937,1.36683275876096,1.05281101392659
2938,1.32756473461003,1.03044680162304
2939,1.33970566969016,1.04266204826215
2940,1.32210850486942,1.01296916727059
2941,1.30630957934294,0.995575119856308
2942,1.31064180382038,0.974336308225332
2943,1.3046325244825,0.989284464439152
2944,1.3108655803553,1.03941443485799
2945,1.33235198287837,1.08262415712593
2946,1.31734651751176,1.01481704754214
2947,1.30308173935161,1.01542303824235
2948,1.33806172337004,1.06644970250072
2949,1.32763458756658,1.00045668133551
2950,1.32282948620713,0.972447553917665
2951,1.33616666508249,1.00464895573222
2952,1.30613639460261,0.99479062264507
2953,1.34326585261342,1.03999196487592
2954,1.34884023886776,1.01299095646217
2955,1.31921555446484,1.00604792232618
2956,1.30044793344636,0.980559421212755
2957,1.30917716008361,1.01397226108566
2958,1.32051115973206,1.04827373225608
2959,1.29613340252772,1.01811968303811
2960,1.27658655498775,0.939294444660303
2961,1.3282154575494,1.02167255882238
2962,1.29746578733721,1.01782810976402
2963,1.33681455171203,1.02413661703187
2964,1.31285956481462,1.00301870410739
2965,1.34006867820194,1.00339808153059
2966,1.30339696357854,1.0221485534011
2967,1.29871850982112,0.999098472304481
2968,1.29139381200472,0.999530703506472
2969,1.33741367652374,1.08891903117108
2970,1.32995447567386,1.0234897318993
2971,1.34502521920226,1.08140224538038
2972,1.33945474784333,1.03479843888075
2973,1.3439910319488,1.00921130335326
2974,1.33124862544324,1.00178646066464
2975,1.29462105897429,0.977579547893267
2976,1.34681088384834,1.07750078631291
2977,1.31834288986381,1.00443223798338
2978,1.31208462011979,0.997217544795406
2979,1.32997534278603,1.06559729923424
2980,1.36352129624276,1.11194431105972
2981,1.33165883050547,0.939735288874888
2982,1.31536944966978,1.02614846097616
2983,1.34937289624978,1.06029254210054
2984,1.33376537793135,1.00852186729584
2985,1.32163551152507,1.00027651927186
2986,1.31957937640963,1.05298523646564
2987,1.34513868689349,1.06951103602229
2988,1.34065103601435,1.00932037688114
2989,1.30979897674294,1.03024081803076
2990,1.3187094955253,1.00087280455643
2991,1.30402637790093,1.02137270303305
2992,1.28861934081501,0.96090824984699
2993,1.32797968556485,1.04047347097246
2994,1.30093606241013,0.963905529360634
2995,1.31039849771767,0.980673879796124
2996,1.35681458503106,1.08045282229771
2997,1.32123102375427,1.05466044877694
2998,1.2774947079354,0.936188355924698
2999,1.34461242584337,1.0218608191267
3000,1.28879248083796,0.964306038986508
3001,1.33578926666259,1.0352076156149
3002,1.31407752474471,1.00794628792712
3003,1.31247565388941,1.0254745550516
3004,1.33711301274013,1.02116000527966
3005,1.30999364269077,1.01019302414298
3006,1.35997490103259,1.04304432484611
3007,1.30098213552609,0.952782873415358
3008,1.32009335813985,0.992016197567308
3009,1.32456943214904,1.05193405037855
3010,1.34487078091464,1.09705771973873
3011,1.35039397155592,1.07743762513515
3012,1.3016186752502,1.00876634002026
3013,1.31285216501292,0.97837195234642
3014,1.35219497495946,1.05591287752751
3015,1.3112904159326,1.00078520304476
3016,1.33333192785688,1.01812357602134
3017,1.3417581732414,1.08663403260055
3018,1.31590279010656,1.03013608050169
3019,1.29294893090814,1.01346251360641
3020,1.31588484682574,1.04335448636499
3021,1.30373846525507,0.933065392180998
3022,1.30328492711494,1.01901533293428
3023,1.32508324265171,1.01624404807989
3024,1.34891329058598,1.07315497070703
3025,1.33870299529346,1.01471849473476
3026,1.321945233477,1.04540879790079
3027,1.32203225739689,1.02771559245777
3028,1.2732948196393,0.936116613575601
3029,1.32941045894718,1.04611176419221
3030,1.30678163868133,1.03578466935235
3031,1.30050380025689,1.00745934140177
3032,1.33010307120333,1.03881576531275
3033,1.31778224460049,0.98889831771253
3034,1.34962328342457,1.05737769303519
3035,1.31562356401789,1.01567684391483
3036,1.36455155327408,1.11351829159212
3037,1.34122115919173,1.04043668965073
3038,1.31557311724959,1.0293612812271
3039,1.35148023490953,1.10173686839051
3040,1.34480397319424,1.04959052858892
3041,1.33334095527649,0.99823054680273
3042,1.31391235902242,1.04133389298812
3043,1.32371448868493,1.05091099469143
3044,1.33698498113818,1.01380182817071
3045,1.36205351878212,1.10932213807256
3046,1.31070038072841,0.951325029647662
3047,1.32884424037553,1.03147274981464
3048,1.33447749372068,1.05077335555901
3049,1.3719455681374,1.11343398161375
3050,1.34691515885226,1.0576899724797
3051,1.31906148227461,0.996569958436933
3052,1.33744781818002,1.04283530102394
3053,1.33106937751103,1.04524280020487
3054,1.33938193726674,0.992488237397559
3055,1.33513608963255,1.04678695975929
3056,1.34629225334147,1.09383583482281
3057,1.32925280724444,1.0907708527022
3058,1.30540304979877,1.019382225247
3059,1.31504661327005,0.986503369671662
3060,1.28928964550728,0.961379085105516
3061,1.33760391987018,1.01611882503662
3062,1.34374364015597,1.08758036560237
3063,1.33510942242697,1.09194660026735
3064,1.31088345267494,0.980861831648841
3065,1.31649098516473,0.987364872804062
3066,1.34171670796653,1.05436641607032
3067,1.31322486147824,1.01086625873047
3068,1.28136972323373,1.00655795011621
3069,1.36337464277034,1.07704175624329
3070,1.35542881212914,1.0420788337212
3071,1.32698916489567,1.00795641732645
3072,1.34306540940414,1.06506980396616
3073,1.32191418275516,1.0077006941856
3074,1.3040284577889,0.975429241210516
3075,1.31017322102502,1.01445792595318
3076,1.32540694463529,1.00416104608342
3077,1.32933948329328,0.983583337843783
3078,1.33967852940803,1.07655381758886
3079,1.32868688970515,1.02610332525299
3080,1.29786307765473,0.980123621359703
3081,1.35182723971148,1.06822474594538
3082,1.31601811480881,0.986966675969191
3083,1.31826295400234,1.0870263259746
3084,1.33244892294763,1.07640002337068
3085,1.32775586549241,0.992065877051011
3086,1.3270066666158,1.0323108249415
3087,1.31709149800819,1.02237262041098
3088,1.29110431452317,1.02416902659464
3089,1.30654674364339,0.988903118090124
3090,1.30192143805385,1.01769061466939
3091,1.30508758842998,1.05001060100496
3092,1.33115422618631,1.0449575719116
3093,1.34657857885599,1.04832727792664
3094,1.30259954441777,0.997909486964301
3095,1.31053104680432,1.036378385935
3096,1.29853327720501,1.00614373876943
3097,1.30456139370843,0.96458569370377
3098,1.30521248804888,1.0545166059088
3099,1.3294167652323,1.02857912550178
3100,1.31019030517426,0.982807717996148
3101,1.32991263718601,1.03417653380201
3102,1.33147916182336,1.01852576589894
3103,1.34173340269439,1.04430914647028
3104,1.34217292707209,1.03414424837962
3105,1.31676054488451,1.03543837946644
3106,1.33001446091782,1.08312485339868
3107,1.33717786447091,0.990229029058553
3108,1.32661815053414,1.02856886836753
3109,1.31717713005479,1.01873130759705
3110,1.33047585817408,1.06418980943266
3111,1.31577150567065,0.998764655809765
3112,1.32883674044223,0.987394340521982
3113,1.3066806631423,0.9773461071046
3114,1.29288633024958,0.948075547917163
3115,1.27983410065842,0.949972221930432
3116,1.30575702743521,0.98278949041673
3117,1.32672105270043,1.03713425679892
3118,1.33077031412762,1.03947415401863
3119,1.32072965161398,1.03997878948471
3120,1.2970682727283,0.96902957393366
3121,1.34409521349264,1.05430640675148
3122,1.3362686545203,1.03038369974671
3123,1.33016774561756,1.02448873397462
3124,1.32771161277224,1.03393292956202
3125,1.34131674744077,1.05658345564135
3126,1.32467900282486,1.05360455334912
3127,1.29352315605727,0.991369340050624
3128,1.31509711554152,1.06099866838805
3129,1.29842582093337,0.987713778326008
3130,1.29039916522474,0.977965529480858
3131,1.31661862506058,1.02938697041524
3132,1.32625720974401,1.03801648618603
3133,1.32445559928235,1.07506080112837
3134,1.29601102719636,0.979746739901852
3135,1.33106645060869,1.04915369919065
3136,1.30626979386484,0.928369970070519
3137,1.3315016823737,1.02879386344407
3138,1.31698408462877,1.05191219582008
3139,1.33165832512053,1.0710915443596
3140,1.32819423691304,1.00829103330732
3141,1.3469473824702,1.10159410714128
3142,1.33707974434234,1.05513117290377
3143,1.31209644994327,0.993841199610926
3144,1.36981335972558,1.04711648023897
3145,1.34241561680351,1.06716198213037
3146,1.34007038910616,1.04907125862288
3147,1.33862944405177,1.03584794119411
3148,1.33504131648008,0.993462127182354
3149,1.33824860863896,1.08254015066839
3150,1.3087030223666,1.05773811860787
3151,1.33169656122354,1.01765874097293
3152,1.32831683288209,1.00086445921015
3153,1.31221202750326,1.02686220244626
3154,1.29437529741354,0.939590948541705
3155,1.33424608020309,1.11116615418108
3156,1.33586769359549,1.01873406958584
3157,1.34869440442937,1.08504837088618
3158,1.30018307526002,1.03475705930963
3159,1.28755257133113,0.975001404922303
3160,1.31899563257411,1.02221716039747
3161,1.31201466170886,1.03786325602119
3162,1.36207205564252,1.08816145945593
3163,1.32078140578345,1.01294370430987
3164,1.30304561116788,1.00768314478527
3165,1.30656128330666,0.966482796388785
3166,1.32535804681011,0.967510190946131
3167,1.33505759840777,1.01163807974623
3168,1.32268133097084,0.967381049690361
3169,1.34419484974474,1.03994061742669
3170,1.29775579298301,1.02491895327403
3171,1.3122630622325,1.00110493295877
3172,1.33742203661233,1.07740564230063
3173,1.34553717586149,1.07470462328495
3174,1.31527996724021,1.0414664560733
3175,1.34403375207622,1.04603139426551
3176,1.30993837055486,1.01895528364341
3177,1.3372023817352,1.05345351776897
3178,1.3264466697209,1.03175942605677
3179,1.31448849848037,0.926149335702001
3180,1.35474679711878,1.0631933570156
3181,1.31624961142785,0.994633313055951
3182,1.30719102712757,0.983496933901403
3183,1.31071789700929,0.967957866142399
3184,1.32551759288955,1.00875014588167
3185,1.29176392531787,0.957654344294764
3186,1.26995532143862,0.925004551731478
3187,1.31520844397961,0.964108355004786
3188,1.35463556388387,1.08886431745436
3189,1.33513617245319,1.01178540619708
3190,1.33572219509421,1.03141372838184
3191,1.33347136464022,1.09354182606201
3192,1.28635022308272,0.992373427067947
3193,1.33665784340624,1.02538405925476
3194,1.3329962894042,1.06303921700876
3195,1.31692837089798,1.02417213879806
3196,1.34270616074164,1.05274163032378
3197,1.31159292844561,1.00542683472779
3198,1.29467635203192,0.979254658893088
3199,1.34498525038003,1.07118894723106
3200,1.34149068925158,1.06191688977915
3201,1.34093021004716,1.01513531979778
3202,1.30647873323012,0.970300864780866
3203,1.30978658905477,1.00087888271266
3204,1.3298772262192,1.03676050745675
3205,1.31785064372397,0.986878373877323
3206,1.34290965832046,1.01252268684212
3207,1.33091067833227,1.03900895722673
3208,1.34283155121244,1.03543808359274
3209,1.37541932108767,1.08348902346897
3210,1.31389837439869,0.985999810682571
3211,1.32346276107911,1.02988544969818
3212,1.31538015149349,0.917617069347214
3213,1.33037354737811,1.04253543149895
3214,1.30469994202499,0.98081020872891
3215,1.35513868112283,1.04138428346344
3216,1.32917130878153,1.06409921980121
3217,1.30728191651905,1.03368848250975
3218,1.35850633875594,1.06285564294957
3219,1.31036925785199,1.04568508481861
3220,1.30259891776582,1.00914597140133
3221,1.34095082084572,1.04542010741691
3222,1.3297688360425,1.08039949967321
3223,1.30338579588139,1.00491597217901
3224,1.34203418538249,1.04377802919529
3225,1.34526522381689,1.03225120965642
3226,1.31618014453466,1.01646856551473
3227,1.31343693300889,0.954261773236873
3228,1.30973395172849,1.05170580112384
3229,1.30247661619688,0.99954952253748
3230,1.36739697721428,1.07702306310937
3231,1.33195257343016,1.03285994262935
3232,1.33058746205374,1.06203628717387
3233,1.30127979726381,1.00925399784969
3234,1.33416704021321,1.01187646524551
3235,1.34109214494831,1.00925155903543
3236,1.28644342794921,0.96618417885436
3237,1.28477359768792,0.969168290859309
3238,1.34650539502614,0.986937120287458
3239,1.3388129553005,1.0712600805537
3240,1.38346282268232,1.143338505308
3241,1.30883489151869,1.0094328338132
3242,1.33416733207062,1.08510953564292
3243,1.30958697332049,1.02341598953789
3244,1.31014266962596,0.997045097980506
3245,1.33437544661383,1.05646908974458
3246,1.31834371178066,1.01795902805419
3247,1.31106219278119,1.02360768536807
3248,1.32161686297397,1.02744517943776
3249,1.33256642618594,1.05237417816754
3250,1.32957725651604,0.983441913311124
3251,1.36633428799422,1.07270192376217
3252,1.34292607878526,1.08354652751025
3253,1.30557800714562,1.02377526074714
3254,1.31480462998291,1.0031987096551
3255,1.29526599050018,0.96417192033242
3256,1.35418870976952,1.02196804857498
3257,1.32585904818076,1.08109476260673
3258,1.31188402559684,0.994989683396291
3259,1.32244578430532,0.993997055629593
3260,1.31748630255285,1.02173757040518
3261,1.34154309796589,1.07283390077633
3262,1.32270873429612,1.00618501893245
3263,1.31362282310022,1.03119875798476
3264,1.33014504405663,1.07768053977383
3265,1.35264031180708,1.07783615319009
3266,1.32931598504265,1.05414343391774
3267,1.31747127103275,1.04273061395012
3268,1.33775752616283,1.07375670059724
3269,1.28943966421758,0.989976801279965
3270,1.30592670378473,0.963121911152453
3271,1.3357932133353,1.08156947570611
3272,1.3280866552179,0.999676866197852
3273,1.34651627688322,1.05035007670531
3274,1.3158334435006,1.01667769799957
3275,1.30175030980791,1.05550039377982
3276,1.33449409423753,1.07928461480282
3277,1.35859180452277,1.05977795432559
3278,1.33138580675186,1.03388052934998
3279,1.32167045738658,1.03209275607159
3280,1.33059407193776,1.05046220178225
3281,1.30897146133412,1.01087520918179
3282,1.33402244379215,1.06691085644563
3283,1.30538116718199,0.968439457474326
3284,1.29508767142089,0.962322740199811
3285,1.29369313378667,0.955141726670342
3286,1.32275429428908,1.06409695102968
3287,1.29939821840353,0.969716343012544
3288,1.31085014173268,1.01208938725321
3289,1.34183213975262,1.03439869146475
3290,1.31519176525636,1.02558527445526
3291,1.31721522979977,0.996470978189111
3292,1.31259131795633,1.03213271870707
3293,1.33377158792934,1.03967538697442
3294,1.29162649396961,0.990189502508464
3295,1.33863750962108,1.0903237371388
3296,1.33602487913811,1.05420658908648
3297,1.31284855055092,0.997464077489157
3298,1.29929986616099,0.963000309864813
3299,1.34626747561795,1.07216695059273
3300,1.34024664326808,1.04911958568937
3301,1.32826782359705,1.06871422689936
3302,1.32066391801874,1.02147958231193
3303,1.33464967760309,1.02165773624057
3304,1.32820365181755,1.03316276842571
3305,1.34151509914311,1.02256222229872
3306,1.31288549654559,0.978922954406453
3307,1.31336983459047,1.06186838901227
3308,1.32676390601789,1.03476344149372
3309,1.2890273939231,0.978516258736533
3310,1.31736833360977,1.04099721935686
3311,1.31487659003363,1.06862544681083
3312,1.31825634282832,0.993280223607763
3313,1.34492102555386,1.02680114081067
3314,1.32861298390123,1.02647982461593
3315,1.31978205583677,1.03023473398538
3316,1.32707636272078,1.00481781256714
3317,1.30697460040199,1.01607326104965
3318,1.28960351639534,0.939438334358265
3319,1.30577540068772,1.00404070094642
3320,1.31538124377173,1.00224584444169
3321,1.32733111781135,1.02540663004589
3322,1.32370550296356,0.959557914123408
3323,1.3147771554913,1.00733317019281
3324,1.33033223089189,1.0330404816611
3325,1.31209233382161,0.998409106160879
3326,1.3600517106413,1.07264421820162
3327,1.33461867986636,1.0588876762517
3328,1.35317735339486,1.07319736887099
3329,1.32746481071204,1.03098311898201
3330,1.33492771294027,1.07136064187926
3331,1.31777157654049,1.03047251287295
3332,1.29611279248094,0.977518710290918
3333,1.31575000308372,1.00702072738261
3334,1.32807390621102,1.0081828963894
3335,1.30495766040633,1.00634834008294
3336,1.31295703535049,0.979071033350636
3337,1.31429519621648,1.07014617655865
3338,1.31987974692602,1.06561691359011
3339,1.33628176581475,1.05201940528748
3340,1.32139802952147,1.0410258412504
3341,1.33045848580295,0.990075162168146
3342,1.32886606811271,1.03413866173013
3343,1.27798484507935,0.950043426804585
3344,1.31722161428249,1.03008993436773
3345,1.31846813258527,1.04718053599913
3346,1.31692720019682,1.02261300943044
3347,1.29975016488887,0.988310355738504
3348,1.32312325969599,0.986302600875539
3349,1.32613852797506,1.03793621426368
3350,1.33137036996236,1.0286182096411
3351,1.31194749105913,1.01361082341801
3352,1.32860473280776,1.04911001978119
3353,1.31599274877964,1.01011270550077
3354,1.34282140754385,1.03214620618514
3355,1.3092502570532,1.02984027440226
3356,1.3115357122798,1.01488504695116
3357,1.32193598347317,1.06079119839681
3358,1.33919358449907,1.04970154404616
3359,1.31923431715632,1.03054801809643
3360,1.30741854873344,1.05631239981804
3361,1.29462110773987,0.977692907451068
3362,1.32593499296496,0.994608441504506
3363,1.32166019916293,1.04739692885485
3364,1.32031143599212,1.00219213205293
3365,1.33358675870592,1.05215239346867
3366,1.31273865181356,0.987011929052881
3367,1.32879156302856,1.06357682709346
3368,1.34128681725902,1.02420981421191
3369,1.34510960951638,1.05820695526995
3370,1.31716901622241,1.01050975982199
3371,1.30163702689747,0.935433078555995
3372,1.33435841435147,0.984688290977174
3373,1.33636879081914,1.06586018686452
3374,1.34161893636612,1.03380013917385
3375,1.32832848825973,1.02362882826601
3376,1.35563753923677,1.07245381544612
3377,1.32690718060774,1.03926771871648
3378,1.33501348071341,0.998048891832255
3379,1.33010385371542,1.04768526235156
3380,1.36470461015855,1.08514796070534
3381,1.32098072093409,0.961821400642502
3382,1.3054291600997,0.996750975591376
3383,1.32727762336281,1.03775490176219
3384,1.30222122047752,0.933520310300511
3385,1.33307226090592,1.03483215760081
3386,1.34380010902228,1.04581805987707
3387,1.34462232478401,1.06835131836146
3388,1.32019795589714,1.0441747775599
3389,1.35682570054596,1.07448623418122
3390,1.3097369893955,0.988726261843903
3391,1.33531960137708,1.06075282781565
3392,1.31599192157575,0.998566591579664
3393,1.34068617560219,1.02404807203114
3394,1.36633134285576,1.09961577839281
3395,1.33354192495235,1.12023245598103
3396,1.33383964296642,1.06671575369523
3397,1.32686826247939,1.05405932167341
3398,1.33659684246148,1.05660869406
3399,1.31420108749351,0.938101420856117
3400,1.27709619026992,1.00004040594645
3401,1.3657872608659,1.05089401561914
3402,1.32994689857345,1.05444170681433
3403,1.30846225861998,0.957065832111353
3404,1.31441980667428,0.970477123639913
3405,1.34795735513263,1.08381814470392
3406,1.35538968505172,1.09179118372235
3407,1.30576101070206,1.02593713582593
3408,1.33173519634066,1.04779923516614
3409,1.32857034591539,1.05610773879027
3410,1.3317774802202,0.996972879267067
3411,1.3396317383971,1.04212510995051
3412,1.30171026197811,0.964957183767278
3413,1.34023970834787,1.06824680905708
3414,1.3129222779827,1.03274205475075
3415,1.33938269212239,1.024937778639
3416,1.31313904332854,0.967493165671144
3417,1.29091704704977,1.03593083636496
3418,1.31640816752959,1.03392799158481
3419,1.33913862508003,1.05830054981397
3420,1.30200724577792,0.968621313161447
3421,1.29721150358883,0.946490428511831
3422,1.31008508056213,0.97655065368958
3423,1.29142053622536,0.967806344147351
3424,1.33039364963456,0.96865464015053
3425,1.34531088931737,1.10591504584783
3426,1.32483802276844,1.03364149901103
3427,1.32024484265405,0.991859219970611
3428,1.33022407461823,1.02651344973498
3429,1.3729888223119,1.13704495415736
3430,1.29342676092571,0.997858991289989
3431,1.31352753208669,0.964761748109472
3432,1.32309016400846,0.978006846464423
3433,1.34467474275358,1.0231020084605
3434,1.33116520589991,1.04219276386006
3435,1.3483147993578,1.0327066031194
3436,1.3443147259517,1.08855007321181
3437,1.31041807204735,0.991308271016967
3438,1.34325232031219,1.0598132799882
3439,1.30915570087369,1.04078544052209
3440,1.36903186950882,1.12935265367773
3441,1.34032027962531,1.08784672714026
3442,1.3178023670763,1.01161777402297
3443,1.38067642020105,1.11834895322668
3444,1.37082151680507,1.11847687668672
3445,1.36599351736908,1.04086689599044
3446,1.32160881685377,1.0443709633012
3447,1.32694909354678,1.03667822533209
3448,1.34649602153793,1.05821958578932
3449,1.3236850840566,0.99407313595326
3450,1.29569801993172,1.03958072576146
3451,1.34235315253268,1.11328660359399
3452,1.32857169161046,1.04058676286017
3453,1.32360302213461,0.996263154623545
3454,1.32088477276968,0.974425412804833
3455,1.32483439294341,1.02139002899102
3456,1.31324575669782,1.03880985712897
3457,1.36000226095724,1.04637601625266
3458,1.34951558400155,1.08066652446912
3459,1.32798882625214,1.02756777326729
3460,1.29125001489256,0.953218492393809
3461,1.32338487065784,0.987746091553128
3462,1.34095348370799,1.06325453147853
3463,1.33097245927911,1.07577143894653
3464,1.30554223120169,1.04218157534227
3465,1.3387049239596,1.04017148628088
3466,1.30163909146202,1.04383781168105
3467,1.30837919479848,1.005903463965
3468,1.28792401171582,0.963735363409227
3469,1.31895565044087,1.01504794448963
3470,1.30272612460831,0.97294785833749
3471,1.31192624892526,0.966925097397388
3472,1.31027542948699,0.998549099294997
3473,1.34750269912556,1.04597064409823
3474,1.3222534042659,1.00999701503918
3475,1.31024207382099,0.994091737578035
3476,1.29750435875052,1.03611540547119
3477,1.35378841885532,1.05670600707769
3478,1.35363149050217,1.09610504845268
3479,1.31307649694444,1.00223610670434
3480,1.32183470101699,1.02165970355993
3481,1.36109955315293,1.10581546840826
3482,1.33692645382505,1.04561607932613
3483,1.31811882455836,0.944837709921364
3484,1.30987599788421,1.02014372461167
3485,1.31493477636706,1.06279590763385
3486,1.32481143802329,1.00423574344455
3487,1.30459256082334,1.00560228424437
3488,1.33863149431594,1.01279260883397
3489,1.31964670139244,1.07739137881103
3490,1.31917178303858,1.02004758613483
3491,1.32758160493572,0.993814436084906
3492,1.33507240059057,1.03562276995459
3493,1.3369987270108,1.03284892026124
3494,1.3435601807413,1.02869326621482
3495,1.34110542221111,1.0611496823236
3496,1.31671953489962,1.00027574869574
3497,1.3085754096055,0.986054520333781
3498,1.35918381611652,1.04861377239758
3499,1.33677916192197,1.08863912939051
3500,1.30396063701328,0.999079132192728
3501,1.35929238816567,1.06097991595622
3502,1.3429635041482,1.06691612013136
3503,1.33190399421769,1.02737200344325
3504,1.35819515989968,1.04460345366858
3505,1.31711358384707,1.01354438053002
3506,1.33159742541689,1.01482578055897
3507,1.35968136204397,1.06508646381282
3508,1.32263627360335,1.02468125677288
3509,1.3349791082001,1.02519125683896
3510,1.32319479308304,1.012179984606
3511,1.29788450707984,0.961403688939594
3512,1.32966286777951,1.03953983492991
3513,1.31632379614312,1.02743544969605
3514,1.30331940790823,1.03133840222096
3515,1.36754756546472,1.11632203788378
3516,1.28186109888198,0.960138464326714
3517,1.33759796585536,1.10609189187167
3518,1.31227894122865,1.06922195199817
3519,1.34075927772534,0.991702329089133
3520,1.31740916255773,1.04737706188033
3521,1.31785486501523,1.03508682596141
3522,1.33455653359884,1.04481751515485
3523,1.32596131651214,1.06527735721806
3524,1.32331793287193,0.995709031970516
3525,1.30935742177234,1.03319610657115
3526,1.34199580568348,1.03498970295455
3527,1.3304711937158,1.05986920671647
3528,1.32304474704126,1.01930173371847
3529,1.31368225168437,0.971131301289072
3530,1.31367700350071,1.01484252424392
3531,1.31914542795316,1.04898837302162
3532,1.32642897308776,1.05345525170498
3533,1.35935290409618,1.04531996607534
3534,1.32052643819882,1.03935913055787
3535,1.33633656272771,1.06676904815016
3536,1.31670553156338,0.953790150395547
3537,1.32381979002559,0.988551004350884
3538,1.3019020817936,0.97091211859373
3539,1.2806335751093,1.00289988522222
3540,1.30325946846356,1.02133548387833
3541,1.31780469962901,1.03132648434996
3542,1.31347969153589,0.972888235718755
3543,1.34984029023947,1.09129527568529
3544,1.36616354452917,1.06241100799394
3545,1.34967392301979,1.09101288865615
3546,1.33471926126426,1.00974637206628
3547,1.31486005778299,0.974456815160766
3548,1.36108585321709,1.06100220188792
3549,1.34628139099424,1.09435531054145
3550,1.32563468140737,1.06531455935855
3551,1.33246291158774,1.03198990877925
3552,1.33559840617554,1.03837286518634
3553,1.31629218385879,0.967940181480175
3554,1.34009131222699,1.0550058064458
3555,1.31313920454829,1.02222994480954
3556,1.31367353568374,1.01312182278551
3557,1.32865983427239,1.00343269297853
3558,1.34798425875953,1.05745075479872
3559,1.33637910686846,1.08170073675512
3560,1.31687403269781,1.02816513850759
3561,1.33623056814187,1.05531252547169
3562,1.33961247996227,1.04679541254818
3563,1.29084101555326,0.950089113356456
3564,1.33199415510531,1.01670027284306
3565,1.33717774623969,1.0405375850353
3566,1.33715261144645,1.02376017814504
3567,1.3313332896447,1.0164577171888
3568,1.28583897296962,0.971055530102075
3569,1.33715534935123,1.07935200372397
3570,1.3542845085087,1.05780595062162
3571,1.33288680813001,1.04833974553356
3572,1.35980992049274,1.09774460728653
3573,1.33392980324861,1.04036353985789
3574,1.32722752115625,1.02945820448768
3575,1.34451244052751,1.06116392476439
3576,1.34586870555259,1.08030007829894
3577,1.31746757000867,0.991855523883071
3578,1.32680120278836,1.11728562792521
3579,1.30296997779117,1.00426062423499
3580,1.28779276280429,0.983791391389752
3581,1.32344604908018,1.03495106248172
3582,1.31912382973784,1.03100282525908
3583,1.32879709409166,1.06381397102724
3584,1.34074759038474,1.07503297254174
3585,1.31256029009997,1.01856681344271
3586,1.36680545704396,1.0915006204397
3587,1.31947146511749,1.02069191307283
3588,1.31394134435723,0.990555511471335
3589,1.3628463267583,1.04733589310185
3590,1.31444297580911,1.04627040612199
3591,1.31809796060256,1.03612073698185
3592,1.34626990015508,1.03661413363355
3593,1.34481919472855,1.09660619217671
3594,1.32210568600393,1.01766066998599
3595,1.31644596189252,1.00617556598426
3596,1.30874083816026,1.00053434490826
3597,1.34313372258949,1.07476778713109
3598,1.35364500514891,1.03415329542394
3599,1.31534947009894,1.01678815662913
3600,1.33469982910463,1.06947821546185
3601,1.32240404250908,1.05127771265555
3602,1.33062308517687,1.02352487179603
3603,1.34817422045239,1.05963344285226
3604,1.31501871245664,1.01617570406099
3605,1.3069310175124,0.975037525150296
3606,1.28107690523388,0.96554266152895
3607,1.28972052643328,1.00216503003195
3608,1.29735215271408,1.03414088672219
3609,1.37067119077355,1.0673259734844
3610,1.32860299198292,1.11034042714539
3611,1.36131727289849,1.08628664907273
3612,1.31226750226431,1.03023275154681
3613,1.3093813241816,1.02632926611549
3614,1.34069550696377,0.991859642846169
3615,1.33983607155237,1.04288170069867
3616,1.31729413688352,1.02556110442246
3617,1.29980163835772,0.984871641427909
3618,1.32967046142298,1.05365597288606
3619,1.36035009351888,1.05102194105714
3620,1.29129576516816,0.987184116171579
3621,1.34857258805065,1.03308004069205
3622,1.35052239938179,1.04363050141244
3623,1.33397933810116,1.06064750466641
3624,1.32197283327049,0.965718137212065
3625,1.31978792331061,1.0256401574132
3626,1.30622403049535,0.949777868493114
3627,1.27827218537854,0.95598988120732
3628,1.35326369989708,1.09328388859506
3629,1.2780550299733,1.00629271863226
3630,1.32404842117013,1.02362759938653
3631,1.35549327469552,1.06577265974234
3632,1.32942356101298,0.992686877685292
3633,1.34742095343425,1.09717413482366
3634,1.32383204102637,1.01404925631618
3635,1.34270917093044,1.05628433402041
3636,1.30482360502905,1.05235935153814
3637,1.32080621803265,1.00113416586486
3638,1.32285520079441,1.07810184696407
3639,1.32408007356115,1.03648177759227
3640,1.33137708954429,1.07214887582767
3641,1.32033503250739,1.03206770452581
3642,1.3459910248367,1.03627675224266
3643,1.33838978263955,1.04786153292458
3644,1.3392322503722,1.0302517365738
3645,1.31934455826348,1.01587036596695
3646,1.31019032140322,1.01458071061467
3647,1.32259915710779,1.03567896408958
3648,1.29854396634422,1.00889098892842
3649,1.31547195436302,1.0084966785299
3650,1.33144869591713,1.04186659284619
3651,1.3192818426653,1.02341104680262
3652,1.32357430277553,1.00149428035752
3653,1.30070187109772,0.983140554310835
3654,1.31757185389788,1.02871669979192
3655,1.35597695097691,1.07199461359699
3656,1.32538287056565,1.00215282557097
3657,1.30651181394508,0.987794087901224
3658,1.33951931600635,1.0577931566544
3659,1.31899832438189,1.03255946893028
3660,1.34340348033625,1.08114270853298
3661,1.34778705614847,1.0853118427394
3662,1.31661083588746,1.01834617072774
3663,1.35656058654017,1.09166382499748
3664,1.38078445384375,1.08207927080925
3665,1.33651931621842,1.00173058866385
3666,1.34863481639743,1.02814061700365
3667,1.36324745356125,1.06603713577975
3668,1.32527229913845,1.03816652480842
3669,1.32926268885982,0.992637106491482
3670,1.36688197076632,1.02939589357734
3671,1.31575931443907,1.04200020149939
3672,1.37070354550787,1.11174465562816
3673,1.33568911514767,1.08293024104796
3674,1.35291261471996,1.05154414434464
3675,1.33831740573669,0.996836705310945
3676,1.34989037602922,1.11791493416867
3677,1.32464884839363,1.02122850964299
3678,1.35666922521965,1.10096194180281
3679,1.2918891551891,0.997671579753317
3680,1.29682620631301,0.96371633029851
3681,1.31953455231366,0.987918094505264
3682,1.34130022738224,1.07157743096175
3683,1.33249304017131,0.988047222068861
3684,1.31696801023407,1.04525275518423
3685,1.30806171312887,1.00062286279721
3686,1.28243468279878,0.9941719202984
3687,1.31471876065233,1.04622616297412
3688,1.27966062621689,0.978439906269419
3689,1.34355694657588,1.08134839418158
3690,1.32963726618001,1.04043312951267
3691,1.31778018182449,1.0164061872959
3692,1.30043713951914,0.983677782376077
3693,1.31590690485522,0.995463526364846
3694,1.32220892251447,1.01174277645612
3695,1.30315378413933,0.997513764945876
3696,1.33347959146768,1.01367205522961
3697,1.30447761490621,0.982127893255743
3698,1.33730340723883,1.03053026838188
3699,1.30734391073551,1.0235858299563
3700,1.33824945469234,1.03663180014828
3701,1.29735414295722,1.00162075011172
3702,1.28025298144412,0.977016963104186
3703,1.30195718871217,0.984240126616627
3704,1.30570858456102,1.01991300403058
3705,1.34004009888488,1.02364953756347
3706,1.32334647086654,0.971863737520327
3707,1.28942908451039,0.967914396138287
3708,1.32293650710966,0.976695787497291
3709,1.31610877856493,1.01403217391665
3710,1.2998468024318,1.01872625318805
3711,1.33609884711181,1.01243247769104
3712,1.33443820558815,1.10649332589642
3713,1.35507479347344,1.04515529244884
3714,1.35191226307651,1.09940727110432
3715,1.31908846491678,0.987462073723293
3716,1.32778833954534,1.00403151068906
3717,1.30326627285303,0.993589502005431
3718,1.32507803682486,1.00889444656096
3719,1.35695370972007,1.08830069675332
3720,1.35637433707325,1.07661192850862
3721,1.33729230955876,1.05027757010171
3722,1.35828914767312,1.08044229001373
3723,1.31066294448404,0.992654450878648
3724,1.29925532133553,1.00031229888814
3725,1.32920832612863,1.00545590201955
3726,1.30609915285711,0.996131343704262
3727,1.34069335436776,1.04231089399851
3728,1.3281318808505,0.98196638834651
3729,1.33728809842833,1.03877361982894
3730,1.3257883309288,1.019308966803
3731,1.32228573120176,1.01160813998067
3732,1.29873316676427,1.02788433667274
3733,1.32750142918467,1.01494994570066
3734,1.34499451340756,1.0289040350794
3735,1.32314324110276,1.00817641719199
3736,1.28933837532351,0.97569594730134
3737,1.31484690151008,1.03998994708021
3738,1.3470139149376,1.05135998896826
3739,1.30241814234272,0.996773668776108
3740,1.30237449837811,0.989662166484994
3741,1.31471492918167,1.02122318524868
3742,1.30247450841827,1.03638806307143
3743,1.35704091715174,1.06231954413269
3744,1.29882199359655,0.968118692462614
3745,1.32215413404968,0.994988056739387
3746,1.30752043185803,0.991694584532382
3747,1.31844804779891,1.05952240418257
3748,1.32349845290066,1.02896137403434
3749,1.3603464511547,1.03648073532299
3750,1.33044379023064,1.04960620938769
3751,1.35080774437106,1.06576546131936
3752,1.31314545541524,1.02148910922857
3753,1.33226453628908,1.00037495418959
3754,1.32513893813863,1.01812459464265
3755,1.29910020886357,0.978599724836343
3756,1.34156087669106,1.07241296287705
3757,1.3059012512293,1.02939233313726
3758,1.3167110450313,1.02875815388891
3759,1.33201796248019,1.04467305850176
3760,1.33290786312619,1.04682717773528
3761,1.30743708281128,1.04407853492459
3762,1.29132744053077,0.948705378442548
3763,1.31173155668336,1.03220645066189
3764,1.34982936347031,1.02701584355497
3765,1.35675901820252,1.0771893923416
3766,1.31581925064386,1.02944094939753
3767,1.318609859456,1.01505003498835
3768,1.30037726008715,0.995271569753018
3769,1.33892082864462,1.0717407594355
3770,1.36758752575767,1.03927769038859
3771,1.31452496393038,1.02909826249383
3772,1.29493897523497,0.988894771270307
3773,1.32910299803541,1.08390281387276
3774,1.30367397487902,1.01129753671349
3775,1.3118409538827,0.985120503582085
3776,1.34039723614487,1.06680707194991
3777,1.35357255228762,1.02717276229904
3778,1.30734174560255,1.01013384769348
3779,1.34101866920594,1.06767016187759
3780,1.3373915307279,0.98652401927085
3781,1.35607076593341,1.04153718628991
3782,1.30902038738244,1.02819040062002
3783,1.35207557283119,1.11076841848707
3784,1.29144904641873,0.993576418910352
3785,1.33568682911099,1.01700882552792
3786,1.30190467609607,1.00672311013259
3787,1.32393228757454,1.08041467749333
3788,1.30523480627287,0.977250566750137
3789,1.33948231841273,1.0852432654617
3790,1.32329975698263,1.04491434874496
3791,1.30048918679201,1.00654573279019
3792,1.28475338141609,0.966694425096406
3793,1.31262787635808,1.01908140023883
3794,1.32881788140934,1.02789533839222
3795,1.34911695976065,1.07307715057184
3796,1.36456391427968,1.05513473276683
3797,1.29220959067173,0.962750302457437
3798,1.30917595841802,1.02808158319522
3799,1.35885316703202,1.05208893445092
3800,1.30895924024916,1.0255486970429
3801,1.31692807101378,1.02291009933209
3802,1.30914892800956,1.00799213501828
3803,1.31214926090119,0.972516570901532
3804,1.31552696323107,1.03862948866719
3805,1.3227427861418,0.95879722996686
3806,1.31742243236817,1.0343710770205
3807,1.32447250133271,1.02382222373499
3808,1.31142137312317,1.02965442748958
3809,1.30264358635891,0.936277333487962
3810,1.31126678125139,1.00165633441726
3811,1.29598984913226,0.963141621115973
3812,1.33741742736275,1.05842994570545
3813,1.32612679740382,0.995420558361993
3814,1.34006821523697,1.06233000532982
3815,1.30000426120914,0.998671963856507
3816,1.35042102426448,1.03878867581728
3817,1.3081981435122,1.01625156324217
3818,1.32495296257429,0.996485370010786
3819,1.32889097930666,1.03720915714779
3820,1.32310529386286,1.0553944772668
3821,1.32038678225628,0.993299863028802
3822,1.36517587439949,1.0737618390297
3823,1.33613807701335,1.06929927139752
3824,1.34456204858835,1.09249547641428
3825,1.32818634671897,1.03644133655305
3826,1.33074713332923,1.01395720539399
3827,1.3312924430558,1.04633385726995
3828,1.34433536201395,1.06550186805987
3829,1.34141707006775,1.01347026313716
3830,1.3573221792066,1.05520475317156
3831,1.31936002252122,1.079161257116
3832,1.31779821629714,1.03633146116856
3833,1.32000102047769,1.0169654226137
3834,1.32209330295747,0.990281487674243
3835,1.33656852209647,0.97128811405411
3836,1.31827586462953,1.05370503512351
3837,1.34029539041297,1.05828040763903
3838,1.34741128489377,1.04763551163278
3839,1.34777898725903,1.04004256729774
3840,1.37089702498927,1.10000968401793
3841,1.32749300775197,1.02843786301624
3842,1.31155270089664,1.03308634651413
3843,1.32211828300153,1.05428452230271
3844,1.35354252932691,1.05010494682522
3845,1.31160671890223,1.04673529929985
3846,1.33928227712025,1.01830216777124
3847,1.32357701681333,1.00544647804508
3848,1.32676278964155,1.05359839600098
3849,1.3252329341702,0.973583821212101
3850,1.31202305455326,1.02726740628348
3851,1.35671462566288,1.09161482653842
3852,1.31666157244748,1.03590874461878
3853,1.30034205205353,0.987907139471394
3854,1.31117852769859,0.973258697599513
3855,1.29779641934879,0.97721148920022
3856,1.33176758183065,1.04592712455433
3857,1.31985064590258,1.001454943794
3858,1.30478429913011,1.02539246977976
3859,1.3466441968031,1.07069868930815
3860,1.33545438399614,1.02397746806783
3861,1.32048289445198,1.0244739904668
3862,1.31838974441364,0.994468279093753
3863,1.33241399539749,1.01432757751872
3864,1.34160280063487,1.0374325702352
3865,1.35796738349561,1.04940726176948
3866,1.33515187425001,1.03981887571602
3867,1.3416577945624,1.03566961688688
3868,1.31980834698613,1.01435694339116
3869,1.320021475261,1.00222941725873
3870,1.31734625967746,1.06087941075736
3871,1.34463848966583,1.05701591947089
3872,1.32399912686785,0.977128190007822
3873,1.36307325952852,1.10114722947936
3874,1.32084099624074,1.00722548405405
3875,1.30507961471221,1.04407984693382
3876,1.33637888566745,1.10089486731262
3877,1.37369332996716,1.09549601461141
3878,1.31332724405101,1.00535396026255
3879,1.33155904605416,1.06877515877679
3880,1.33880906408785,1.06053582156536
3881,1.30671622450327,1.00630158947231
3882,1.28154240764727,0.933523307218943
3883,1.35615662018651,1.10051398548545
3884,1.3111866975474,1.02594760348119
3885,1.33701981318145,1.08756340398201
3886,1.32028625544118,1.03164586204151
3887,1.35921567061711,1.07921859845597
3888,1.38571168729033,1.09010138830562
3889,1.37993597154097,1.10338779350545
3890,1.35440048708807,1.0406700784708
3891,1.34317219270345,1.00554027110198
3892,1.31025907582669,0.98150429170366
3893,1.32695760641394,1.08983325784472
3894,1.32843059454093,1.01110670821583
3895,1.32940932998405,0.96705245754562
3896,1.35065067095457,1.02913329396228
3897,1.36421321122544,1.06802237070203
3898,1.31969033394696,0.987660780806965
3899,1.2901615233773,0.980618574898867
3900,1.31631319021525,1.01258290791133
3901,1.34829160783781,1.06415648044184
3902,1.3263102690541,1.04048155897837
3903,1.29309494532467,0.972907907634192
3904,1.3140105043486,0.987753041687186
3905,1.32144417090412,0.996646741942348
3906,1.31177992768635,0.983319495358179
3907,1.31192837810103,1.00662799285112
3908,1.33242940010515,1.02147434831373
3909,1.33361680932522,1.03290665610008
3910,1.31730643554462,1.11042983868536
3911,1.29481008721848,0.976813736751886
3912,1.34521995505167,1.02984671192752
3913,1.32763382462916,1.07924131248942
3914,1.35809773015209,1.08893270633548
3915,1.28023299437922,0.959186635685959
3916,1.32843869841543,1.05760650968374
3917,1.30161690973421,0.960658639617538
3918,1.33473943099349,1.02454833487841
3919,1.31113594151363,1.02279043407103
3920,1.31407667959866,1.0360656422604
3921,1.33038765309716,1.02591351434606
3922,1.33097706850946,1.04904391087222
3923,1.33906825818355,1.04365612570105
3924,1.32685600915411,1.05048023749854
3925,1.34095781983355,1.05178790255751
3926,1.34403484775004,1.03713277135306
3927,1.29806668924894,1.04221825553339
3928,1.3467113320999,1.07749266141353
3929,1.33506744692693,1.04883344077964
3930,1.32132554784686,1.00031125965361
3931,1.33704092219694,1.01864901212371
3932,1.32169243783795,0.996488345000442
3933,1.34011549158096,1.06948670151843
3934,1.31660298319288,1.01555771653613
3935,1.29890880526955,0.988422875661994
3936,1.34722943525828,1.035825411023
3937,1.30141360739464,1.01665916264311
3938,1.32681050446967,1.02288126247192
3939,1.31080676168086,0.986257467247948
3940,1.37378874482438,1.06400836449289
3941,1.34234443194447,1.0348099460507
3942,1.32020093978009,1.08015073319316
3943,1.26696303416598,0.944076422259833
3944,1.31429583316323,1.03048758957991
3945,1.32711427305741,0.971658628765895
3946,1.31179730590781,1.0357053021034
3947,1.36706617556888,1.06588461356537
3948,1.33757103259991,1.05369717502121
3949,1.28794378560962,1.00098238857562
3950,1.33767165695872,1.08288699714842
3951,1.35433075176228,1.06357746110546
3952,1.31463297350685,1.00153473080009
3953,1.33503685399016,0.994806446828927
3954,1.34253619913122,1.03841954995713
3955,1.35589036674542,1.06971334390747
3956,1.3357893461265,1.05700517659151
3957,1.32088604050995,1.00440864539403
3958,1.31540335697287,1.02065626925576
3959,1.36677346845653,1.1134900449981
3960,1.33923009085473,1.0904371645667
3961,1.32409095213694,1.01012772693104
3962,1.34012669617816,1.04693512736998
3963,1.32820077612718,1.05152212214973
3964,1.32235783180058,1.01960104235405
3965,1.313840691908,0.973585344203305
3966,1.34997497052251,1.07640545012093
3967,1.32806428765704,1.02729041482212
3968,1.27236889761108,0.91254463376046
3969,1.34920220976954,1.04175356002825
3970,1.31719314172562,0.993093089559049
3971,1.31260479212596,1.04478143890203
3972,1.31353477821459,0.992570690175808
3973,1.34491885965166,1.0202450457974
3974,1.29264351680423,0.979649417194137
3975,1.33911315348671,1.02546059159751
3976,1.28335886038592,0.956621455354368
3977,1.31904748111606,1.00584399922628
3978,1.33563104728271,0.971622316958513
3979,1.29940144706191,1.03452312004473
3980,1.33743638938377,1.06897812229142
3981,1.33990856535931,1.02455571759738
3982,1.34419760401603,1.07678888718188
3983,1.30678950216006,0.970325627432718
3984,1.38397873159737,1.1238469680272
3985,1.34174806183641,1.05468406372834
3986,1.35684409850038,1.11492494743723
3987,1.32182484954295,0.999357862395427
3988,1.36500759768041,1.07083824146709
3989,1.32420128467726,0.996538126712716
3990,1.33352001206897,1.04374953427724
3991,1.3477228063257,1.04326507529115
3992,1.32649601292067,1.04209910853632
3993,1.32480545319081,1.0631420070663
3994,1.31331108028244,0.988432052132751
3995,1.31750209117425,1.08103686741705
3996,1.30874904636611,0.998186155391392
3997,1.36746483168247,1.03122042734373
3998,1.31990588248923,1.00872511214873
3999,1.31585678469649,0.980000440180412
4000,1.31381862497223,1.02379741468766
4001,1.33762760471316,1.03543845702289
4002,1.30321800137286,1.01527163103826
4003,1.33415480753336,1.05867632433178
4004,1.30828131251024,0.985665070022482
4005,1.29991840720792,0.968978426043735
4006,1.32167270662579,1.0117349926579
4007,1.32301731506064,1.0227223871959
4008,1.34859217529439,1.08960432028767
4009,1.29964052696372,0.996473142563493
4010,1.31938846162246,0.983645070633687
4011,1.33156518781751,1.04511313948287
4012,1.31406934082989,1.00443953401551
4013,1.3283066543485,1.01525982254819
4014,1.33993674032036,1.05169955913225
4015,1.31721205019718,1.03736761911892
4016,1.36140783290601,1.05257211595403
4017,1.28073092744147,0.979751481247334
4018,1.30947479650509,0.990050684418058
4019,1.33340864305072,1.0302107097922
4020,1.3169745453558,1.05399040638699
4021,1.3625698297078,1.03564635838774
4022,1.31787083148873,1.00429144187347
4023,1.3198022448987,1.02096898330952
4024,1.29642106637983,0.978569657780224
4025,1.32381710303444,1.0457078777286
4026,1.31170336602213,1.00268105620413
4027,1.35754409489051,1.1215389491896
4028,1.31706157274997,1.0412839730269
4029,1.30988230903159,1.07560718701192
4030,1.3172495656388,1.04490991409192
4031,1.32332615034261,1.06752412250825
4032,1.3577653037538,1.0913502814792
4033,1.32609247680225,1.03738268828157
4034,1.32245109449517,1.00922209077549
4035,1.32486083498679,1.00588573009831
4036,1.34948682493044,1.04639628817645
4037,1.31463019898923,1.04097674017837
4038,1.35711188503921,1.04283030680754
4039,1.34103909079939,1.01776327809752
4040,1.33110598644231,1.07602035363126
4041,1.33280659512997,1.07868121338715
4042,1.33831892985241,1.04883974369317
4043,1.32271372227646,1.02199921233231
4044,1.32196176451728,0.97701170687781
4045,1.33724634600716,1.03703600547407
4046,1.3095624712008,1.02259441072726
4047,1.37184840312744,1.08963737574827
4048,1.32159919474047,1.03155321189814
4049,1.29447669493728,0.962090448514698
4050,1.31487355601766,1.00441846886992
4051,1.32041572334036,1.03829674902149
4052,1.36189060721197,1.08702619942597
4053,1.33879187471051,1.00206507144451
4054,1.29765113899435,0.971632986473064
4055,1.34924716038937,1.06194359875796
4056,1.28994430944725,1.01235682141407
4057,1.34640390336502,1.03383581248433
4058,1.32500027015544,1.00833834671629
4059,1.2887844231015,0.9551246697292
4060,1.30685059404644,1.0283453861402
4061,1.30598066985926,1.0418408144059
4062,1.34117298499331,1.07229288456981
4063,1.32660969776924,0.993215856194522
4064,1.33220384002044,1.06400606494217
4065,1.32808294046069,1.03232800846601
4066,1.33198358149624,1.07547692440479
4067,1.33168820462053,1.0308485691837
4068,1.35809050558772,1.08587708495622
4069,1.3313799903581,1.0168737902514
4070,1.29594550271813,0.982879741968602
4071,1.34401474011655,1.03395220359889
4072,1.29035629341502,0.952272997203265
4073,1.32612374298537,1.01949649202577
4074,1.34884279249504,1.04801048017352
4075,1.30121162335935,0.94553306898405
4076,1.3233205404449,1.02816796414864
4077,1.31166820327171,1.02461575751577
4078,1.30292257348572,1.00842821974915
4079,1.32939998759391,1.05619034563043
4080,1.36565398329181,1.12924893023989
4081,1.30904406806575,1.00953992699191
4082,1.29780628902002,1.01692739931066
4083,1.33643217393148,1.0603048406634
4084,1.31478532546888,0.999498551414401
4085,1.29548172780887,0.991859538702835
4086,1.32340556996451,1.03062402372155
4087,1.31361639803176,1.08082087122669
4088,1.36560789106038,1.06276074127281
4089,1.34019249862184,1.08911928574137
4090,1.30309955470007,1.0016571125128
4091,1.30925005863624,0.99809421862353
4092,1.33653971837176,1.04433058174273
4093,1.26693894632706,0.945489777874597
4094,1.32303634142281,0.997984994800957
4095,1.35707906976921,1.1062043292673
4096,1.32332761257766,1.02001378456464
4097,1.34884345936808,1.07925768237473
4098,1.34473671396396,1.07000438888303
4099,1.34334887600396,1.0670005918585
4100,1.32371651348529,0.959504349872969
4101,1.30605488202914,1.01125100041122
4102,1.29859822265824,1.00781787594893
4103,1.30162005440951,0.96581933970728
4104,1.34075290421529,0.980405395903671
4105,1.32688526400747,1.04758040958333
4106,1.29166240135768,1.02114667481948
4107,1.30497827938191,0.974906912684569
4108,1.30780136329126,0.993305761633506
4109,1.33233860227043,1.028682548469
4110,1.33758499965797,1.02281632715766
4111,1.33163827916003,1.06720436859499
4112,1.33393057216009,1.01865328444244
4113,1.35265943703764,1.04316015163041
4114,1.35015232247544,1.04176150953854
4115,1.37714837202921,1.09537068208249
4116,1.33479935592119,1.04003350756712
4117,1.3132696986268,1.03973473595132
4118,1.31387107607075,0.97742223566938
4119,1.34043003541469,1.01116525754241
4120,1.33938817831127,1.08012594850748
4121,1.31517006708945,0.99013295574048
4122,1.33312939295904,0.970753873558368
4123,1.31335402507145,1.00204031307145
4124,1.29629481963084,0.966909163215064
4125,1.31247905051992,1.03889066436561
4126,1.29460563800449,0.981981597574937
4127,1.33726586169412,1.06408823347262
4128,1.31209072872439,0.953414614429921
4129,1.31987540696553,1.01857607001476
4130,1.32250984553966,1.00739566109287
4131,1.25279695306636,0.958684130608082
4132,1.28349204618141,0.958544846588925
4133,1.3151573997579,1.01039900939942
4134,1.3065102065127,1.03578531556954
4135,1.32429585942949,1.0298242787374
4136,1.31039945440313,0.996053032010853
4137,1.34459506329481,1.06341356049546
4138,1.34601573276359,1.05612549642531
4139,1.32498061787193,1.04813527032584
4140,1.34584532322136,1.04990943624802
4141,1.31423506394196,0.998423400012247
4142,1.31851842514459,1.04417221078765
4143,1.34543308478952,1.06777906374037
4144,1.34018318033666,1.0447620580921
4145,1.33712974172245,1.06528150236197
4146,1.35348471072337,1.02556192653751
4147,1.30432588530559,1.03567430878974
4148,1.32711338528723,0.953552490388502
4149,1.33357312940717,1.00400928040796
4150,1.36513170845805,1.05914500116336
4151,1.30184531892774,1.02508474488367
4152,1.30009967866367,0.919897622710873
4153,1.32066513931309,1.02983926983638
4154,1.30152800039731,0.98480412188029
4155,1.33201453562743,1.02290358723858
4156,1.34128320347003,0.999536430638207
4157,1.29936910559455,0.970531935442374
4158,1.35307460426909,1.09244908896975
4159,1.33796857768257,0.999495447036961
4160,1.32383664819585,1.02771049491554
4161,1.32969356807423,1.04124625702203
4162,1.32802835912698,1.00414947590717
4163,1.31432894286299,0.937324779170795
4164,1.32675298136348,1.04492940446834
4165,1.3059372091196,0.980877639443438
4166,1.30486525610612,0.989530619858061
4167,1.32967282611762,1.02747693725455
4168,1.33530475075614,1.01862826766591
4169,1.3459311799108,1.03007371753831
4170,1.33127530052637,0.995909902743585
4171,1.3371496255338,1.06431728056741
4172,1.31511745527878,1.01746526786377
4173,1.27222198747337,0.943426133205716
4174,1.33027579603046,1.03323266967146
4175,1.32283525249569,1.0196464871138
4176,1.32851376481709,1.03435623858083
4177,1.32840573260544,1.00037430350518
4178,1.33380143779992,1.05972117968655
4179,1.308471181271,0.985720180678402
4180,1.31086561505654,1.0093783074536
4181,1.32742502875345,1.02850828197431
4182,1.30571570599782,0.994896607921801
4183,1.33785716529082,1.06306196318413
4184,1.32420725706662,0.995142143483662
4185,1.3047370751946,0.998948482744791
4186,1.29633239356183,0.917410885901481
4187,1.32658517270815,0.980824734206418
4188,1.32931296203869,1.05949666546622
4189,1.31298622358656,1.01546797060894
4190,1.31684218942657,0.996539468209683
4191,1.3549766016704,1.08317468153799
4192,1.2777259683479,0.992330056962181
4193,1.29184929631741,1.00668729933903
4194,1.30480498114655,1.00795002115473
4195,1.31488957048056,0.995057846010483
4196,1.3300268781836,1.03070553250906
4197,1.33856724165808,1.07738625231232
4198,1.31504191190379,1.06559826211723
4199,1.33717853379084,1.08130635334887
4200,1.3433530826122,1.0606739390429
4201,1.31087708480756,1.00690115775388
4202,1.36651954793076,1.08612491482088
4203,1.32111978467604,0.969753496523642
4204,1.30342355912406,1.04010048004079
4205,1.3178828067293,1.01145420843629
4206,1.31946647627338,1.01598491232877
4207,1.3189195935738,1.01049059310192
4208,1.32366112188017,0.995912139384627
4209,1.34473484262573,1.06888422329818
4210,1.34960511041229,1.05300405253676
4211,1.32275665839094,0.97924622380616
4212,1.38777592978498,1.09893434322867
4213,1.31134184053276,1.00640713842107
4214,1.36221672808007,1.00410327424824
4215,1.32071867305404,1.01782613705375
4216,1.32298081914224,1.03451015417923
4217,1.29708325856623,0.968783933709495
4218,1.34603011232314,1.07680961355364
4219,1.35431180705322,1.04783956774951
4220,1.33858134790982,1.07602910618391
4221,1.33404117856083,1.03464984366925
4222,1.32404925580192,1.02774407969658
4223,1.33014758085343,1.0174260645753
4224,1.31612099704936,1.03463778177072
4225,1.34301797838947,1.03650115575595
4226,1.33379216592335,1.10752768001943
4227,1.34685634310649,1.09307003047265
4228,1.30526448157729,0.993243618640018
4229,1.35025263580377,1.04807449282028
4230,1.34046875195829,1.0449063066761
4231,1.33030049589861,1.03530413690696
4232,1.3257108782386,1.02377039906328
4233,1.32368649146642,1.0387088858581
4234,1.3461604379568,1.09092472437323
4235,1.31354917822189,1.01234537935482
4236,1.33458575353011,1.03450440474708
4237,1.33391227020152,1.01528636074463
4238,1.33853328457486,1.04012553496857
4239,1.30668127661559,1.00227589087365
4240,1.31400664440862,1.03081346247802
4241,1.34463685884909,1.01432410415693
4242,1.35773987820543,1.06375375977221
4243,1.30029664976506,1.01921307209018
4244,1.3762865917145,1.09044656072408
4245,1.35227254610738,1.09460717612992
4246,1.33993410784016,1.02000528022339
4247,1.32818693730933,1.07393579993029
4248,1.31289820822699,1.01283124235233
4249,1.34086754433436,1.03837988850677
4250,1.2752393875054,0.939914221879149
4251,1.31812296817659,1.04991385310086
4252,1.30267239161443,1.04936531776136
4253,1.30909052274478,1.02625602143543
4254,1.32053703745316,1.02057102762841
4255,1.32155758009393,1.05141540003036
4256,1.32049614744989,1.052040044878
4257,1.35095864244193,1.06414501670358
4258,1.31138261629718,1.02041007970335
4259,1.34434636017403,1.03436060084259
4260,1.33903248769091,1.10315147179222
4261,1.29928688527101,0.900509517098936
4262,1.3229848736792,1.00307861629226
4263,1.31822609799412,0.995351758676321
4264,1.31536329386642,1.00323231542826
4265,1.344775496823,1.04899058052268
4266,1.32613453413947,1.04178002498439
4267,1.35159293223677,1.06430827066273
4268,1.33044965149258,1.00504319729981
4269,1.32662117379385,1.00079938065681
4270,1.32765431819296,1.04343047136892
4271,1.33182216781366,1.03879430091027
4272,1.30869719409783,0.976222767910062
4273,1.30340791737836,0.947852122146286
4274,1.32011771431303,1.038937455199
4275,1.33765693077153,1.01778029736209
4276,1.32609808330674,1.00392212752828
4277,1.31219347947577,0.943676551024444
4278,1.3217039235676,1.08160781619978
4279,1.3316287002602,1.02704437423054
4280,1.30501130944364,1.0335223344571
4281,1.33305205640334,1.05243490679175
4282,1.31610764264758,1.00634970832769
4283,1.33740089527775,0.953603244388843
4284,1.26788834916281,0.909195018508104
4285,1.26250055262409,0.985675199394659
4286,1.32933644670494,0.991848135123075
4287,1.29955557716634,0.99406825994155
4288,1.31277082088634,1.00497410869325
4289,1.35086071446577,1.07533852364038
4290,1.29092328786906,0.96657957014958
4291,1.33487702264453,1.07754180590702
4292,1.34653557743929,1.08080801800109
4293,1.3556881950007,1.03625285220849
4294,1.34084580911739,1.05718796279854
4295,1.32734377365778,1.0467076584276
4296,1.31561468755578,1.02800141091345
4297,1.29387157569916,1.01133835571841
4298,1.35312242192277,1.06619170171706
4299,1.33787027096629,1.07319649277943
4300,1.35764072528759,1.08182450824372
4301,1.29211351543005,0.977437986804977
4302,1.32836647914299,0.970380614244959
4303,1.32221984536934,1.02334787771588
4304,1.33331146557229,1.06100435827379
4305,1.34225769892718,1.02471455993694
4306,1.35694240985117,1.06867015184681
4307,1.29599600972812,0.936345546354564
4308,1.32619578135307,1.02839867905705
4309,1.31499432154365,1.0151518915634
4310,1.29414667533995,1.03117580577372
4311,1.34572354039997,1.05852124829899
4312,1.30597703169778,0.972006853460304
4313,1.29792657107199,0.954346211294929
4314,1.34358649377553,1.09186143333862
4315,1.3253812781433,0.99051286335521
4316,1.32918104142993,1.04480609142498
4317,1.36895745501622,1.07690240431985
4318,1.33812086606135,1.06401116780289
4319,1.32017508334312,1.01251263265914
4320,1.35844595705255,1.08096001169022
4321,1.33334039830487,1.02407923057862
4322,1.35258285313932,1.08521506644335
4323,1.34097047687712,1.0171887989351
4324,1.31379014014569,0.996521693918047
4325,1.33812117733447,1.062196256965
4326,1.31098539022534,1.00320641539597
4327,1.33310557543911,0.987614267789527
4328,1.34379141222779,1.04898068562133
4329,1.30368039989453,0.966444531720275
4330,1.31696582958384,0.973209367978838
4331,1.31735513993166,1.03342439789732
4332,1.29519613599339,1.01263700571993
4333,1.34002978109468,1.0413439140783
4334,1.33496217627213,1.00581677736588
4335,1.33453134759062,1.03073699753023
4336,1.31992910509438,0.995529678568397
4337,1.316089448337,0.989786249706577
4338,1.33866881421,1.06896483508345
4339,1.33696276753209,1.01877931006771
4340,1.32461670208141,1.00741568422057
4341,1.29614486619819,0.958801565320832
4342,1.30989311925171,1.03420727984511
4343,1.32146762104841,1.01844178150962
4344,1.31557129042851,1.04444924105138
4345,1.31252121253888,1.03950237138372
4346,1.34018296175328,1.07512548047409
4347,1.35930387923429,1.08191138615425
4348,1.29218143051399,1.02177402862514
4349,1.31092514472902,0.959125986077033
4350,1.29627154289837,0.968596256546005
4351,1.3119173022826,0.992470969636381
4352,1.29649822613014,1.02816695473928
4353,1.32884337078687,1.00609143742505
4354,1.36041078337198,1.05871601910431
4355,1.3339265901146,1.04780993033656
4356,1.31559047098382,0.994963839399694
4357,1.29989921003819,1.01892968713435
4358,1.28369493214088,0.97016671100862
4359,1.31743300939097,1.02578658997226
4360,1.31784820943628,1.06765667317693
4361,1.31848342284855,1.03775720385891
4362,1.37003687605525,1.0629044671421
4363,1.30633622297811,1.02252359641971
4364,1.26898835180067,0.933924455301781
4365,1.31507292083184,0.999443141598566
4366,1.34538857240801,1.07061101826944
4367,1.3140357551144,1.01898182990547
4368,1.31537883645792,1.02545932250825
4369,1.33190513673846,0.997802158015221
4370,1.31091588373423,1.01951025647762
4371,1.32886677527127,0.968587021049953
4372,1.32249014040187,1.03796315756763
4373,1.30907041164258,0.983850236321812
4374,1.33077111244183,1.0091576914445
4375,1.32487960016148,1.09868825253187
4376,1.31920469118057,1.0182964429532
4377,1.32449515857084,1.04151266975461
4378,1.32933315813653,0.995145224886372
4379,1.31242732482563,0.999855187915665
4380,1.3360461087924,1.03656818471247
4381,1.31775396370538,0.998090678407266
4382,1.30012973281851,0.989941841971427
4383,1.33732426347658,1.04313467679203
4384,1.33104795834535,1.04454713267199
4385,1.29962851126781,0.99172160901886
4386,1.34769226892553,1.04225422105115
4387,1.32505094291558,0.988954215218097
4388,1.32080781972112,1.05524744272035
4389,1.31476232751734,1.00021939610284
4390,1.34670662813185,1.09389284719834
4391,1.32677849711963,1.07787100140297
4392,1.36754096309845,1.0932732847158
4393,1.34119588655779,1.05450584998898
4394,1.30680720647525,0.969042994405746
4395,1.34495402610068,1.02512612568199
4396,1.32994386743056,1.03326018461201
4397,1.32598388298497,1.0320147229202
4398,1.30804743667443,1.00747942579012
4399,1.31903829868209,1.04062611967376
4400,1.30880467776869,0.9478185391755
4401,1.27898820134961,0.930649494469829
4402,1.28431776289259,0.986104386102482
4403,1.29894199644893,0.998875358168377
4404,1.31147060742128,1.04608678117439
4405,1.28913089657867,0.946301856548565
4406,1.32828231782318,1.01279784895599
4407,1.31786338443871,1.00428724806496
4408,1.34217132699781,1.06080958565694
4409,1.31000280660724,1.01157671017645
4410,1.35595521859869,1.10187854356861
4411,1.3258022606606,1.06752771848232
4412,1.30330545131722,0.993348925190767
4413,1.34962006156307,1.07489385607714
4414,1.26879855444411,1.02169339064824
4415,1.3296986957137,1.03513235570141
4416,1.31621568563405,1.05582045230762
4417,1.34547867375167,1.02067718730967
4418,1.30044337954558,1.03461738555298
4419,1.3192548427961,1.02247214600746
4420,1.32228054153342,1.06434455660493
4421,1.33512981365268,1.04152025721527
4422,1.34078779360417,1.05558379066817
4423,1.32961452508035,1.00643645908803
4424,1.34513529948866,1.04607903070144
4425,1.31873828428439,0.968909436917209
4426,1.31530000286022,1.03125052345609
4427,1.33753240686436,1.06028033871461
4428,1.33248308714488,1.03121512579582
4429,1.30392900400119,0.978624779167254
4430,1.34064750520082,1.03798962043354
4431,1.31493936147982,1.04760981255003
4432,1.31659087658923,1.0280495229661
4433,1.33572989487039,1.06873113594768
4434,1.3089799098006,1.00190465915993
4435,1.34374078590532,1.06455824530769
4436,1.33675383602741,1.0269246022693
4437,1.32791683738812,1.00578344572976
4438,1.33260974560596,1.03435537564132
4439,1.3430158971178,1.11306172086267
4440,1.34508230485842,1.06898594781165
4441,1.28517250540544,0.988751411356798
4442,1.33955604987514,1.01316185797897
4443,1.33243996441261,1.07110944765524
4444,1.33991623087248,1.03034837501684
4445,1.33705183982594,1.06843220262829
4446,1.30776806350685,0.975423850556092
4447,1.34689927579641,1.06720930440182
4448,1.28974495847835,0.996388116988061
4449,1.3389818108405,1.03904355409534
4450,1.31254833100562,1.05212923965421
4451,1.32622728052474,1.02147911519252
4452,1.33310242663085,1.05628488208386
4453,1.29749327790621,0.96165670322813
4454,1.31939511050075,1.07934015785819
4455,1.30173767453873,0.970282811369768
4456,1.30520021600378,1.01310158362713
4457,1.31628554812236,1.00251661608502
4458,1.35553603220744,1.08871678074151
4459,1.32376824726177,0.950186040974254
4460,1.31146022469723,0.967787026579926
4461,1.33748572143048,1.05822882952753
4462,1.34388433470943,1.02909135548066
4463,1.33961892407329,1.03821055056602
4464,1.33228965189723,0.982543072723224
4465,1.34245633921906,1.08461311436009
4466,1.38025166320011,1.10016441943232
4467,1.3317732368331,1.03177710092421
4468,1.28822487567409,1.00489339131203
4469,1.33249292265725,1.0233284048651
4470,1.32407198958883,1.01151310103113
4471,1.31434880901559,1.00312698620941
4472,1.32118011832327,1.01304232763811
4473,1.31853891073192,1.0657769609127
4474,1.35245728289255,1.04386502622934
4475,1.32593043797961,1.04257169034076
4476,1.33204065448352,1.11838908157334
4477,1.33294878200194,1.01821836202807
4478,1.31019875260715,0.982261256218063
4479,1.33364404529604,1.05771588231494
4480,1.30945696840318,0.965344026719934
4481,1.32783601370093,1.00005971296013
4482,1.33850134254567,1.05489385176652
4483,1.31432554035299,1.00670463893935
4484,1.35135693004567,1.05633104839974
4485,1.32079592306606,0.970152989275368
4486,1.32317265413746,0.995219160641335
4487,1.34490912209995,1.04116601924001
4488,1.34156911197377,1.03630558842688
4489,1.30666556801399,1.00264968640975
4490,1.34056760541813,1.03161768419691
4491,1.33550906351718,1.03917396471122
4492,1.33025354204756,1.00721029079425
4493,1.3162172201081,1.03845785121959
4494,1.31471024465942,1.03667881844443
4495,1.32118676173946,1.00833826980075
4496,1.31134858007172,1.01050989470132
4497,1.30380691839737,1.00217545088746
4498,1.36937314331997,1.13352938231989
4499,1.31556268775229,1.01873776533431
4500,1.37638899190343,1.09871850607884
4501,1.32447692557519,1.05861500944602
4502,1.34077643384542,1.06309378673173
4503,1.29325242700582,0.977734740571286
4504,1.32897271278433,1.06225417588419
4505,1.34249351632688,1.05395227508009
4506,1.32979516569297,1.03417774267953
4507,1.33652041816675,1.04828927374698
4508,1.30510618638701,0.995855044906141
4509,1.33303088673448,1.03105597118635
4510,1.36334294214009,1.07884060187132
4511,1.298135821063,1.01176550478968
4512,1.32358774420209,0.993015207069192
4513,1.36098149132663,1.06305189980433
4514,1.28500680978868,0.896439287117464
4515,1.30470067400592,0.985943624113326
4516,1.30471786446088,1.01736749234941
4517,1.2962309429503,0.962762193693844
4518,1.33781600686317,1.04895356084634
4519,1.32491082212029,0.986702007274964
4520,1.35744939270163,1.06016001621285
4521,1.32689115297444,1.05514201223445
4522,1.32934802978732,1.01205051017822
4523,1.29698694086061,0.986748394538087
4524,1.30467607287564,0.980697556178749
4525,1.32580295727054,1.05436759991832
4526,1.31054898780358,1.01874896057286
4527,1.32022952288843,1.03088157754465
4528,1.33756792480549,1.05987281646935
4529,1.34121216385382,1.04269836168329
4530,1.29257418464566,0.970816727422314
4531,1.3384903734959,1.06343003988437
4532,1.3205323497236,1.00539884962028
4533,1.2860788108824,0.983082448961341
4534,1.32085786580611,0.995931367691956
4535,1.3272061917907,1.04272395591424
4536,1.34273971249272,1.04692775793343
4537,1.30864835455152,1.0123022013796
4538,1.32355415856817,0.998409274727071
4539,1.32066886790532,1.03915796346927
4540,1.30316934163199,0.980903405341631
4541,1.35772425132802,1.06565030106778
4542,1.3424886604263,1.09915227860066
4543,1.30961876704198,0.986297184531892
4544,1.30081281392888,0.957191183401322
4545,1.34000637237283,1.07102154631149
4546,1.33168137458121,1.07531603135161
4547,1.2970616911722,0.98232170209075
4548,1.31744048190758,1.03164955349359
4549,1.33263438559921,1.04431267422793
4550,1.33170056297491,0.964913661409935
4551,1.309548459256,0.990166253421035
4552,1.29975178887382,1.02597466738171
4553,1.30373934751982,0.983940201026517
4554,1.32847499150284,1.01491633510076
4555,1.29070011291773,0.977062307761365
4556,1.29832157991418,0.991510035630692
4557,1.3379020463462,1.0460904117472
4558,1.28245293322944,0.947564399397289
4559,1.3262955196228,1.03333594588808
4560,1.29045061404902,0.981024394148652
4561,1.32246369093097,1.01698946744322
4562,1.2872793208999,0.943510269592046
4563,1.31425956434428,1.01797620767232
4564,1.31300959818189,1.02844091301319
4565,1.31248951869301,1.00410723330464
4566,1.31828763082858,1.00914599067528
4567,1.30192328812382,0.959731713543342
4568,1.31710711882899,1.03296446451953
4569,1.34196502642366,1.08627993470621
4570,1.3067688633527,0.990478927217866
4571,1.31527980753931,1.05597720919492
4572,1.3188132526658,1.06992137002058
4573,1.33883920254782,1.02061568542145
4574,1.35230400643152,1.05822182048042
4575,1.30951860801291,1.03775139865673
4576,1.34367597548362,1.05436413767996
4577,1.35058775786964,1.11044884180816
4578,1.28744675410995,0.956455495407815
4579,1.32639719241359,1.07668267049369
4580,1.31261282389249,1.04474824029932
4581,1.33688132646024,0.996551651827026
4582,1.28779085762112,0.939652806716506
4583,1.29956913196368,0.995979187078449
4584,1.30487120651255,1.00259633535716
4585,1.32667371030801,1.02052320722334
4586,1.32146058183634,0.992570226173493
4587,1.32585453396842,1.02420886998426
4588,1.3352738347375,1.04270811867195
4589,1.30233668796673,0.991462146991431
4590,1.32440563479539,1.02300694073848
4591,1.3113941667858,1.03024463916404
4592,1.33914920736224,1.02838154874478
4593,1.28456820087154,0.960682986919925
4594,1.3064862758751,0.996404878288481
4595,1.28851012878857,1.00032269191636
4596,1.29383371297528,0.972446596663613
4597,1.31850083942375,1.01141309680179
4598,1.32648730240944,1.02879166364918
4599,1.3415118920761,1.04189283712059
4600,1.33011971386599,1.06322370020492
4601,1.33787402871768,1.04041097224847
4602,1.32160432458928,0.994544736403665
4603,1.31525896111329,1.0216085504802
4604,1.30254559084085,0.998171274539032
4605,1.316972882139,1.00094696403484
4606,1.33158017115491,1.03365053982289
4607,1.311034000695,1.05988476492378
4608,1.33321944522943,1.02729190371159
4609,1.32993856300467,1.05405509897893
4610,1.33896129869625,1.05372333912492
4611,1.30810412259096,0.978753657300039
4612,1.30887598918734,0.971949310695047
4613,1.28758329529581,0.959686005088604
4614,1.31805906729967,0.972736113086549
4615,1.36330706898853,1.06363914806844
4616,1.3152187873763,0.98484054557123
4617,1.2908121481657,0.950753791802318
4618,1.351695428056,1.07303157481683
4619,1.32338089752303,0.996791952604233
4620,1.31598595926604,1.0245822053869
4621,1.35620740168031,1.07856691690425
4622,1.32514772718923,1.01315333369309
4623,1.35554435783303,1.11917684067802
4624,1.31616979190979,1.03318937514749
4625,1.31058050086946,0.999679780517867
4626,1.31987938742038,0.980334198373354
4627,1.34420820079704,0.972351452040074
4628,1.29684171721028,1.00047952411682
4629,1.31666815460982,0.970697587298861
4630,1.36722598189719,1.07906309288693
4631,1.27773305180658,0.94782629014067
4632,1.30548465855639,0.987278286569882
4633,1.33132113613149,1.01677502071374
4634,1.3229311121396,1.05839579054577
4635,1.30246970570122,0.997990305290054
4636,1.30605151908232,0.984188668469675
4637,1.29776301152406,0.967330019259826
4638,1.28068120934004,0.998280753355053
4639,1.30522019378786,1.02436822779488
4640,1.32913562556985,1.09651626446119
4641,1.37564937387995,1.09498244040469
4642,1.31499990000148,0.999021740020705
4643,1.27658058860332,0.964336800544512
4644,1.30854719389664,0.991023924896946
4645,1.31578444904583,1.03223891911861
4646,1.34671353076268,1.09497089601627
4647,1.32566450618903,1.08554873907779
4648,1.3546529251467,1.03700367483296
4649,1.31039194807585,0.99176541460698
4650,1.3152508264255,1.07317983881232
4651,1.36004403406231,1.02324617134697
4652,1.33652397046643,1.05754012400773
4653,1.31700942947619,0.982097753262576
4654,1.30425714428402,1.01931330555432
4655,1.29203079396843,0.979816725849973
4656,1.31066834186613,0.986538082036995
4657,1.3175775766603,0.991784550194863
4658,1.33087162458497,1.07680727170248
4659,1.34883888036309,1.08894356029049
4660,1.34286132282456,1.04196280046173
4661,1.32430152936548,1.06695258654659
4662,1.33190294330886,1.02966148899337
4663,1.32552328014519,0.991035149382646
4664,1.28471255508741,0.988218396745885
4665,1.32578979327358,1.01293659485036
4666,1.38913733490418,1.13858955638258
4667,1.30607385174281,0.982164039757818
4668,1.34347618329287,1.09545875438899
4669,1.34481885059058,1.05149725531092
4670,1.35948865375427,1.04939795126848
4671,1.3108510149831,1.02924121663086
4672,1.29747367980153,0.999909754757221
4673,1.30034761595358,1.01126284481798
4674,1.32889432962873,1.00015863113232
4675,1.30701802488456,1.0140053707879
4676,1.32214132416,1.05273535246644
4677,1.34176163397537,1.07932035228421
4678,1.33968976050238,1.02906764701592
4679,1.34064680672026,1.05959570765929
4680,1.33059173989568,1.00380764996267
4681,1.30796386905502,1.00152282514142
4682,1.31467918944075,1.0177839552245
4683,1.34522585344762,1.02551833953392
4684,1.31807192993931,1.00429338659632
4685,1.29275690259162,0.988614828133686
4686,1.31068618327714,1.02784636084581
4687,1.3241521665946,1.03934998366975
4688,1.33771009438543,1.0346941144713
4689,1.32598522796809,0.99692726824058
4690,1.3226988374263,1.04192097806585
4691,1.31675648739524,1.02922645571263
4692,1.31615929570021,1.04810567404895
4693,1.30750345983705,1.00490961122993
4694,1.31657742519354,1.04947471922398
4695,1.30409457163817,1.0336862602667
4696,1.32212115013515,1.04765852099479
4697,1.29020786835847,0.953502723153006
4698,1.31809571737936,1.04510097389338
4699,1.32768222079779,1.05251691705173
4700,1.32901445014506,1.05269085774008
4701,1.33829699699843,1.05455750188544
4702,1.33594959037726,1.02676459781283
4703,1.32505432982335,1.08028206213076
4704,1.29379727485784,1.00213152098773
4705,1.31936466783386,1.00763366843398
4706,1.32323168013184,1.04321908741963
4707,1.29743466771647,0.964298477790722
4708,1.32681310438729,1.00522440403204
4709,1.3041720714568,1.00735337840555
4710,1.30209729538736,1.02310713965455
4711,1.33119090468862,0.986093315803567
4712,1.31395746847325,1.04382721325234
4713,1.33875460130104,1.02190047158804
4714,1.3276530096665,1.06611823227571
4715,1.34879262802707,0.99865949733439
4716,1.31841610559171,0.989765562104656
4717,1.33290823855732,1.04951446554601
4718,1.27393696391988,0.94545154262649
4719,1.34914534343216,1.10000761815521
4720,1.31921101810917,1.01553764017866
4721,1.31507019820393,1.04079920722467
4722,1.30267069092247,1.01242629698526
4723,1.34327230748785,1.07017499401261
4724,1.32611558741622,1.0233833365065
4725,1.32557550126484,1.05929214866444
4726,1.32011771073413,1.02014474410475
4727,1.3271340833899,1.01955257411519
4728,1.33770178801948,1.02541808094246
4729,1.29792520548485,1.01121654835788
4730,1.29977600676924,0.948338604690396
4731,1.34513610736206,1.07023983829743
4732,1.28848725348106,0.971864941588744
4733,1.34018569756093,1.03730652832489
4734,1.31725127266077,0.948634377150332
4735,1.29524152707278,0.993585486729071
4736,1.31571035859825,0.964361161554562
4737,1.36757832303449,1.06777182906031
4738,1.31768607906087,1.02277534656362
4739,1.34155905836831,1.02141169128243
4740,1.32290021318973,1.02449791243971
4741,1.34317208255909,1.01988786234907
4742,1.31782005008407,0.984367951503871
4743,1.31172488501859,0.99301949691576
4744,1.33405408045632,1.07080017259382
4745,1.32315466892565,1.03196512796955
4746,1.29344971676472,1.03472866299282
4747,1.34140482307697,1.07956765463605
4748,1.30872470679562,1.04411196734844
4749,1.31587917754746,1.01267870739068
4750,1.32135590509801,1.00744607722286
4751,1.30078728637583,0.997229149467952
4752,1.30955190744683,0.966278740562068
4753,1.34317304393508,1.04935608027334
4754,1.3225458363695,1.02602286164092
4755,1.31396991930117,0.993797765070609
4756,1.30983021301384,1.01782630678572
4757,1.33051531398643,1.03787436848602
4758,1.28603223157626,0.940544976422821
4759,1.32913809731525,0.971651179145304
4760,1.32446188964459,1.03465160504431
4761,1.33946763121488,1.08504225730027
4762,1.27859316928972,1.00265017786392
4763,1.35252686974307,1.06082766614568
4764,1.34428357618141,1.02756186027925
4765,1.3323862343175,1.04450118540592
4766,1.33999783858872,1.00163712090111
4767,1.34336183999624,1.04967758141468
4768,1.3247253576927,1.05342015100586
4769,1.34483134437617,1.11303160114946
4770,1.34381913212664,1.01754309099732
4771,1.32681931744501,1.05318404488943
4772,1.30462199491509,1.01417674744283
4773,1.31910632002652,0.988468642352391
4774,1.30055737085946,0.984848366316098
4775,1.29653507326263,1.03271898523339
4776,1.31889976891803,1.03522761671668
4777,1.31203607082018,1.02073320906292
4778,1.35117855109192,1.05031169622001
4779,1.31673268279831,0.979704493922145
4780,1.33674838988086,0.982651116453597
4781,1.29872157112322,0.984331520885238
4782,1.33301357680014,1.0629457640213
4783,1.32954964245943,0.979710563421967
4784,1.32084896303245,1.04066175565649
4785,1.31488080536033,0.990140509926004
4786,1.35191725890808,1.06015464383755
4787,1.33341654776558,1.02039925801098
4788,1.29385970134984,0.961447876343977
4789,1.30457759577715,1.01355247354273
4790,1.29049935331574,0.949178583951709
4791,1.30236456829465,1.05428962081502
4792,1.35215363262084,1.05261694828315
4793,1.32473803884414,1.00592606408121
4794,1.31943282650383,1.07763328833857
4795,1.32265957476213,1.06145012427622
4796,1.3126868732215,1.00016425630442
4797,1.31617120144661,1.01794388428979
4798,1.30721720109811,0.990407164882643
4799,1.31159027500468,0.991861013380299
4800,1.33704590950185,1.05097641445615
4801,1.32858939176485,1.05656322674437
4802,1.33594277068624,1.08408691206619
4803,1.32523394332942,1.07700552328376
4804,1.30923493387491,1.06432731901876
4805,1.32099915089578,1.00293186122656
4806,1.27871755477337,0.973455777243798
4807,1.34807674930405,1.068595396545
4808,1.33214912852467,1.04335502129117
4809,1.31405374128357,1.0376730111595
4810,1.28896014568394,1.03221357172946
4811,1.33432583758608,1.04185330727713
4812,1.31596873117386,1.01922157021698
4813,1.32415860632272,1.02613094590863
4814,1.34732507939786,1.0719753735537
4815,1.35382017651361,1.04903842505223
4816,1.33912160616805,1.08060957320326
4817,1.32578352277356,0.994038636105004
4818,1.32222173735907,0.985888552016731
4819,1.33007826611601,1.04115483927815
4820,1.31953332336487,1.07084702461822
4821,1.32996813332467,1.00560044790606
4822,1.29040854551522,0.955585268877842
4823,1.26568672991499,0.937751936068833
4824,1.32673941409992,1.00865972007489
4825,1.31113235173051,1.0180065231334
4826,1.29764987739098,0.990087742729533
4827,1.32819141629551,1.00813434876154
4828,1.32731965300976,1.01223014298113
4829,1.30558478843739,0.997311530888478
4830,1.3623862865525,1.14495110095347
4831,1.30045909661823,0.971897483156066
4832,1.30677806310954,0.990288210693471
4833,1.31806279130831,1.02548227822298
4834,1.30169773362676,0.99696402858597
4835,1.30443737432272,1.02206725690426
4836,1.31881696787705,1.01807224920646
4837,1.34169023624378,1.0690794149208
4838,1.31051970093709,0.995926841244156
4839,1.33329922847712,1.07077414600428
4840,1.31565144542042,0.960072326064126
4841,1.3184249634715,1.03137635640031
4842,1.33136501874034,1.02267119698126
4843,1.32027514206199,1.00900336405195
4844,1.31374711588468,0.992729675920054
4845,1.32227147993559,1.01951844404426
4846,1.34482348469376,1.06167698884331
4847,1.34819570674321,1.06639353691004
4848,1.33795038051132,1.01637940169096
4849,1.34017244657813,1.04534224523299
4850,1.32523166748649,0.982687532760763
4851,1.32056341767286,1.00828795141917
4852,1.31139004980932,0.998928096703446
4853,1.35349696380646,1.10358571739423
4854,1.33555336001376,1.03947210080272
4855,1.32751357027668,1.07962770620583
4856,1.29722894311644,0.982720005556192
4857,1.32726544349158,1.03545865579035
4858,1.31755907210825,1.01202792924983
4859,1.33663941217106,1.06833907706387
4860,1.33158202631141,1.05625856625142
4861,1.2973834341858,0.952470977169053
4862,1.28948044337195,0.976537636210831
4863,1.33433752599961,1.01191647817968
4864,1.33550858999882,1.03488707936477
4865,1.33868604220282,1.05673029386923
4866,1.33171768298234,0.969763645460132
4867,1.31511538776031,0.983276770211153
4868,1.30675813589893,0.980466595691831
4869,1.30711229853673,1.02312152384081
4870,1.34106369202587,1.03495867925914
4871,1.34007710123689,1.06814988483719
4872,1.33529952732523,1.01833595302039
4873,1.30280276099555,0.998079057655226
4874,1.34440658591492,1.05973034089212
4875,1.30183043357102,0.956778415160378
4876,1.3002857561655,0.994466949706713
4877,1.30081630475522,1.02128523951418
4878,1.30326337506503,0.996350483023698
4879,1.3320874204102,1.0575649319736
4880,1.33231107438047,1.07314406890082
4881,1.33509999938616,1.02363857874905
4882,1.29745034371914,1.00805256399634
4883,1.35979829828206,1.04108352244265
4884,1.36708906049853,1.07348125688894
4885,1.33127588099339,1.03808058689466
4886,1.32921003570299,0.997846381372127
4887,1.33698132666284,1.09889330950503
4888,1.31981987808883,0.987239026226945
4889,1.32212531106865,1.05913814668789
4890,1.3323846981386,1.05644228119038
4891,1.32161766442762,0.974757813227037
4892,1.34163447118097,0.990213751454494
4893,1.33680058637561,1.0511259007891
4894,1.31659210424312,1.02940905074425
4895,1.32850450630872,1.01906907439783
4896,1.33477860079403,1.04682654927061
4897,1.31956149912304,1.00892554103713
4898,1.35736510950243,1.11322477466393
4899,1.33085224818101,1.01375442683322
4900,1.33231214064337,0.978181532557478
4901,1.3070779042723,0.994657515349894
4902,1.3340227539137,1.0613201392051
4903,1.33377012789062,1.05635041156602
4904,1.34143807503115,1.05331674547353
4905,1.30696257484499,1.0025660878833
4906,1.31234191693026,0.984179106485426
4907,1.30685468119125,1.05030784356915
4908,1.31165121643145,1.05845230793976
4909,1.33619525412664,1.07518926822034
4910,1.33530752986433,1.00473824491589
4911,1.30172411199254,1.00992198639031
4912,1.34911779415558,1.05753740077436
4913,1.32824716762628,1.01631922429268
4914,1.34671682417882,1.05397937887262
4915,1.30372501215992,1.00856459056937
4916,1.32451190434107,1.01061167978309
4917,1.32646180661452,1.03320663099216
4918,1.30050594652605,0.946542370166253
4919,1.3229848804988,1.01190798980099
4920,1.33934823843736,1.03943546371171
4921,1.33875701793873,1.03005218288972
4922,1.33719671292121,1.02772986409455
4923,1.33708491514883,1.03164991822728
4924,1.28190596101453,0.896305882968065
4925,1.34423629323956,0.985126683562704
4926,1.29464741946113,0.971914545782593
4927,1.31980620065168,1.05277943558059
4928,1.3197163603159,1.02357460072815
4929,1.30643462021668,0.977115753651425
4930,1.31970204887568,1.02884517185409
4931,1.33913818654561,1.05841719536869
4932,1.34351671800785,1.05241062803129
4933,1.30786160177212,1.02104879096367
4934,1.31163529706962,1.02515354733597
4935,1.3397399594408,1.11552444515389
4936,1.31041440262832,1.01308224655806
4937,1.33277672005411,1.03672945177514
4938,1.32179552907965,1.01554502385583
4939,1.31019794101322,1.01101017208971
4940,1.32269600164537,1.03264784917433
4941,1.34931129837437,1.05715524870303
4942,1.32697249137106,1.06307756867702
4943,1.33723397816991,1.05831280371738
4944,1.35320395053247,1.01792824315467
4945,1.32159527859775,1.00196482992144
4946,1.36510706642474,1.04135621368077
4947,1.27318494534744,1.01975324674234
4948,1.31942877352714,1.01040848588462
4949,1.33612106200391,1.04641473441142
4950,1.33910930951217,1.06405948451592
4951,1.33804614945009,1.00085534444285
4952,1.34305983165454,1.06629129131974
4953,1.32710930456343,1.04618154322362
4954,1.31827926334712,1.00210829612917
4955,1.33029103432023,1.02611348008912
4956,1.32925868809743,1.02990990357771
4957,1.33617186790362,1.05346734590747
4958,1.32082788372615,1.00366698609979
4959,1.31374259683882,1.07899798222594
4960,1.3523516571215,1.05172109862323
4961,1.28674819051823,0.974074777547149
4962,1.28255649019149,0.97832782846394
4963,1.32679692811042,1.02559903297428
4964,1.32125453851683,1.03546048648565
4965,1.30539270809988,1.02722004889231
4966,1.30059912814207,0.993440630608176
4967,1.3407920802492,1.02810873093527
4968,1.33391969804716,1.0043162485285
4969,1.30659675547865,0.985857336286692
4970,1.29985447064138,0.995388372000792
4971,1.33220210575068,1.08511090016804
4972,1.28827987862535,0.971286309643499
4973,1.33334695844117,1.05815938610229
4974,1.30809091959826,1.02125604556658
4975,1.37947075939829,1.09492679839759
4976,1.34052448399648,1.04949635639573
4977,1.33460527213945,1.02901573779729
4978,1.28907787058552,0.968289907988592
4979,1.32225021523636,0.976000855174185
4980,1.34702188679861,1.04746831827603
4981,1.32445575333809,1.02160959529362
4982,1.32834625035945,1.00213527988553
4983,1.30439046221106,1.04377967589335
4984,1.33269957611201,1.07727843823967
4985,1.32196660861471,1.03207922150257
4986,1.3386745810184,1.07856017851881
4987,1.31669448640762,1.02564606128995
4988,1.31401320484348,0.964145716811706
4989,1.33675954459976,1.04435601102763
4990,1.27293297517387,0.961790646172031
4991,1.3005539177499,0.980971294745758
4992,1.34928459756543,1.05128929054525
4993,1.3332989246666,0.970249297995833
4994,1.31836642336218,0.974526263060614
4995,1.34372757987559,1.04593624833852
4996,1.30121423132009,1.00236096722679
4997,1.29144961724653,0.958101087525741
4998,1.30397860390532,1.03105984596369
4999,1.32812429793479,1.03382423210167
5000,1.3134525530362,0.985120474275685
