"date","adjusted"
2000-01-03,90.9070205688477
2000-01-04,87.3520126342773
2000-01-05,87.5082092285156
2000-01-06,86.1018676757812
2000-01-07,91.1023330688477
2000-01-10,91.4148864746094
2000-01-11,90.3210067749023
2000-01-12,89.4225158691406
2000-01-13,90.6335220336914
2000-01-14,91.864143371582
2000-01-18,91.1414260864258
2000-01-19,91.8836212158203
2000-01-20,90.4772720336914
2000-01-21,90.2819442749023
2000-01-24,87.7230911254883
2000-01-25,88.7193069458008
2000-01-26,88.0161056518555
2000-01-27,87.6644744873047
2000-01-28,84.9299087524414
2000-01-31,87.2348098754883
2000-02-01,88.0942459106445
2000-02-02,88.1723937988281
2000-02-03,89.5006484985352
2000-02-04,89.1295166015625
2000-02-07,88.9927520751953
2000-02-08,90.2038497924805
2000-02-09,88.3091049194336
2000-02-10,88.48486328125
2000-02-11,86.6878814697266
2000-02-14,87.1957168579102
2000-02-15,88.1821441650391
2000-02-16,86.8831939697266
2000-02-17,86.4339218139648
2000-02-18,84.5782928466797
2000-02-22,84.3634033203125
2000-02-23,85.3596038818359
2000-02-24,83.6406707763672
2000-02-25,83.3379745483398
2000-02-28,85.0861206054688
2000-02-29,85.9065399169922
2000-03-01,86.5316009521484
2000-03-02,86.5901794433594
2000-03-03,88.21142578125
2000-03-06,87.3520126342773
2000-03-07,85.6623840332031
2000-03-08,85.554931640625
2000-03-09,88.0551452636719
2000-03-10,87.5864105224609
2000-03-13,86.6292419433594
2000-03-14,85.3987045288086
2000-03-15,87.3910217285156
2000-03-16,91.4734725952148
2000-03-17,92.078010559082
2000-03-20,91.608039855957
2000-03-21,93.4879837036133
2000-03-22,94.0558700561523
2000-03-23,95.6617050170898
2000-03-24,96.2295761108398
2000-03-27,95.2112503051758
2000-03-28,94.6629486083984
2000-03-29,94.760871887207
2000-03-30,93.1746444702148
2000-03-31,94.2321472167969
2000-04-03,94.7804412841797
2000-04-04,94.0754547119141
2000-04-05,93.4879837036133
2000-04-06,94.3006896972656
2000-04-07,94.8979110717773
2000-04-10,94.5258636474609
2000-04-11,94.2517547607422
2000-04-12,91.6668014526367
2000-04-13,90.3939514160156
2000-04-14,85.2240524291992
2000-04-17,88.2006301879883
2000-04-18,90.5309829711914
2000-04-19,89.6889114379883
2000-04-20,90.119743347168
2000-04-24,89.1406097412109
2000-04-25,92.841796875
2000-04-26,91.7940826416016
2000-04-27,91.4905548095703
2000-04-28,90.9226608276367
2000-05-01,92.1563491821289
2000-05-02,90.3156204223633
2000-05-03,88.2006301879883
2000-05-04,88.8664779663086
2000-05-05,89.9435272216797
2000-05-08,89.2679290771484
2000-05-09,88.553092956543
2000-05-10,86.5556411743164
2000-05-11,88.5335464477539
2000-05-12,89.4931259155273
2000-05-15,91.0401763916016
2000-05-16,91.9213256835938
2000-05-17,90.9617767333984
2000-05-18,89.8456192016602
2000-05-19,88.4356307983398
2000-05-22,87.7698287963867
2000-05-23,86.4773864746094
2000-05-24,87.8872909545898
2000-05-25,86.3794708251953
2000-05-26,86.4773864746094
2000-05-30,89.2972869873047
2000-05-31,89.4931259155273
2000-06-01,91.0597229003906
2000-06-02,92.6459426879883
2000-06-05,92.1955032348633
2000-06-06,91.7842712402344
2000-06-07,92.4207534790039
2000-06-08,92.0584411621094
2000-06-09,91.8626556396484
2000-06-12,90.7855758666992
2000-06-13,92.4892654418945
2000-06-14,92.6459426879883
2000-06-15,92.841796875
2000-06-16,92.0789260864258
2000-06-19,93.2566452026367
2000-06-20,92.9229278564453
2000-06-21,92.8836975097656
2000-06-22,91.4703903198242
2000-06-23,90.6852416992188
2000-06-26,91.853157043457
2000-06-27,91.1759338378906
2000-06-28,91.4311370849609
2000-06-29,90.5674591064453
2000-06-30,91.2545318603516
2000-07-03,92.5107192993164
2000-07-05,90.8422622680664
2000-07-06,91.5489196777344
2000-07-07,93.021110534668
2000-07-10,92.8640823364258
2000-07-11,93.0603713989258
2000-07-12,93.6688613891602
2000-07-13,94.0810089111328
2000-07-14,95.0035781860352
2000-07-17,94.846565246582
2000-07-18,94.0712432861328
2000-07-19,93.3155136108398
2000-07-20,94.6110458374023
2000-07-21,92.7658767700195
2000-07-24,92.2359313964844
2000-07-25,92.5303497314453
2000-07-26,91.6273956298828
2000-07-27,91.313362121582
2000-07-28,89.252311706543
2000-07-31,89.8216094970703
2000-08-01,90.3711624145508
2000-08-02,90.8226470947266
2000-08-03,91.4507446289062
2000-08-04,91.941520690918
2000-08-07,93.0406951904297
2000-08-08,93.3940200805664
2000-08-09,92.6088485717773
2000-08-10,92.1574554443359
2000-08-11,92.589225769043
2000-08-14,93.766960144043
2000-08-15,93.6884460449219
2000-08-16,93.3547821044922
2000-08-17,94.3362731933594
2000-08-18,94.0221481323242
2000-08-21,94.5325088500977
2000-08-22,94.3754730224609
2000-08-23,94.7484130859375
2000-08-24,95.042854309082
2000-08-25,95.0035781860352
2000-08-28,95.3274841308594
2000-08-29,95.347053527832
2000-08-30,94.4343338012695
2000-08-31,95.6906433105469
2000-09-01,95.7887496948242
2000-09-05,95.0232391357422
2000-09-06,93.9436416625977
2000-09-07,94.7484130859375
2000-09-08,94.1006698608398
2000-09-11,93.9633102416992
2000-09-12,93.2762985229492
2000-09-13,93.5216293334961
2000-09-14,93.9927368164062
2000-09-15,91.9363861083984
2000-09-18,91.0901565551758
2000-09-19,91.9166641235352
2000-09-20,91.2377700805664
2000-09-21,89.850456237793
2000-09-22,91.4837951660156
2000-09-25,90.8344192504883
2000-09-26,89.6733551025391
2000-09-27,90.1456604003906
2000-09-28,91.3066177368164
2000-09-29,90.4408264160156
2000-10-02,90.5785675048828
2000-10-03,89.7324142456055
2000-10-04,90.4801254272461
2000-10-05,90.7949752807617
2000-10-06,88.8271865844727
2000-10-09,88.1581039428711
2000-10-10,86.7019500732422
2000-10-11,85.9738693237305
2000-10-12,83.8289566040039
2000-10-13,86.6232528686523
2000-10-16,87.0167999267578
2000-10-17,84.8521957397461
2000-10-18,84.5373382568359
2000-10-19,87.7252197265625
2000-10-20,88.0990829467773
2000-10-23,88.4926986694336
2000-10-24,87.9023284912109
2000-10-25,85.8361053466797
2000-10-26,86.0722808837891
2000-10-27,87.7055511474609
2000-10-30,88.4926986694336
2000-10-31,90.0177459716797
2000-11-01,89.7127151489258
2000-11-02,89.8602828979492
2000-11-03,89.9095077514648
2000-11-06,90.5392303466797
2000-11-07,90.5194854736328
2000-11-08,88.5123443603516
2000-11-09,88.1778182983398
2000-11-10,86.0329055786133
2000-11-13,85.3638229370117
2000-11-14,87.6071319580078
2000-11-15,87.8826370239258
2000-11-16,86.5051803588867
2000-11-17,86.0427474975586
2000-11-20,84.8128356933594
2000-11-21,85.2457962036133
2000-11-22,83.2090911865234
2000-11-24,84.9112243652344
2000-11-27,85.6590270996094
2000-11-28,84.1831512451172
2000-11-29,84.025749206543
2000-11-30,83.2976379394531
2000-12-01,83.2582855224609
2000-12-04,83.9667205810547
2000-12-05,86.7216262817383
2000-12-06,85.3343048095703
2000-12-07,84.1634902954102
2000-12-08,84.3602447509766
2000-12-11,87.2922744750977
2000-12-12,86.9184265136719
2000-12-13,85.727897644043
2000-12-14,84.6357269287109
2000-12-15,82.72412109375
2000-12-18,83.8294372558594
2000-12-19,82.1221084594727
2000-12-20,79.7436141967773
2000-12-21,80.2962951660156
2000-12-22,82.7043762207031
2000-12-26,83.592643737793
2000-12-27,84.2045135498047
2000-12-28,84.4610748291016
2000-12-29,82.8623199462891
2001-01-02,81.3621673583984
2001-01-03,85.270393371582
2001-01-04,84.3525238037109
2001-01-05,81.5990142822266
2001-01-08,82.2306747436523
2001-01-09,82.0135498046875
2001-01-10,83.4544525146484
2001-01-11,83.5333938598633
2001-01-12,83.3754959106445
2001-01-16,83.9084091186523
2001-01-17,84.293327331543
2001-01-18,85.1322174072266
2001-01-19,84.6486053466797
2001-01-22,85.2111892700195
2001-01-23,85.8822631835938
2001-01-24,86.1388549804688
2001-01-25,85.9217758178711
2001-01-26,85.8230590820312
2001-01-29,86.2809982299805
2001-01-30,87.038932800293
2001-01-31,86.5462799072266
2001-02-01,87.1211090087891
2001-02-02,85.1440505981445
2001-02-05,85.7693634033203
2001-02-06,85.5167617797852
2001-02-07,85.074592590332
2001-02-08,84.0829238891602
2001-02-09,83.2743988037109
2001-02-12,84.2281799316406
2001-02-13,83.5397033691406
2001-02-14,83.4133911132812
2001-02-15,84.2218933105469
2001-02-16,82.364875793457
2001-02-20,81.0952987670898
2001-02-21,79.3456954956055
2001-02-22,79.4656600952148
2001-02-23,78.9287948608398
2001-02-26,80.6089553833008
2001-02-27,79.8636245727539
2001-02-28,78.2908782958984
2001-03-01,78.7013854980469
2001-03-02,78.0761032104492
2001-03-05,78.7898406982422
2001-03-06,79.63623046875
2001-03-07,80.2046890258789
2001-03-08,80.2931213378906
2001-03-09,77.9181823730469
2001-03-12,74.5831756591797
2001-03-13,75.8085403442383
2001-03-14,74.3115463256836
2001-03-15,74.3305206298828
2001-03-16,72.8396682739258
2001-03-19,74.3216094970703
2001-03-20,72.3266296386719
2001-03-21,71.0979766845703
2001-03-22,70.3759536743164
2001-03-23,72.5039825439453
2001-03-26,73.428596496582
2001-03-27,74.9296340942383
2001-03-28,72.8586349487305
2001-03-29,73.1373138427734
2001-03-30,73.9036636352539
2001-04-02,72.3266296386719
2001-04-03,69.9136352539062
2001-04-04,70.2049713134766
2001-04-05,72.8649520874023
2001-04-06,71.7566223144531
2001-04-09,72.5546646118164
2001-04-10,73.878303527832
2001-04-11,73.9289703369141
2001-04-12,75.2716598510742
2001-04-16,74.4799728393555
2001-04-17,75.5313186645508
2001-04-18,78.5333251953125
2001-04-19,79.5783004760742
2001-04-20,78.8499526977539
2001-04-23,77.4186401367188
2001-04-24,77.0006256103516
2001-04-25,78.0076370239258
2001-04-26,78.3559875488281
2001-04-27,79.6606140136719
2001-04-30,80.2179641723633
2001-05-01,80.464973449707
2001-05-02,80.3193130493164
2001-05-03,79.2996444702148
2001-05-04,80.6486434936523
2001-05-07,79.9519805908203
2001-05-08,79.9139785766602
2001-05-09,79.5783004760742
2001-05-10,79.8126449584961
2001-05-11,79.2616424560547
2001-05-14,79.4199752807617
2001-05-15,79.7873077392578
2001-05-16,81.6682815551758
2001-05-17,81.7949523925781
2001-05-18,82.1686325073242
2001-05-21,83.3782958984375
2001-05-22,83.2706604003906
2001-05-23,81.8582611083984
2001-05-24,82.0989608764648
2001-05-25,81.1299819946289
2001-05-29,80.4839630126953
2001-05-30,79.3566360473633
2001-05-31,79.7683029174805
2001-06-01,80.2622985839844
2001-06-04,80.6486434936523
2001-06-05,81.5733032226562
2001-06-06,80.8956527709961
2001-06-07,81.1869659423828
2001-06-08,80.4333190917969
2001-06-11,79.8632888793945
2001-06-12,79.7239532470703
2001-06-13,79.0399856567383
2001-06-14,77.2666320800781
2001-06-15,77.3911285400391
2001-06-18,77.0163955688477
2001-06-19,77.3530654907227
2001-06-20,77.7594757080078
2001-06-21,78.6423187255859
2001-06-22,78.0262680053711
2001-06-25,77.3085556030273
2001-06-26,77.2005996704102
2001-06-27,77.1560974121094
2001-06-28,77.5816955566406
2001-06-29,77.8674545288086
2001-07-02,78.8392333984375
2001-07-03,78.820198059082
2001-07-05,77.2831497192383
2001-07-06,75.6127777099609
2001-07-09,76.0255813598633
2001-07-10,75.1109771728516
2001-07-11,75.1872253417969
2001-07-12,76.9719467163086
2001-07-13,77.6388473510742
2001-07-16,76.6670837402344
2001-07-17,77.384765625
2001-07-18,76.8575973510742
2001-07-19,77.5308685302734
2001-07-20,77.0672073364258
2001-07-23,75.5492324829102
2001-07-24,74.8188247680664
2001-07-25,75.64453125
2001-07-26,76.4384307861328
2001-07-27,76.730598449707
2001-07-30,76.7560043334961
2001-07-31,77.0735473632812
2001-08-01,77.5562591552734
2001-08-02,77.8738403320312
2001-08-03,77.4483184814453
2001-08-06,76.4066848754883
2001-08-07,76.7051696777344
2001-08-08,75.2825012207031
2001-08-09,75.5047836303711
2001-08-10,75.7651977539062
2001-08-13,75.7842254638672
2001-08-14,75.7524719238281
2001-08-15,75.0982971191406
2001-08-16,75.3587188720703
2001-08-17,74.1519393920898
2001-08-20,74.8378677368164
2001-08-21,73.5612640380859
2001-08-22,74.3234176635742
2001-08-23,74.0566711425781
2001-08-24,75.5937118530273
2001-08-27,75.1427230834961
2001-08-28,74.0439758300781
2001-08-29,73.3834457397461
2001-08-30,71.9734344482422
2001-08-31,72.500602722168
2001-09-04,72.0369491577148
2001-09-05,72.2147979736328
2001-09-06,70.3538208007812
2001-09-07,69.0518341064453
2001-09-10,69.8965301513672
2001-09-17,66.2445220947266
2001-09-18,66.0857391357422
2001-09-19,64.7519454956055
2001-09-20,62.6941032409668
2001-09-21,62.017692565918
2001-09-24,64.1980056762695
2001-09-25,64.8673934936523
2001-09-26,64.6379089355469
2001-09-27,65.1989059448242
2001-09-28,66.5823287963867
2001-10-01,66.4739303588867
2001-10-02,67.3091125488281
2001-10-03,68.4375152587891
2001-10-04,68.4948959350586
2001-10-05,68.3610000610352
2001-10-08,67.9147338867188
2001-10-09,67.5513687133789
2001-10-10,69.0559158325195
2001-10-11,70.1269073486328
2001-10-12,69.8081817626953
2001-10-15,69.6806564331055
2001-10-16,70.1205444335938
2001-10-17,68.628776550293
2001-10-18,68.4821319580078
2001-10-19,68.4375152587891
2001-10-22,69.7890548706055
2001-10-23,69.4320297241211
2001-10-24,69.2471466064453
2001-10-25,70.4903106689453
2001-10-26,70.3309707641602
2001-10-29,68.5012817382812
2001-10-30,67.6788635253906
2001-10-31,67.4493865966797
2001-11-01,69.1770858764648
2001-11-02,69.648811340332
2001-11-05,70.5604248046875
2001-11-06,71.656982421875
2001-11-07,71.5613555908203
2001-11-08,71.7844924926758
2001-11-09,71.8609924316406
2001-11-12,71.4210891723633
2001-11-13,73.0276641845703
2001-11-14,73.097770690918
2001-11-15,73.2316513061523
2001-11-16,72.9065246582031
2001-11-19,73.8053970336914
2001-11-20,73.1870422363281
2001-11-21,72.702507019043
2001-11-23,73.7480697631836
2001-11-26,73.9074401855469
2001-11-27,73.5886611938477
2001-11-28,72.256233215332
2001-11-29,73.2316513061523
2001-11-30,72.7088928222656
2001-12-03,72.2753753662109
2001-12-04,73.4993667602539
2001-12-05,74.8445510864258
2001-12-06,74.8063049316406
2001-12-07,74.3090362548828
2001-12-10,72.9192733764648
2001-12-11,72.7726516723633
2001-12-12,72.8555297851562
2001-12-13,71.4402160644531
2001-12-14,72.1223678588867
2001-12-17,72.8682479858398
2001-12-18,73.3017730712891
2001-12-19,73.8181533813477
2001-12-20,73.0914001464844
2001-12-21,73.5346984863281
2001-12-24,73.3939666748047
2001-12-26,73.7970199584961
2001-12-27,74.2447967529297
2001-12-28,74.2063751220703
2001-12-31,73.1189041137695
2002-01-02,73.9057235717773
2002-01-03,74.743782043457
2002-01-04,75.2427368164062
2002-01-07,74.7117767333984
2002-01-08,74.5390396118164
2002-01-09,73.9313125610352
2002-01-10,74.2575836181641
2002-01-11,73.5283203125
2002-01-14,73.067741394043
2002-01-15,73.6626510620117
2002-01-16,72.1721038818359
2002-01-17,72.7158660888672
2002-01-18,72.3831939697266
2002-01-22,71.8842468261719
2002-01-23,72.4343872070312
2002-01-24,72.6583251953125
2002-01-25,72.6391143798828
2002-01-28,72.8374176025391
2002-01-29,70.5472564697266
2002-01-30,71.5644073486328
2002-01-31,72.4024353027344
2002-02-01,72.0633773803711
2002-02-04,70.2721862792969
2002-02-05,69.8371734619141
2002-02-06,69.5365219116211
2002-02-07,69.1015319824219
2002-02-08,70.4257125854492
2002-02-11,71.2893295288086
2002-02-12,71.0654067993164
2002-02-13,71.8202896118164
2002-02-14,71.6859436035156
2002-02-15,70.9374771118164
2002-02-19,69.5749053955078
2002-02-20,70.7455825805664
2002-02-21,69.2806549072266
2002-02-22,70.1378402709961
2002-02-25,71.2957305908203
2002-02-26,71.1485900878906
2002-02-27,71.4236755371094
2002-02-28,71.1038208007812
2002-03-01,72.7606658935547
2002-03-04,74.0464630126953
2002-03-05,73.8097610473633
2002-03-06,74.686164855957
2002-03-07,74.5262832641602
2002-03-08,74.839714050293
2002-03-11,74.9996566772461
2002-03-12,74.9548950195312
2002-03-13,74.2319869995117
2002-03-14,74.129638671875
2002-03-15,74.8359909057617
2002-03-18,74.8488082885742
2002-03-19,75.3492126464844
2002-03-20,73.9314041137695
2002-03-21,73.9634628295898
2002-03-22,73.8030853271484
2002-03-25,72.8856887817383
2002-03-26,73.3091201782227
2002-03-27,73.501594543457
2002-03-28,73.4694976806641
2002-04-01,73.501594543457
2002-04-02,73.097412109375
2002-04-03,72.5841674804688
2002-04-04,72.2826156616211
2002-04-05,72.2954864501953
2002-04-08,72.4494400024414
2002-04-09,71.942626953125
2002-04-10,72.7573928833008
2002-04-11,70.9482040405273
2002-04-12,71.4806976318359
2002-04-15,70.9353713989258
2002-04-16,72.6226119995117
2002-04-17,72.4686660766602
2002-04-18,72.154296875
2002-04-19,72.4173431396484
2002-04-22,71.2112503051758
2002-04-23,70.9033050537109
2002-04-24,70.1911926269531
2002-04-25,70.2297210693359
2002-04-26,68.8952560424805
2002-04-29,68.5552749633789
2002-04-30,69.1968154907227
2002-05-01,70.0436401367188
2002-05-02,69.7742156982422
2002-05-03,69.0171661376953
2002-05-06,67.6635437011719
2002-05-07,67.4261322021484
2002-05-08,69.9345932006836
2002-05-09,69.1262435913086
2002-05-10,67.8239364624023
2002-05-13,69.2032318115234
2002-05-14,70.7108535766602
2002-05-15,70.4349975585938
2002-05-16,70.8006896972656
2002-05-17,71.1471176147461
2002-05-20,70.3772735595703
2002-05-21,69.735725402832
2002-05-22,69.8896560668945
2002-05-23,70.6338500976562
2002-05-24,69.7292556762695
2002-05-28,69.3507766723633
2002-05-29,68.8375549316406
2002-05-30,68.6450805664062
2002-05-31,68.7862396240234
2002-06-03,66.9578475952148
2002-06-04,67.1246566772461
2002-06-05,67.7533493041992
2002-06-06,66.3740386962891
2002-06-07,66.2970504760742
2002-06-10,66.5536727905273
2002-06-11,65.4116821289062
2002-06-12,65.8094787597656
2002-06-13,65.1486740112305
2002-06-14,65.0524444580078
2002-06-17,66.7974395751953
2002-06-18,67.3427429199219
2002-06-19,65.7710037231445
2002-06-20,64.930534362793
2002-06-21,63.9152870178223
2002-06-24,64.2500534057617
2002-06-25,62.8079833984375
2002-06-26,62.9109878540039
2002-06-27,64.0118560791016
2002-06-28,63.709300994873
2002-07-01,62.4667701721191
2002-07-02,61.1405601501465
2002-07-03,61.4882202148438
2002-07-05,63.9346313476562
2002-07-08,63.1363143920898
2002-07-09,61.5461540222168
2002-07-10,59.3058319091797
2002-07-11,59.7885780334473
2002-07-12,59.1319236755371
2002-07-15,59.4474182128906
2002-07-16,58.3014755249023
2002-07-17,58.417366027832
2002-07-18,56.5246391296387
2002-07-19,54.5353126525879
2002-07-22,52.9193954467773
2002-07-23,51.4708709716797
2002-07-24,54.5417518615723
2002-07-25,54.0782356262207
2002-07-26,55.1082763671875
2002-07-29,57.7928733825684
2002-07-30,58.5461196899414
2002-07-31,58.6877326965332
2002-08-01,57.155517578125
2002-08-02,55.8743896484375
2002-08-05,53.9301605224609
2002-08-06,55.7456169128418
2002-08-07,56.7177696228027
2002-08-08,58.5525703430176
2002-08-09,58.771427154541
2002-08-12,58.3400917053223
2002-08-13,57.2778472900391
2002-08-14,59.3701400756836
2002-08-15,60.1942024230957
2002-08-16,60.0139350891113
2002-08-19,61.4173812866211
2002-08-20,60.7671508789062
2002-08-21,61.6427192687988
2002-08-22,62.2414588928223
2002-08-23,60.9023666381836
2002-08-26,61.3272819519043
2002-08-27,60.6191101074219
2002-08-28,59.2929039001465
2002-08-29,59.3186569213867
2002-08-30,59.0868949890137
2002-09-03,56.8336410522461
2002-09-04,57.6447944641113
2002-09-05,57.155517578125
2002-09-06,57.9409523010254
2002-09-09,58.365852355957
2002-09-10,59.0353813171387
2002-09-11,58.6684226989746
2002-09-12,57.5868682861328
2002-09-13,57.7284812927246
2002-09-16,57.8701515197754
2002-09-17,56.5439338684082
2002-09-18,55.9773979187012
2002-09-19,54.5288619995117
2002-09-20,54.5469818115234
2002-09-23,54.1007614135742
2002-09-24,53.2277374267578
2002-09-25,54.5469818115234
2002-09-26,55.4393844604492
2002-09-27,53.5123023986816
2002-09-30,52.8914947509766
2002-10-01,55.4328994750977
2002-10-02,53.7709655761719
2002-10-03,53.2277374267578
2002-10-04,52.251293182373
2002-10-07,51.1713333129883
2002-10-08,51.9732208251953
2002-10-09,50.5052719116211
2002-10-10,52.1413307189941
2002-10-11,54.4241218566895
2002-10-14,54.7280197143555
2002-10-15,57.3600158691406
2002-10-16,55.9696731567383
2002-10-17,57.0819244384766
2002-10-18,57.3212013244629
2002-10-21,58.3105964660645
2002-10-22,57.890266418457
2002-10-23,58.3300361633301
2002-10-24,57.14013671875
2002-10-25,58.3300361633301
2002-10-28,57.9485015869141
2002-10-29,57.2759475708008
2002-10-30,57.8320503234863
2002-10-31,57.2436065673828
2002-11-01,58.375301361084
2002-11-04,58.9314231872559
2002-11-05,59.3970069885254
2002-11-06,60.1665802001953
2002-11-07,58.6921501159668
2002-11-08,57.9743614196777
2002-11-11,57.0754737854004
2002-11-12,57.5281600952148
2002-11-13,57.5863418579102
2002-11-14,58.6727638244629
2002-11-15,59.1060485839844
2002-11-18,58.5110778808594
2002-11-19,58.4334907531738
2002-11-20,59.7333106994629
2002-11-21,60.8455543518066
2002-11-22,60.4123001098633
2002-11-25,60.4510841369629
2002-11-26,59.3000297546387
2002-11-27,60.9684410095215
2002-11-29,60.7744255065918
2002-12-02,60.8714752197266
2002-12-03,60.0566024780273
2002-12-04,59.7850303649902
2002-12-05,59.125431060791
2002-12-06,59.5134086608887
2002-12-09,57.8773345947266
2002-12-10,58.6533622741699
2002-12-11,58.7051086425781
2002-12-12,58.6986427307129
2002-12-13,57.7739028930664
2002-12-16,59.2676811218262
2002-12-17,58.7503471374512
2002-12-18,58.0713920593262
2002-12-19,57.6574745178223
2002-12-20,58.4802017211914
2002-12-23,58.499683380127
2002-12-24,58.0642929077148
2002-12-26,58.0902557373047
2002-12-27,56.7840766906738
2002-12-30,57.2584609985352
2002-12-31,57.3364524841309
2003-01-02,59.1820373535156
2003-01-03,59.3639488220215
2003-01-06,60.4102554321289
2003-01-07,60.2608032226562
2003-01-08,59.3899955749512
2003-01-09,60.3127708435059
2003-01-10,60.475227355957
2003-01-13,60.4557189941406
2003-01-14,60.650691986084
2003-01-15,60.0463562011719
2003-01-16,59.7993965148926
2003-01-17,58.915584564209
2003-01-21,57.9992942810059
2003-01-22,57.2974548339844
2003-01-23,57.6483840942383
2003-01-24,56.1342315673828
2003-01-27,55.3673706054688
2003-01-28,55.7768058776855
2003-01-29,56.19921875
2003-01-30,54.8670234680176
2003-01-31,55.9262733459473
2003-02-03,56.036750793457
2003-02-04,55.4843711853027
2003-02-05,55.1399383544922
2003-02-06,54.8800010681152
2003-02-07,54.2106475830078
2003-02-10,54.5941009521484
2003-02-11,54.2171630859375
2003-02-12,53.3528480529785
2003-02-13,53.5153121948242
2003-02-14,54.6850547790527
2003-02-18,55.6468162536621
2003-02-19,55.3544006347656
2003-02-20,54.8020172119141
2003-02-21,55.3544006347656
2003-02-24,54.4576148986816
2003-02-25,54.8930282592773
2003-02-26,54.0936889648438
2003-02-27,54.8085098266602
2003-02-28,55.1724281311035
2003-03-03,54.6460227966309
2003-03-04,53.7752647399902
2003-03-05,54.230167388916
2003-03-06,53.7752647399902
2003-03-07,54.1456451416016
2003-03-10,52.8459777832031
2003-03-11,52.3260917663574
2003-03-12,52.6770133972168
2003-03-13,54.4965972900391
2003-03-14,54.6720390319824
2003-03-17,56.3941535949707
2003-03-18,56.7256202697754
2003-03-19,57.1609992980957
2003-03-20,57.2844619750977
2003-03-21,58.507209777832
2003-03-24,56.5628204345703
2003-03-25,57.104377746582
2003-03-26,56.8172950744629
2003-03-27,56.8629913330078
2003-03-28,56.5758857727051
2003-03-31,55.2904891967773
2003-04-01,56.1387138366699
2003-04-02,57.4959030151367
2003-04-03,57.2218360900879
2003-04-04,57.5611152648926
2003-04-07,57.4501991271973
2003-04-08,57.541561126709
2003-04-09,56.7846755981445
2003-04-10,57.0978584289551
2003-04-11,56.8629913330078
2003-04-14,58.0374031066895
2003-04-15,58.5789451599121
2003-04-16,57.5806922912598
2003-04-17,58.4354476928711
2003-04-21,58.4941635131836
2003-04-22,59.596809387207
2003-04-23,60.144905090332
2003-04-24,59.6098709106445
2003-04-25,58.8725967407227
2003-04-28,59.8904304504395
2003-04-29,60.0992240905762
2003-04-30,59.9687385559082
2003-05-01,59.9622421264648
2003-05-02,60.8169593811035
2003-05-05,60.6994743347168
2003-05-06,61.2736968994141
2003-05-07,60.9343948364258
2003-05-08,60.3210754394531
2003-05-09,61.1562538146973
2003-05-12,61.9066009521484
2003-05-13,61.7956428527832
2003-05-14,61.6651763916016
2003-05-15,62.0566253662109
2003-05-16,61.9000396728516
2003-05-19,60.4515686035156
2003-05-20,60.3275871276855
2003-05-21,60.4515686035156
2003-05-22,61.0518569946289
2003-05-23,61.1757850646973
2003-05-27,62.2458534240723
2003-05-28,62.4220352172852
2003-05-29,62.258903503418
2003-05-30,63.2571868896484
2003-06-02,63.5181694030762
2003-06-03,63.779167175293
2003-06-04,64.6991424560547
2003-06-05,65.0188674926758
2003-06-06,64.7644195556641
2003-06-09,64.1053848266602
2003-06-10,64.7578735351562
2003-06-11,65.4429473876953
2003-06-12,65.6452560424805
2003-06-13,64.9601440429688
2003-06-16,66.3303451538086
2003-06-17,66.3303451538086
2003-06-18,66.271598815918
2003-06-19,65.2603149414062
2003-06-20,65.1162185668945
2003-06-23,64.4482727050781
2003-06-24,64.5137634277344
2003-06-25,63.8655395507812
2003-06-26,64.697135925293
2003-06-27,63.9506301879883
2003-06-30,63.930965423584
2003-07-01,64.5203628540039
2003-07-02,65.3322830200195
2003-07-03,64.6578521728516
2003-07-07,65.9413070678711
2003-07-08,66.2360000610352
2003-07-09,65.8627548217773
2003-07-10,65.0245361328125
2003-07-11,65.6400756835938
2003-07-14,65.9609603881836
2003-07-15,65.8168869018555
2003-07-16,65.4305572509766
2003-07-17,64.5006942749023
2003-07-18,65.1621017456055
2003-07-21,64.3566360473633
2003-07-22,64.9394226074219
2003-07-23,64.9852828979492
2003-07-24,64.4941177368164
2003-07-25,65.6335601806641
2003-07-28,65.3912658691406
2003-07-29,65.0900115966797
2003-07-30,64.9328994750977
2003-07-31,65.0834732055664
2003-08-01,64.507209777832
2003-08-04,64.507209777832
2003-08-05,63.1386413574219
2003-08-06,63.505313873291
2003-08-07,64.1732864379883
2003-08-08,64.3566360473633
2003-08-11,64.5988845825195
2003-08-12,65.1882400512695
2003-08-13,64.8543090820312
2003-08-14,65.0311126708984
2003-08-15,65.2341156005859
2003-08-18,65.797248840332
2003-08-19,66.0460968017578
2003-08-20,65.777587890625
2003-08-21,65.9871597290039
2003-08-22,65.3322830200195
2003-08-25,65.4370880126953
2003-08-26,65.5549545288086
2003-08-27,65.5745849609375
2003-08-28,65.980598449707
2003-08-29,66.4258804321289
2003-09-02,67.3164367675781
2003-09-03,67.6831665039062
2003-09-04,67.7159042358398
2003-09-05,67.3360748291016
2003-09-08,67.892692565918
2003-09-09,67.4474258422852
2003-09-10,66.7663803100586
2003-09-11,66.9628295898438
2003-09-12,67.0872421264648
2003-09-15,66.8515090942383
2003-09-16,67.8272247314453
2003-09-17,67.6962356567383
2003-09-18,68.4951324462891
2003-09-19,68.1467437744141
2003-09-22,67.4104843139648
2003-09-23,67.6668853759766
2003-09-24,66.4639739990234
2003-09-25,65.9183349609375
2003-09-26,65.7014465332031
2003-09-29,66.3456420898438
2003-09-30,65.7014465332031
2003-10-01,67.1015319824219
2003-10-02,67.3447799682617
2003-10-03,67.9626770019531
2003-10-06,68.2716979980469
2003-10-07,68.5345764160156
2003-10-08,68.3636856079102
2003-10-09,68.5477447509766
2003-10-10,68.7383880615234
2003-10-13,68.9552764892578
2003-10-14,69.1985168457031
2003-10-15,69.0144424438477
2003-10-16,69.2905426025391
2003-10-17,68.5345764160156
2003-10-20,69.0472946166992
2003-10-21,68.9289932250977
2003-10-22,68.0613021850586
2003-10-23,67.9364013671875
2003-10-24,68.0876083374023
2003-10-27,68.1204452514648
2003-10-28,69.0472946166992
2003-10-29,69.1393356323242
2003-10-30,69.2839660644531
2003-10-31,69.2182083129883
2003-11-03,69.6717987060547
2003-11-04,69.5206146240234
2003-11-05,69.5731964111328
2003-11-06,69.9412994384766
2003-11-07,69.4219970703125
2003-11-10,69.1393356323242
2003-11-11,69.1196136474609
2003-11-12,69.8952713012695
2003-11-13,69.9149932861328
2003-11-14,69.3234024047852
2003-11-17,68.974983215332
2003-11-18,68.2585067749023
2003-11-19,68.8369369506836
2003-11-20,68.2190551757812
2003-11-21,68.5017318725586
2003-11-24,69.4088363647461
2003-11-25,69.6717987060547
2003-11-26,69.9215927124023
2003-11-28,69.9741516113281
2003-12-01,70.7301254272461
2003-12-02,70.5526275634766
2003-12-03,70.4408645629883
2003-12-04,70.7301254272461
2003-12-05,70.2371063232422
2003-12-08,70.7103881835938
2003-12-09,70.1648025512695
2003-12-10,70.1582489013672
2003-12-11,70.9470596313477
2003-12-12,71.0850830078125
2003-12-15,70.7301254272461
2003-12-16,71.0982208251953
2003-12-17,71.3217239379883
2003-12-18,72.1237030029297
2003-12-19,71.9228820800781
2003-12-22,72.4248504638672
2003-12-23,72.471061706543
2003-12-24,72.3983993530273
2003-12-26,72.4512634277344
2003-12-29,73.4155120849609
2003-12-30,73.4287338256836
2003-12-31,73.4947814941406
2004-01-02,73.4617614746094
2004-01-05,74.2609252929688
2004-01-06,74.3335342407227
2004-01-07,74.5845260620117
2004-01-08,74.8817138671875
2004-01-09,74.2278442382812
2004-01-12,74.7760848999023
2004-01-13,74.3401718139648
2004-01-14,74.9609832763672
2004-01-15,75.1458892822266
2004-01-16,75.4431076049805
2004-01-20,75.4232864379883
2004-01-21,76.017692565918
2004-01-22,75.8195953369141
2004-01-23,75.5751800537109
2004-01-26,76.526237487793
2004-01-27,75.7402648925781
2004-01-28,74.8750991821289
2004-01-29,74.9477844238281
2004-01-30,74.9477844238281
2004-02-02,75.2713851928711
2004-02-03,75.1458892822266
2004-02-04,74.5316848754883
2004-02-05,74.7496337890625
2004-02-06,75.5884094238281
2004-02-09,75.6082382202148
2004-02-10,75.8525772094727
2004-02-11,76.6583404541016
2004-02-12,76.3809432983398
2004-02-13,76.0375289916992
2004-02-17,76.7243576049805
2004-02-18,76.387565612793
2004-02-19,76.103515625
2004-02-20,75.8723754882812
2004-02-23,75.6808319091797
2004-02-24,75.5487670898438
2004-02-25,75.8657684326172
2004-02-26,75.9119873046875
2004-02-27,75.9648284912109
2004-03-01,76.7177505493164
2004-03-02,76.2686538696289
2004-03-03,76.4073257446289
2004-03-04,76.60546875
2004-03-05,76.8630752563477
2004-03-08,75.9252166748047
2004-03-09,75.6214218139648
2004-03-10,74.3533172607422
2004-03-11,73.3890609741211
2004-03-12,74.3533172607422
2004-03-15,73.4419250488281
2004-03-16,73.8316040039062
2004-03-17,74.6571273803711
2004-03-18,74.6769485473633
2004-03-19,73.6066131591797
2004-03-22,72.6721267700195
2004-03-23,72.5461730957031
2004-03-24,72.6058502197266
2004-03-25,73.5668258666992
2004-03-26,73.5867309570312
2004-03-29,74.6206130981445
2004-03-30,74.8724899291992
2004-03-31,74.9586486816406
2004-04-01,75.409309387207
2004-04-02,75.9792938232422
2004-04-05,76.3968658447266
2004-04-06,76.1516189575195
2004-04-07,75.9726867675781
2004-04-08,75.8003616333008
2004-04-12,76.0986175537109
2004-04-13,75.0315704345703
2004-04-14,75.1508407592773
2004-04-15,74.8658676147461
2004-04-16,75.4424819946289
2004-04-19,75.4424819946289
2004-04-20,74.1765823364258
2004-04-21,74.6736602783203
2004-04-22,75.720817565918
2004-04-23,75.7937240600586
2004-04-26,75.6876983642578
2004-04-27,75.7539825439453
2004-04-28,74.773078918457
2004-04-29,74.1169662475586
2004-04-30,73.5403137207031
2004-05-03,74.3290328979492
2004-05-04,74.2693786621094
2004-05-05,74.7465667724609
2004-05-06,74.1036529541016
2004-05-07,72.8775405883789
2004-05-10,72.1286544799805
2004-05-11,72.738395690918
2004-05-12,73.2022933959961
2004-05-13,72.8974533081055
2004-05-14,72.9305725097656
2004-05-17,72.3075561523438
2004-05-18,72.6721267700195
2004-05-19,72.4202728271484
2004-05-20,72.6522216796875
2004-05-21,72.7781677246094
2004-05-24,73.0830230712891
2004-05-25,74.1301879882812
2004-05-26,74.3886566162109
2004-05-27,74.8062210083008
2004-05-28,74.7995758056641
2004-06-01,74.7001724243164
2004-06-02,74.9785079956055
2004-06-03,74.2892532348633
2004-06-04,74.8791427612305
2004-06-07,76.0191040039062
2004-06-08,76.1251373291016
2004-06-09,75.4159622192383
2004-06-10,75.7870712280273
2004-06-14,75.038215637207
2004-06-15,75.5683746337891
2004-06-16,75.5551528930664
2004-06-17,75.4424819946289
2004-06-18,75.5848236083984
2004-06-21,75.2987899780273
2004-06-22,75.6779327392578
2004-06-23,76.329833984375
2004-06-24,76.0903778076172
2004-06-25,75.7244873046875
2004-06-28,75.4651031494141
2004-06-29,75.777717590332
2004-06-30,76.1835021972656
2004-07-01,75.1258544921875
2004-07-02,75.0859375
2004-07-06,74.427375793457
2004-07-07,74.6469268798828
2004-07-08,74.1280517578125
2004-07-09,74.3209457397461
2004-07-12,74.3541946411133
2004-07-13,74.4074630737305
2004-07-14,74.1813049316406
2004-07-15,73.7023391723633
2004-07-16,73.6424713134766
2004-07-19,73.3298416137695
2004-07-20,74.261116027832
2004-07-21,72.8908157348633
2004-07-22,73.0903930664062
2004-07-23,72.4784240722656
2004-07-26,72.3387145996094
2004-07-27,73.0171890258789
2004-07-28,73.2367095947266
2004-07-29,73.5493469238281
2004-07-30,73.7289276123047
2004-08-02,73.8819351196289
2004-08-03,73.3098907470703
2004-08-04,73.3032913208008
2004-08-05,72.1059494018555
2004-08-06,71.0748901367188
2004-08-09,71.1746215820312
2004-08-10,72.0926208496094
2004-08-11,71.9462890625
2004-08-12,71.1613693237305
2004-08-13,71.3010559082031
2004-08-16,72.0393753051758
2004-08-17,72.4451293945312
2004-08-18,73.1901626586914
2004-08-19,72.9773101806641
2004-08-20,73.4894790649414
2004-08-23,73.3032913208008
2004-08-24,73.4030303955078
2004-08-25,73.9019165039062
2004-08-26,73.9019165039062
2004-08-27,74.1347274780273
2004-08-30,73.5227355957031
2004-08-31,73.9085388183594
2004-09-01,74.0482482910156
2004-09-02,74.8863525390625
2004-09-03,74.5803833007812
2004-09-07,75.072624206543
2004-09-08,74.8863525390625
2004-09-09,74.8198318481445
2004-09-10,75.205680847168
2004-09-13,75.4517822265625
2004-09-14,75.6047897338867
2004-09-15,75.0327072143555
2004-09-16,75.2588729858398
2004-09-17,75.5788269042969
2004-09-20,75.124641418457
2004-09-21,75.4519195556641
2004-09-22,74.510124206543
2004-09-23,74.1093521118164
2004-09-24,74.4499588012695
2004-09-27,73.9757385253906
2004-09-28,74.3297500610352
2004-09-29,74.7037963867188
2004-09-30,74.6503753662109
2004-10-01,75.9127731323242
2004-10-04,76.0397033691406
2004-10-05,76.0797882080078
2004-10-06,76.6007843017578
2004-10-07,75.7792510986328
2004-10-08,75.1513442993164
2004-10-11,75.458625793457
2004-10-12,75.1646881103516
2004-10-13,74.5034408569336
2004-10-14,73.9022369384766
2004-10-15,74.3163909912109
2004-10-18,74.5969314575195
2004-10-19,73.9690628051758
2004-10-20,73.8221054077148
2004-10-21,74.3030624389648
2004-10-22,73.4680786132812
2004-10-25,73.3812866210938
2004-10-26,74.5034408569336
2004-10-27,75.3984909057617
2004-10-28,75.625602722168
2004-10-29,75.6122283935547
2004-11-01,75.8192749023438
2004-11-02,75.8460083007812
2004-11-03,76.8011779785156
2004-11-04,77.8498764038086
2004-11-05,78.3374633789062
2004-11-08,78.2239151000977
2004-11-09,78.0702896118164
2004-11-10,78.1304244995117
2004-11-11,78.7248840332031
2004-11-12,79.3460922241211
2004-11-15,79.5410308837891
2004-11-16,78.9715805053711
2004-11-17,79.4405288696289
2004-11-18,79.5476989746094
2004-11-19,78.6633987426758
2004-11-22,79.0385894775391
2004-11-23,79.1591720581055
2004-11-24,79.3467330932617
2004-11-26,79.2864379882812
2004-11-29,78.9246826171875
2004-11-30,78.9782867431641
2004-12-01,79.8759994506836
2004-12-02,79.9430313110352
2004-12-03,79.8893737792969
2004-12-06,79.8625946044922
2004-12-07,79.1189422607422
2004-12-08,79.5812377929688
2004-12-09,79.8625946044922
2004-12-10,79.9430313110352
2004-12-13,80.6397171020508
2004-12-14,80.9210815429688
2004-12-15,80.9813690185547
2004-12-16,80.9344863891602
2004-12-17,80.3946685791016
2004-12-20,80.4148635864258
2004-12-21,81.0340957641602
2004-12-22,81.2293243408203
2004-12-23,81.2898941040039
2004-12-27,81.1216201782227
2004-12-28,81.5658340454102
2004-12-29,81.6869888305664
2004-12-30,81.5321731567383
2004-12-31,81.3571929931641
2005-01-03,80.9735107421875
2005-01-04,79.9840850830078
2005-01-05,79.4321365356445
2005-01-06,79.8360061645508
2005-01-07,79.7215881347656
2005-01-10,80.0985107421875
2005-01-11,79.5465545654297
2005-01-12,79.8090515136719
2005-01-13,79.1696243286133
2005-01-14,79.5869445800781
2005-01-18,80.4148635864258
2005-01-19,79.573486328125
2005-01-20,79.0888519287109
2005-01-21,78.604248046875
2005-01-24,78.4494476318359
2005-01-25,78.6715469360352
2005-01-26,78.9071197509766
2005-01-27,79.0417251586914
2005-01-28,79.0417251586914
2005-01-31,79.5331039428711
2005-02-01,80.0379409790039
2005-02-02,80.2802200317383
2005-02-03,80.0715484619141
2005-02-04,80.9264068603516
2005-02-07,80.8186721801758
2005-02-08,80.9129333496094
2005-02-09,80.3071746826172
2005-02-10,80.5966033935547
2005-02-11,81.2898941040039
2005-02-14,81.2293243408203
2005-02-15,81.5321731567383
2005-02-16,81.5860443115234
2005-02-17,80.9264068603516
2005-02-18,81.0340957641602
2005-02-22,79.8292694091797
2005-02-23,80.4013900756836
2005-02-24,80.9331359863281
2005-02-25,81.7340927124023
2005-02-28,81.1956481933594
2005-03-01,81.5995254516602
2005-03-02,81.5591278076172
2005-03-03,81.5927886962891
2005-03-04,82.6091461181641
2005-03-07,82.6495513916016
2005-03-08,82.3399047851562
2005-03-09,81.4244995117188
2005-03-10,81.6062316894531
2005-03-11,81.0340957641602
2005-03-14,81.5389099121094
2005-03-15,80.865837097168
2005-03-16,80.1792678833008
2005-03-17,80.3408050537109
2005-03-18,80.102294921875
2005-03-21,79.8049392700195
2005-03-22,78.9940643310547
2005-03-23,79.061637878418
2005-03-24,79.15625
2005-03-28,79.2711563110352
2005-03-29,78.7440567016602
2005-03-30,79.859001159668
2005-03-31,79.7103652954102
2005-04-01,79.3521881103516
2005-04-04,79.4873504638672
2005-04-05,79.8657913208008
2005-04-06,80.1428146362305
2005-04-07,80.5752563476562
2005-04-08,79.7373657226562
2005-04-11,79.7982177734375
2005-04-12,80.2103958129883
2005-04-13,79.2643814086914
2005-04-14,78.2304534912109
2005-04-15,77.1357574462891
2005-04-18,77.3722839355469
2005-04-19,77.9872283935547
2005-04-20,76.899284362793
2005-04-21,78.3926544189453
2005-04-22,78.0953598022461
2005-04-25,78.6089019775391
2005-04-26,77.8452835083008
2005-04-27,78.1493759155273
2005-04-28,77.1695709228516
2005-04-29,78.2169952392578
2005-05-02,78.6562118530273
2005-05-03,78.7913513183594
2005-05-04,79.3995361328125
2005-05-05,79.3724670410156
2005-05-06,79.122444152832
2005-05-09,79.6157455444336
2005-05-10,78.7913513183594
2005-05-11,79.2237930297852
2005-05-12,78.3520965576172
2005-05-13,78.1966934204102
2005-05-16,78.9264831542969
2005-05-17,79.4535598754883
2005-05-18,80.2712173461914
2005-05-19,80.6091003417969
2005-05-20,80.4941864013672
2005-05-23,80.9401931762695
2005-05-24,80.7509918212891
2005-05-25,80.6901779174805
2005-05-26,81.1226348876953
2005-05-27,81.2578048706055
2005-05-31,80.7374954223633
2005-06-01,81.4267349243164
2005-06-02,81.6024322509766
2005-06-03,81.1902618408203
2005-06-06,81.1158752441406
2005-06-07,81.1767196655273
2005-06-08,81.0280303955078
2005-06-09,81.413215637207
2005-06-10,81.2240371704102
2005-06-13,81.4808044433594
2005-06-14,81.6700210571289
2005-06-15,81.8254089355469
2005-06-16,82.0349044799805
2005-06-17,82.3388595581055
2005-06-20,82.3660049438477
2005-06-21,82.4134902954102
2005-06-22,82.481330871582
2005-06-23,81.321174621582
2005-06-24,80.7240982055664
2005-06-27,80.8394393920898
2005-06-28,81.5179138183594
2005-06-29,81.3007888793945
2005-06-30,80.8598251342773
2005-07-01,81.0972671508789
2005-07-05,81.7485580444336
2005-07-06,81.0633544921875
2005-07-07,81.382209777832
2005-07-08,82.3117294311523
2005-07-11,82.7323532104492
2005-07-12,82.9494857788086
2005-07-13,83.0647811889648
2005-07-14,83.3904800415039
2005-07-15,83.3430023193359
2005-07-18,83.0105209350586
2005-07-19,83.4651260375977
2005-07-20,83.7500762939453
2005-07-21,83.2615432739258
2005-07-22,83.8179244995117
2005-07-25,83.580436706543
2005-07-26,83.682243347168
2005-07-27,83.9875411987305
2005-07-28,84.5167236328125
2005-07-29,83.9535827636719
2005-08-01,83.8925399780273
2005-08-02,84.3946075439453
2005-08-03,84.6185150146484
2005-08-04,83.9400405883789
2005-08-05,83.3701095581055
2005-08-08,83.2140808105469
2005-08-09,83.7161254882812
2005-08-10,83.6754608154297
2005-08-11,84.0078811645508
2005-08-12,83.4922180175781
2005-08-15,84.0078811645508
2005-08-16,82.9155426025391
2005-08-17,82.9087371826172
2005-08-18,82.901985168457
2005-08-19,83.0919494628906
2005-08-22,83.0919494628906
2005-08-23,82.935905456543
2005-08-24,82.1963653564453
2005-08-25,82.4949035644531
2005-08-26,81.9317855834961
2005-08-29,82.5627517700195
2005-08-30,82.128547668457
2005-08-31,83.1665878295898
2005-09-01,83.1054763793945
2005-09-02,82.9562683105469
2005-09-06,83.9264450073242
2005-09-07,84.0689468383789
2005-09-08,83.7907867431641
2005-09-09,84.5370941162109
2005-09-12,84.3674926757812
2005-09-13,83.8993453979492
2005-09-14,83.5940246582031
2005-09-15,83.5533142089844
2005-09-16,84.1474609375
2005-09-19,83.8681182861328
2005-09-20,83.1594848632812
2005-09-21,82.3827590942383
2005-09-22,82.6757049560547
2005-09-23,82.7438507080078
2005-09-26,82.8392181396484
2005-09-27,82.8188018798828
2005-09-28,82.9005508422852
2005-09-29,83.5751266479492
2005-09-30,83.8340148925781
2005-10-03,83.5342407226562
2005-10-04,82.5939636230469
2005-10-05,81.5105743408203
2005-10-06,81.2176513671875
2005-10-07,81.4969940185547
2005-10-10,80.8087768554688
2005-10-11,80.6929779052734
2005-10-12,80.0592880249023
2005-10-13,80.011589050293
2005-10-14,80.8564987182617
2005-10-17,81.1563110351562
2005-10-18,80.2773742675781
2005-10-19,81.6128234863281
2005-10-20,80.1751327514648
2005-10-21,80.4885864257812
2005-10-24,81.7354507446289
2005-10-25,81.571891784668
2005-10-26,81.3334579467773
2005-10-27,80.4681396484375
2005-10-28,81.6264266967773
2005-10-31,81.8513107299805
2005-11-01,82.0965576171875
2005-11-02,82.9550933837891
2005-11-03,83.3093643188477
2005-11-04,83.2003402709961
2005-11-07,83.282112121582
2005-11-08,83.282112121582
2005-11-09,83.3911666870117
2005-11-10,84.038444519043
2005-11-11,84.3246154785156
2005-11-14,84.2769470214844
2005-11-15,83.9702911376953
2005-11-16,84.1406021118164
2005-11-17,84.9242095947266
2005-11-18,85.2580718994141
2005-11-21,85.6872940063477
2005-11-22,86.0552520751953
2005-11-23,86.5526428222656
2005-11-25,86.6207427978516
2005-11-28,86.0075836181641
2005-11-29,85.9121704101562
2005-11-30,85.4488677978516
2005-12-01,86.3209762573242
2005-12-02,86.4300079345703
2005-12-05,86.2460098266602
2005-12-06,86.4095687866211
2005-12-07,85.9053497314453
2005-12-08,85.8508377075195
2005-12-09,86.0756912231445
2005-12-12,86.1574401855469
2005-12-13,86.7433929443359
2005-12-14,87.0840835571289
2005-12-15,86.8320083618164
2005-12-16,86.5525207519531
2005-12-19,86.1072845458984
2005-12-20,86.1895141601562
2005-12-21,86.3264770507812
2005-12-22,86.7785568237305
2005-12-23,86.826530456543
2005-12-27,85.9429016113281
2005-12-28,86.1346893310547
2005-12-29,85.7510833740234
2005-12-30,85.2853393554688
2006-01-03,86.7854232788086
2006-01-04,87.1963882446289
2006-01-05,87.2511901855469
2006-01-06,87.9772720336914
2006-01-09,88.2033004760742
2006-01-10,88.2923431396484
2006-01-11,88.5731582641602
2006-01-12,88.2238388061523
2006-01-13,88.1416320800781
2006-01-17,87.9019165039062
2006-01-18,87.5525741577148
2006-01-19,87.8882064819336
2006-01-20,86.2853775024414
2006-01-23,86.5936279296875
2006-01-24,86.6826705932617
2006-01-25,86.7580337524414
2006-01-26,87.2375259399414
2006-01-27,88.0457763671875
2006-01-30,87.9772720336914
2006-01-31,87.3333969116211
2006-02-01,87.9430313110352
2006-02-02,86.9224166870117
2006-02-03,86.4908752441406
2006-02-06,86.716926574707
2006-02-07,85.9497756958008
2006-02-08,86.7306289672852
2006-02-09,86.5867614746094
2006-02-10,86.7442932128906
2006-02-13,86.5867614746094
2006-02-14,87.5046081542969
2006-02-15,87.812873840332
2006-02-16,88.4704513549805
2006-02-17,88.2306976318359
2006-02-21,88.0114974975586
2006-02-22,88.545783996582
2006-02-23,88.4156723022461
2006-02-24,88.6416702270508
2006-02-27,88.675910949707
2006-02-28,87.8334274291992
2006-03-01,88.6142730712891
2006-03-02,88.6074142456055
2006-03-03,88.1964492797852
2006-03-06,87.7923202514648
2006-03-07,87.6553421020508
2006-03-08,87.8402709960938
2006-03-09,87.2511901855469
2006-03-10,88.0800170898438
2006-03-13,88.2443923950195
2006-03-14,89.1691055297852
2006-03-15,89.5663681030273
2006-03-16,89.7513198852539
2006-03-17,89.8262939453125
2006-03-20,89.6818618774414
2006-03-21,89.1179580688477
2006-03-22,89.6612396240234
2006-03-23,89.4755401611328
2006-03-24,89.544319152832
2006-03-27,89.4136962890625
2006-03-28,88.8635177612305
2006-03-29,89.4205169677734
2006-03-30,89.2623672485352
2006-03-31,89.2830047607422
2006-04-03,89.2142105102539
2006-04-04,89.7850341796875
2006-04-05,90.0944671630859
2006-04-06,89.9981918334961
2006-04-07,89.0835647583008
2006-04-10,89.2211151123047
2006-04-11,88.464599609375
2006-04-12,88.6297073364258
2006-04-13,88.5127868652344
2006-04-17,88.4784240722656
2006-04-18,89.8812942504883
2006-04-19,90.05322265625
2006-04-20,90.1770172119141
2006-04-21,90.1907424926758
2006-04-24,90.0257263183594
2006-04-25,89.6543350219727
2006-04-26,89.6749725341797
2006-04-27,90.1082458496094
2006-04-28,90.4108200073242
2006-05-01,89.6749725341797
2006-05-02,90.3489456176758
2006-05-03,90.0119323730469
2006-05-04,90.335205078125
2006-05-05,91.1328887939453
2006-05-08,91.0228958129883
2006-05-09,91.2016525268555
2006-05-10,91.1535415649414
2006-05-11,90.05322265625
2006-05-12,88.8773040771484
2006-05-15,89.0560531616211
2006-05-16,88.9253921508789
2006-05-17,87.2336730957031
2006-05-18,86.7935485839844
2006-05-19,87.4056243896484
2006-05-22,86.7385559082031
2006-05-23,86.078369140625
2006-05-24,86.7660369873047
2006-05-25,87.8388442993164
2006-05-26,88.2858276367188
2006-05-30,86.7179183959961
2006-05-31,87.6875610351562
2006-06-01,88.5265350341797
2006-06-02,88.7122268676758
2006-06-05,87.4193420410156
2006-06-06,87.2061538696289
2006-06-07,86.5528869628906
2006-06-08,86.4772109985352
2006-06-09,86.2021636962891
2006-06-12,85.2668838500977
2006-06-13,84.2766265869141
2006-06-14,84.9299240112305
2006-06-15,86.7316818237305
2006-06-16,86.0996398925781
2006-06-19,85.4227294921875
2006-06-20,85.7128067016602
2006-06-21,86.3482971191406
2006-06-22,85.968391418457
2006-06-23,85.9545745849609
2006-06-26,86.3345031738281
2006-06-27,85.588508605957
2006-06-28,86.1687545776367
2006-06-29,87.9093704223633
2006-06-30,87.9162673950195
2006-07-03,88.2754821777344
2006-07-05,87.7712249755859
2006-07-06,88.0267868041992
2006-07-07,87.453483581543
2006-07-10,87.6192398071289
2006-07-11,88.0060501098633
2006-07-12,87.0666732788086
2006-07-13,85.6506576538086
2006-07-14,85.3191146850586
2006-07-17,85.1948165893555
2006-07-18,85.6299209594727
2006-07-19,86.8179779052734
2006-07-20,86.2239990234375
2006-07-21,85.6161422729492
2006-07-24,87.1771697998047
2006-07-25,87.488037109375
2006-07-26,87.6054306030273
2006-07-27,87.5225524902344
2006-07-28,88.3997802734375
2006-07-31,88.3099822998047
2006-08-01,87.8748321533203
2006-08-02,88.468879699707
2006-08-03,88.7037200927734
2006-08-04,88.5517272949219
2006-08-07,88.3445205688477
2006-08-08,88.0060501098633
2006-08-09,87.7090759277344
2006-08-10,87.9784545898438
2006-08-11,87.7297592163086
2006-08-14,87.7988433837891
2006-08-15,88.8487854003906
2006-08-16,89.5878448486328
2006-08-17,89.8157806396484
2006-08-18,90.2716674804688
2006-08-21,89.8848495483398
2006-08-22,89.8779525756836
2006-08-23,89.6292877197266
2006-08-24,89.553337097168
2006-08-25,89.6638412475586
2006-08-28,90.0920867919922
2006-08-29,90.1956939697266
2006-08-30,90.2509536743164
2006-08-31,90.2371444702148
2006-09-01,90.7759170532227
2006-09-05,90.9485778808594
2006-09-06,90.1473388671875
2006-09-07,89.7328872680664
2006-09-08,89.9884719848633
2006-09-11,90.078254699707
2006-09-12,90.9624099731445
2006-09-13,91.3284912109375
2006-09-14,91.3353500366211
2006-09-15,91.5497665405273
2006-09-18,91.6746673583984
2006-09-19,91.4456787109375
2006-09-20,91.9313354492188
2006-09-21,91.4872970581055
2006-09-22,91.2098083496094
2006-09-25,91.9105377197266
2006-09-26,92.673713684082
2006-09-27,92.7846755981445
2006-09-28,92.7499542236328
2006-09-29,92.673713684082
2006-10-02,92.3267822265625
2006-10-03,92.5210113525391
2006-10-04,93.6033020019531
2006-10-05,93.7837219238281
2006-10-06,93.6657409667969
2006-10-09,93.7212753295898
2006-10-10,93.8461380004883
2006-10-11,93.7351150512695
2006-10-12,94.5468521118164
2006-10-13,94.789680480957
2006-10-16,94.9353790283203
2006-10-17,94.6370239257812
2006-10-18,94.7619094848633
2006-10-19,94.9145278930664
2006-10-20,94.9353790283203
2006-10-23,95.3724517822266
2006-10-24,95.6568832397461
2006-10-25,95.9829406738281
2006-10-26,96.2812652587891
2006-10-27,95.6776962280273
2006-10-30,95.6082992553711
2006-10-31,95.5944519042969
2006-11-01,94.9492340087891
2006-11-02,94.8937301635742
2006-11-03,94.7272033691406
2006-11-06,95.7956390380859
2006-11-07,96.1633529663086
2006-11-08,96.371452331543
2006-11-09,95.8650131225586
2006-11-10,95.9066467285156
2006-11-13,96.1425399780273
2006-11-14,96.8640747070312
2006-11-15,97.1415481567383
2006-11-16,97.3912887573242
2006-11-17,97.4190368652344
2006-11-20,97.4745864868164
2006-11-21,97.5716857910156
2006-11-22,97.7659225463867
2006-11-24,97.3705215454102
2006-11-27,96.0314559936523
2006-11-28,96.4477844238281
2006-11-29,97.4537506103516
2006-11-30,97.4953689575195
2006-12-01,97.2802734375
2006-12-04,98.0226516723633
2006-12-05,98.4457931518555
2006-12-06,98.3625869750977
2006-12-07,97.9324493408203
2006-12-08,98.1128387451172
2006-12-11,98.3972930908203
2006-12-12,98.320930480957
2006-12-13,98.4249649047852
2006-12-14,99.2922134399414
2006-12-15,99.3013153076172
2006-12-18,99.0292129516602
2006-12-19,99.2175674438477
2006-12-20,99.1618118286133
2006-12-21,98.7989959716797
2006-12-22,98.1920394897461
2006-12-26,98.7710723876953
2006-12-27,99.4198760986328
2006-12-28,99.2106475830078
2006-12-29,98.7989959716797
2007-01-03,98.6245498657227
2007-01-04,98.8338851928711
2007-01-05,98.0455474853516
2007-01-08,98.4990158081055
2007-01-09,98.4153060913086
2007-01-10,98.7431945800781
2007-01-11,99.1757507324219
2007-01-12,99.9291687011719
2007-01-16,99.7338180541992
2007-01-17,99.7757110595703
2007-01-18,99.4408264160156
2007-01-19,99.6361694335938
2007-01-22,99.3291778564453
2007-01-23,99.6222229003906
2007-01-24,100.424499511719
2007-01-25,99.2454681396484
2007-01-26,99.1547927856445
2007-01-29,99.0989608764648
2007-01-30,99.6152191162109
2007-01-31,100.284996032715
2007-02-01,100.884918212891
2007-02-02,101.024452209473
2007-02-05,101.052391052246
2007-02-06,101.080268859863
2007-02-07,101.303497314453
2007-02-08,101.170875549316
2007-02-09,100.417526245117
2007-02-12,100.075698852539
2007-02-13,100.919830322266
2007-02-14,101.582557678223
2007-02-15,101.715126037598
2007-02-16,101.666275024414
2007-02-20,101.882507324219
2007-02-21,101.840705871582
2007-02-22,101.763969421387
2007-02-23,101.366271972656
2007-02-26,101.275604248047
2007-02-27,97.3200149536133
2007-02-28,98.3175964355469
2007-03-01,98.0246047973633
2007-03-02,96.7409515380859
2007-03-05,95.8201141357422
2007-03-06,97.4595565795898
2007-03-07,97.3619155883789
2007-03-08,98.1850662231445
2007-03-09,98.2129745483398
2007-03-12,98.359504699707
2007-03-13,96.4479827880859
2007-03-14,97.1665496826172
2007-03-15,97.2990875244141
2007-03-16,97.0266342163086
2007-03-19,98.1962966918945
2007-03-20,98.735595703125
2007-03-21,100.360542297363
2007-03-22,100.283500671387
2007-03-23,100.430572509766
2007-03-26,100.297492980957
2007-03-27,100.05933380127
2007-03-28,99.3309326171875
2007-03-29,99.4360046386719
2007-03-30,99.4570083618164
2007-04-02,99.5691070556641
2007-04-03,100.640670776367
2007-04-04,100.752777099609
2007-04-05,101.02596282959
2007-04-09,101.165985107422
2007-04-10,101.28507232666
2007-04-11,100.871803283691
2007-04-12,101.320083618164
2007-04-13,101.782348632812
2007-04-16,102.748931884766
2007-04-17,103.022064208984
2007-04-18,103.148094177246
2007-04-19,103.120178222656
2007-04-20,104.093696594238
2007-04-23,103.701438903809
2007-04-24,103.743492126465
2007-04-25,104.695983886719
2007-04-26,104.81510925293
2007-04-27,104.731033325195
2007-04-30,103.862525939941
2007-05-01,104.128730773926
2007-05-02,104.738021850586
2007-05-03,105.305374145508
2007-05-04,105.704582214355
2007-05-07,105.725616455078
2007-05-08,105.585502624512
2007-05-09,105.872673034668
2007-05-10,104.766044616699
2007-05-11,105.662574768066
2007-05-14,105.431457519531
2007-05-15,105.459465026855
2007-05-16,106.180877685547
2007-05-17,105.970764160156
2007-05-18,106.895286560059
2007-05-21,106.839210510254
2007-05-22,106.755226135254
2007-05-23,106.769218444824
2007-05-24,105.802696228027
2007-05-25,106.243881225586
2007-05-29,106.629165649414
2007-05-30,107.49764251709
2007-05-31,107.385620117188
2007-06-01,107.917831420898
2007-06-04,107.931861877441
2007-06-05,107.504653930664
2007-06-06,106.348945617676
2007-06-07,104.429870605469
2007-06-08,105.788642883301
2007-06-11,105.970764160156
2007-06-12,104.81510925293
2007-06-13,106.383995056152
2007-06-14,107.063339233398
2007-06-15,107.672569274902
2007-06-18,107.545944213867
2007-06-19,107.813217163086
2007-06-20,106.314956665039
2007-06-21,106.905776977539
2007-06-22,105.89998626709
2007-06-25,105.393440246582
2007-06-26,104.310180664062
2007-06-27,105.794387817383
2007-06-28,105.780311584473
2007-06-29,105.815521240234
2007-07-02,106.772155761719
2007-07-03,107.159027099609
2007-07-05,107.046493530273
2007-07-06,107.609222412109
2007-07-09,107.693634033203
2007-07-10,106.160186767578
2007-07-11,106.912841796875
2007-07-12,108.601051330566
2007-07-13,108.924613952637
2007-07-16,108.910552978516
2007-07-17,108.854278564453
2007-07-18,108.657348632812
2007-07-19,109.079399108887
2007-07-20,107.974952697754
2007-07-23,108.305572509766
2007-07-24,106.427505493164
2007-07-25,106.645538330078
2007-07-26,104.120300292969
2007-07-27,102.073303222656
2007-07-30,103.670104980469
2007-07-31,102.502403259277
2007-08-01,103.00186920166
2007-08-02,103.824859619141
2007-08-03,101.151832580566
2007-08-06,102.847114562988
2007-08-07,103.944412231445
2007-08-08,105.393440246582
2007-08-09,102.270317077637
2007-08-10,101.791954040527
2007-08-13,102.157745361328
2007-08-14,100.596115112305
2007-08-15,99.2104110717773
2007-08-16,99.9560089111328
2007-08-17,101.791954040527
2007-08-20,101.742729187012
2007-08-21,101.946731567383
2007-08-22,103.156608581543
2007-08-23,103.065132141113
2007-08-24,104.338333129883
2007-08-27,103.367599487305
2007-08-28,101.095542907715
2007-08-29,103.079208374023
2007-08-30,102.804893493652
2007-08-31,103.817832946777
2007-09-04,104.865921020508
2007-09-05,103.958442687988
2007-09-06,104.197647094727
2007-09-07,102.74861907959
2007-09-10,102.551612854004
2007-09-11,103.747436523438
2007-09-12,104.014770507812
2007-09-13,104.746368408203
2007-09-14,104.739326477051
2007-09-17,104.176582336426
2007-09-18,107.243492126465
2007-09-19,107.876525878906
2007-09-20,107.116828918457
2007-09-21,107.405906677246
2007-09-24,107.207992553711
2007-09-25,106.996017456055
2007-09-26,107.561386108398
2007-09-27,108.197486877441
2007-09-28,107.837036132812
2007-10-01,109.052696228027
2007-10-02,108.90421295166
2007-10-03,108.68514251709
2007-10-04,108.854759216309
2007-10-05,110.148139953613
2007-10-08,109.561531066895
2007-10-09,110.593376159668
2007-10-10,110.409645080566
2007-10-11,109.879554748535
2007-10-12,110.487434387207
2007-10-15,109.554443359375
2007-10-16,108.68514251709
2007-10-17,109.017349243164
2007-10-18,108.62149810791
2007-10-19,105.780326843262
2007-10-22,106.395217895508
2007-10-23,107.257476806641
2007-10-24,107.059616088867
2007-10-25,107.314018249512
2007-10-26,108.572074890137
2007-10-29,108.932502746582
2007-10-30,108.176239013672
2007-10-31,109.299964904785
2007-11-01,106.741539001465
2007-11-02,106.861717224121
2007-11-05,106.048957824707
2007-11-06,107.476608276367
2007-11-07,104.536415100098
2007-11-08,104.006408691406
2007-11-09,102.578742980957
2007-11-12,101.561019897461
2007-11-13,104.656639099121
2007-11-14,104.366828918457
2007-11-15,102.861473083496
2007-11-16,103.03816986084
2007-11-19,101.603424072266
2007-11-20,102.225379943848
2007-11-21,100.133346557617
2007-11-23,101.864967346191
2007-11-26,99.6174621582031
2007-11-27,100.762382507324
2007-11-28,103.985244750977
2007-11-29,104.020545959473
2007-11-30,105.066551208496
2007-12-03,104.373962402344
2007-12-04,103.441040039062
2007-12-05,105.172592163086
2007-12-06,106.67790222168
2007-12-07,106.656753540039
2007-12-10,107.483657836914
2007-12-11,104.536415100098
2007-12-12,105.568321228027
2007-12-13,105.349243164062
2007-12-14,104.01343536377
2007-12-17,102.529304504395
2007-12-18,103.101783752441
2007-12-19,103.101783752441
2007-12-20,103.751953125
2007-12-21,105.247604370117
2007-12-24,106.029159545898
2007-12-26,106.256530761719
2007-12-27,104.920799255371
2007-12-28,104.657867431641
2007-12-31,103.88338470459
2008-01-02,102.973968505859
2008-01-03,102.924247741699
2008-01-04,100.401924133301
2008-01-07,100.316673278809
2008-01-08,98.6967315673828
2008-01-09,99.7340774536133
2008-01-10,100.387702941895
2008-01-11,99.5777587890625
2008-01-14,100.38060760498
2008-01-15,98.1709518432617
2008-01-16,97.3254699707031
2008-01-17,94.8031463623047
2008-01-18,93.829719543457
2008-01-22,92.8776245117188
2008-01-23,95.108642578125
2008-01-24,95.9115447998047
2008-01-25,94.5260314941406
2008-01-28,96.0891571044922
2008-01-29,96.5651931762695
2008-01-30,95.8546905517578
2008-01-31,97.6025314331055
2008-02-01,99.1727600097656
2008-02-04,97.9222793579102
2008-02-05,95.3005142211914
2008-02-06,94.5331420898438
2008-02-07,95.1583938598633
2008-02-08,94.5473327636719
2008-02-11,95.0305099487305
2008-02-12,95.9115447998047
2008-02-13,96.8920059204102
2008-02-14,96.039421081543
2008-02-15,96.0181121826172
2008-02-19,96.2880935668945
2008-02-20,96.5722885131836
2008-02-21,95.7693862915039
2008-02-22,96.3591537475586
2008-02-25,97.5741424560547
2008-02-26,98.3059463500977
2008-02-27,98.2064819335938
2008-02-28,97.2472534179688
2008-02-29,95.0802154541016
2008-03-03,94.8528671264648
2008-03-04,94.4904937744141
2008-03-05,95.0873336791992
2008-03-06,93.1192092895508
2008-03-07,92.160026550293
2008-03-10,90.9450759887695
2008-03-11,94.2134094238281
2008-03-12,93.3323822021484
2008-03-13,93.5384292602539
2008-03-14,92.088996887207
2008-03-17,91.158203125
2008-03-18,94.9452056884766
2008-03-19,92.5934371948242
2008-03-20,94.3085174560547
2008-03-24,96.1935653686523
2008-03-25,96.286376953125
2008-03-26,95.108268737793
2008-03-27,94.8083267211914
2008-03-28,93.9015426635742
2008-03-31,94.2300033569336
2008-04-01,97.5430374145508
2008-04-02,97.6073226928711
2008-04-03,97.8500595092773
2008-04-04,97.7430114746094
2008-04-07,97.7930068969727
2008-04-08,97.6930465698242
2008-04-09,96.9861221313477
2008-04-10,97.1217651367188
2008-04-11,95.2367935180664
2008-04-14,94.9154586791992
2008-04-15,95.1368103027344
2008-04-16,97.7144393920898
2008-04-17,97.8572616577148
2008-04-18,98.8783264160156
2008-04-21,98.9282913208008
2008-04-22,98.4927520751953
2008-04-23,98.3356475830078
2008-04-24,98.7640838623047
2008-04-25,99.6780242919922
2008-04-28,99.6994171142578
2008-04-29,99.3067245483398
2008-04-30,98.7211761474609
2008-05-01,100.763328552246
2008-05-02,101.041809082031
2008-05-05,100.556266784668
2008-05-06,101.427383422852
2008-05-07,99.6208953857422
2008-05-08,99.3638229370117
2008-05-09,99.1781768798828
2008-05-12,100.292060852051
2008-05-13,100.30632019043
2008-05-14,100.513450622559
2008-05-15,101.770095825195
2008-05-16,101.862907409668
2008-05-19,102.141426086426
2008-05-20,101.313133239746
2008-05-21,99.5994873046875
2008-05-22,99.6137390136719
2008-05-23,98.2785263061523
2008-05-27,99.0068130493164
2008-05-28,99.4638061523438
2008-05-29,99.9636077880859
2008-05-30,100.213523864746
2008-06-02,99.1781768798828
2008-06-03,98.5997772216797
2008-06-04,98.5498657226562
2008-06-05,100.520561218262
2008-06-06,97.3145904541016
2008-06-09,97.5501937866211
2008-06-10,97.0646743774414
2008-06-11,95.6366348266602
2008-06-12,96.0007934570312
2008-06-13,97.2146148681641
2008-06-16,97.2717132568359
2008-06-17,96.8004913330078
2008-06-18,95.8579635620117
2008-06-19,95.9793472290039
2008-06-20,94.4214553833008
2008-06-23,94.3281478881836
2008-06-24,94.1415710449219
2008-06-25,94.5865249633789
2008-06-26,92.0175094604492
2008-06-27,91.5151977539062
2008-06-30,91.8380889892578
2008-07-01,92.1251373291016
2008-07-02,90.5464248657227
2008-07-03,90.6397018432617
2008-07-07,89.7140045166016
2008-07-08,91.3070831298828
2008-07-09,89.548942565918
2008-07-10,89.9149322509766
2008-07-11,88.8672409057617
2008-07-14,88.0635299682617
2008-07-15,86.8220596313477
2008-07-16,88.9533462524414
2008-07-17,89.8431777954102
2008-07-18,90.4029006958008
2008-07-21,90.4531173706055
2008-07-22,91.4793167114258
2008-07-23,91.9744262695312
2008-07-24,90.0656127929688
2008-07-25,90.0440902709961
2008-07-28,88.7237319946289
2008-07-29,90.6181869506836
2008-07-30,92.232780456543
2008-07-31,91.0128326416016
2008-08-01,90.5320739746094
2008-08-04,89.692497253418
2008-08-05,92.1108016967773
2008-08-06,92.5198211669922
2008-08-07,91.1420364379883
2008-08-08,92.8355331420898
2008-08-11,93.7971496582031
2008-08-12,92.8211898803711
2008-08-13,92.2614974975586
2008-08-14,92.9575500488281
2008-08-15,93.40966796875
2008-08-18,92.1323394775391
2008-08-19,91.1276473999023
2008-08-20,91.5510482788086
2008-08-21,91.7089385986328
2008-08-22,93.0364761352539
2008-08-25,91.1492080688477
2008-08-26,91.4147186279297
2008-08-27,92.3045654296875
2008-08-28,93.4239730834961
2008-08-29,92.4193649291992
2008-09-02,91.8452606201172
2008-09-03,91.766357421875
2008-09-04,89.0035858154297
2008-09-05,89.283447265625
2008-09-08,91.1276473999023
2008-09-09,88.4223327636719
2008-09-10,88.7811126708984
2008-09-11,90.0656127929688
2008-09-12,90.4818649291992
2008-09-15,86.1762466430664
2008-09-16,87.6186141967773
2008-09-17,83.6790237426758
2008-09-18,86.1618881225586
2008-09-19,89.5837326049805
2008-09-22,87.5555953979492
2008-09-23,85.5635833740234
2008-09-24,85.8378372192383
2008-09-25,87.180290222168
2008-09-26,87.2235641479492
2008-09-29,80.3885955810547
2008-09-30,83.7159042358398
2008-10-01,83.7664108276367
2008-10-02,80.7278060913086
2008-10-03,79.6379928588867
2008-10-06,75.5817642211914
2008-10-07,72.1967315673828
2008-10-08,70.3779144287109
2008-10-09,65.4628067016602
2008-10-10,63.8749580383301
2008-10-13,73.1494903564453
2008-10-14,72.0668563842773
2008-10-15,64.9720077514648
2008-10-16,67.6785736083984
2008-10-17,67.2744140625
2008-10-20,71.3162002563477
2008-10-21,69.1870422363281
2008-10-22,65.4194946289062
2008-10-23,66.177360534668
2008-10-24,62.8212127685547
2008-10-27,60.5910148620605
2008-10-28,67.6713333129883
2008-10-29,67.1805801391602
2008-10-30,69.5046157836914
2008-10-31,69.8871612548828
2008-11-03,70.0892105102539
2008-11-04,72.4710006713867
2008-11-05,69.4252014160156
2008-11-06,65.5782852172852
2008-11-07,67.7435455322266
2008-11-10,66.8557968139648
2008-11-11,64.7915649414062
2008-11-12,61.9406890869141
2008-11-13,65.8020401000977
2008-11-14,62.5180511474609
2008-11-17,61.6880874633789
2008-11-18,62.8500442504883
2008-11-19,58.8226890563965
2008-11-20,54.4561157226562
2008-11-21,57.3936195373535
2008-11-24,61.3704719543457
2008-11-25,61.8251724243164
2008-11-26,64.2141952514648
2008-11-28,65.0225372314453
2008-12-01,59.2629432678223
2008-12-02,61.5436782836914
2008-12-03,63.0232963562012
2008-12-04,61.5653419494629
2008-12-05,63.4635353088379
2008-12-08,65.6793441772461
2008-12-09,64.5967254638672
2008-12-10,65.0369644165039
2008-12-11,63.4707870483398
2008-12-12,64.2285995483398
2008-12-15,63.3336372375488
2008-12-16,66.3144912719727
2008-12-17,65.6721267700195
2008-12-18,64.4451217651367
2008-12-19,64.1679382324219
2008-12-22,63.3457450866699
2008-12-23,62.6908874511719
2008-12-24,63.0547027587891
2008-12-26,63.4184799194336
2008-12-29,63.236629486084
2008-12-30,64.7354736328125
2008-12-31,65.6595077514648
2009-01-02,67.6386184692383
2009-01-05,67.5585784912109
2009-01-06,68.0097045898438
2009-01-07,65.9723892211914
2009-01-08,66.241584777832
2009-01-09,64.8227996826172
2009-01-12,63.2656669616699
2009-01-13,63.3820953369141
2009-01-14,61.3884162902832
2009-01-15,61.4102745056152
2009-01-16,61.8905067443848
2009-01-20,58.6235275268555
2009-01-21,61.1556358337402
2009-01-22,60.2097244262695
2009-01-23,60.4716644287109
2009-01-26,60.8864059448242
2009-01-27,61.5048675537109
2009-01-28,63.5858154296875
2009-01-29,61.5194129943848
2009-01-30,60.2679252624512
2009-02-02,60.0860214233398
2009-02-03,60.9300689697266
2009-02-04,60.6317520141602
2009-02-05,61.5339317321777
2009-02-06,63.2874946594238
2009-02-09,63.3748435974121
2009-02-10,60.4716644287109
2009-02-11,60.8281631469727
2009-02-12,60.8718414306641
2009-02-13,60.2170028686523
2009-02-17,57.6412544250488
2009-02-18,57.5030212402344
2009-02-19,56.8845405578613
2009-02-20,56.3315467834473
2009-02-23,54.316089630127
2009-02-24,56.3752517700195
2009-02-25,55.9313888549805
2009-02-26,55.021858215332
2009-02-27,53.7922134399414
2009-03-02,51.3692588806152
2009-03-03,50.9836349487305
2009-03-04,52.1914558410645
2009-03-05,50.0595703125
2009-03-06,50.1468811035156
2009-03-09,49.5575141906738
2009-03-10,52.511589050293
2009-03-11,52.8535919189453
2009-03-12,54.9345321655273
2009-03-13,55.3638305664062
2009-03-16,55.1964912414551
2009-03-17,56.8845405578613
2009-03-18,58.1578598022461
2009-03-19,57.4375381469727
2009-03-20,56.214469909668
2009-03-23,60.2522964477539
2009-03-24,59.0651473999023
2009-03-25,59.6880073547363
2009-03-26,60.9044952392578
2009-03-27,59.8052597045898
2009-03-30,57.7387008666992
2009-03-31,58.2736625671387
2009-04-01,59.4022178649902
2009-04-02,61.1389846801758
2009-04-03,61.7472381591797
2009-04-06,61.2635269165039
2009-04-07,59.8345794677734
2009-04-08,60.4794616699219
2009-04-09,62.8830986022949
2009-04-13,62.8977584838867
2009-04-14,61.8131523132324
2009-04-15,62.4727439880371
2009-04-16,63.3887672424316
2009-04-17,63.8137893676758
2009-04-20,61.1389846801758
2009-04-21,62.3334732055664
2009-04-22,61.9523963928223
2009-04-23,62.560661315918
2009-04-24,63.5060081481934
2009-04-27,62.9050941467285
2009-04-28,62.7072296142578
2009-04-29,64.0409317016602
2009-04-30,64.0628890991211
2009-05-01,64.4073333740234
2009-05-04,66.5984802246094
2009-05-05,66.3713302612305
2009-05-06,67.5218200683594
2009-05-07,66.5838088989258
2009-05-08,68.1373901367188
2009-05-11,66.8622970581055
2009-05-12,66.6644287109375
2009-05-13,64.9863128662109
2009-05-14,65.5432205200195
2009-05-15,65.0082550048828
2009-05-18,66.8549652099609
2009-05-19,66.7743606567383
2009-05-20,66.3273391723633
2009-05-21,65.3746795654297
2009-05-22,65.2354354858398
2009-05-26,66.9062576293945
2009-05-27,65.7117767333984
2009-05-28,66.627799987793
2009-05-29,67.8076171875
2009-06-01,69.4491424560547
2009-06-02,69.5077972412109
2009-06-03,68.6283798217773
2009-06-04,69.2732772827148
2009-06-05,69.2879409790039
2009-06-08,69.0020904541016
2009-06-09,69.353874206543
2009-06-10,69.1780166625977
2009-06-11,69.4857788085938
2009-06-12,69.6763229370117
2009-06-15,68.0787658691406
2009-06-16,67.155403137207
2009-06-17,67.089485168457
2009-06-18,67.5804672241211
2009-06-19,67.8295516967773
2009-06-22,65.7955627441406
2009-06-23,65.8471374511719
2009-06-24,66.4146194458008
2009-06-25,67.8590393066406
2009-06-26,67.6821670532227
2009-06-29,68.3159561157227
2009-06-30,67.7632141113281
2009-07-01,68.0432739257812
2009-07-02,66.1861343383789
2009-07-06,66.1787719726562
2009-07-07,64.8964538574219
2009-07-08,64.8522567749023
2009-07-09,64.9775390625
2009-07-10,64.8227920532227
2009-07-13,66.3998336791992
2009-07-14,66.7756958007812
2009-07-15,68.728630065918
2009-07-16,68.6180877685547
2009-07-17,69.3698196411133
2009-07-20,70.1067581176758
2009-07-21,70.4310302734375
2009-07-22,70.4162826538086
2009-07-23,71.9712600708008
2009-07-24,72.2660446166992
2009-07-27,72.479736328125
2009-07-28,72.1407623291016
2009-07-29,71.9639053344727
2009-07-30,72.7155838012695
2009-07-31,72.818733215332
2009-08-03,74.0199890136719
2009-08-04,74.2115936279297
2009-08-05,73.9978942871094
2009-08-06,73.6146545410156
2009-08-07,74.5800476074219
2009-08-10,74.4253387451172
2009-08-11,73.4967269897461
2009-08-12,74.2853012084961
2009-08-13,74.8527526855469
2009-08-14,74.277961730957
2009-08-17,72.4502716064453
2009-08-18,73.0251083374023
2009-08-19,73.6662445068359
2009-08-20,74.4253387451172
2009-08-21,75.8844757080078
2009-08-24,75.8771209716797
2009-08-25,76.024528503418
2009-08-26,76.0318984985352
2009-08-27,76.2013931274414
2009-08-28,76.1866302490234
2009-08-31,75.5086212158203
2009-09-01,73.8431167602539
2009-09-02,73.5630645751953
2009-09-03,74.1747512817383
2009-09-04,75.2138671875
2009-09-08,75.8623886108398
2009-09-09,76.4446105957031
2009-09-10,77.2257385253906
2009-09-11,77.2110214233398
2009-09-14,77.5868682861328
2009-09-15,77.9111175537109
2009-09-16,79.0902481079102
2009-09-17,78.9723587036133
2009-09-18,79.022705078125
2009-09-21,78.8227844238281
2009-09-22,79.2818756103516
2009-09-23,78.6228332519531
2009-09-24,77.7565155029297
2009-09-25,77.3418426513672
2009-09-28,78.7265167236328
2009-09-29,78.4895553588867
2009-09-30,78.1859436035156
2009-10-01,76.2459411621094
2009-10-02,75.8905181884766
2009-10-05,77.0234451293945
2009-10-06,78.1267318725586
2009-10-07,78.3414535522461
2009-10-08,78.9412384033203
2009-10-09,79.4225540161133
2009-10-12,79.7335586547852
2009-10-13,79.5706329345703
2009-10-14,80.9405288696289
2009-10-15,81.2366790771484
2009-10-16,80.629508972168
2009-10-19,81.2959442138672
2009-10-20,80.8664779663086
2009-10-21,80.1408233642578
2009-10-22,80.9552993774414
2009-10-23,80.0297546386719
2009-10-26,79.1633529663086
2009-10-27,78.8005523681641
2009-10-28,77.3122253417969
2009-10-29,78.9708557128906
2009-10-30,76.6828231811523
2009-11-02,77.2455749511719
2009-11-03,77.4899291992188
2009-11-04,77.6898651123047
2009-11-05,79.1189651489258
2009-11-06,79.3262786865234
2009-11-09,81.1330718994141
2009-11-10,81.147819519043
2009-11-11,81.5625076293945
2009-11-12,80.7332153320312
2009-11-13,81.1700744628906
2009-11-16,82.3473739624023
2009-11-17,82.4436874389648
2009-11-18,82.3917999267578
2009-11-19,81.3181610107422
2009-11-20,81.0293731689453
2009-11-23,82.0586318969727
2009-11-24,82.1845016479492
2009-11-25,82.4732818603516
2009-11-27,81.1330718994141
2009-11-30,81.4069976806641
2009-12-01,82.4140472412109
2009-12-02,82.3770370483398
2009-12-03,81.7327880859375
2009-12-04,82.1992797851562
2009-12-07,82.0734558105469
2009-12-08,81.1626510620117
2009-12-09,81.4662399291992
2009-12-10,81.9253311157227
2009-12-11,82.2733383178711
2009-12-14,82.8360977172852
2009-12-15,82.4510726928711
2009-12-16,82.5769271850586
2009-12-17,81.5847091674805
2009-12-18,82.046257019043
2009-12-21,82.8800430297852
2009-12-22,83.1778793334961
2009-12-23,83.3416213989258
2009-12-24,83.7361907958984
2009-12-28,83.914909362793
2009-12-29,83.7957458496094
2009-12-30,83.7659683227539
2009-12-31,82.9619293212891
2010-01-04,84.3689956665039
2010-01-05,84.5923080444336
2010-01-06,84.6518707275391
2010-01-07,85.0092163085938
2010-01-08,85.2920913696289
2010-01-11,85.4111938476562
2010-01-12,84.6146469116211
2010-01-13,85.3293075561523
2010-01-14,85.5601043701172
2010-01-15,84.5997619628906
2010-01-19,85.656867980957
2010-01-20,84.7858810424805
2010-01-21,83.1555252075195
2010-01-22,81.3018417358398
2010-01-25,81.7187042236328
2010-01-26,81.3762817382812
2010-01-27,81.7634048461914
2010-01-28,80.8253784179688
2010-01-29,79.9469223022461
2010-02-01,81.1901779174805
2010-02-02,82.1728363037109
2010-02-03,81.7634048461914
2010-02-04,79.2397232055664
2010-02-05,79.4034729003906
2010-02-08,78.8302459716797
2010-02-09,79.8203506469727
2010-02-10,79.6640243530273
2010-02-11,80.4978103637695
2010-02-12,80.4308166503906
2010-02-16,81.6963653564453
2010-02-17,82.0835266113281
2010-02-18,82.5673751831055
2010-02-19,82.7386322021484
2010-02-22,82.7535171508789
2010-02-23,81.7484664916992
2010-02-24,82.500373840332
2010-02-25,82.3887176513672
2010-02-26,82.4408493041992
2010-03-01,83.2969589233398
2010-03-02,83.5277404785156
2010-03-03,83.6021728515625
2010-03-04,83.8553009033203
2010-03-05,85.0538482666016
2010-03-08,85.0687637329102
2010-03-09,85.210205078125
2010-03-10,85.5898742675781
2010-03-11,85.9472274780273
2010-03-12,85.9546661376953
2010-03-15,85.9770050048828
2010-03-16,86.6619033813477
2010-03-17,87.175537109375
2010-03-18,87.1308822631836
2010-03-19,86.6898651123047
2010-03-22,87.1533355712891
2010-03-23,87.7663040161133
2010-03-24,87.3401870727539
2010-03-25,87.1981582641602
2010-03-26,87.1458587646484
2010-03-29,87.6989974975586
2010-03-30,87.7588043212891
2010-03-31,87.4597930908203
2010-04-01,88.0578231811523
2010-04-05,88.7754516601562
2010-04-06,88.9847640991211
2010-04-07,88.476432800293
2010-04-08,88.7829437255859
2010-04-09,89.3659896850586
2010-04-12,89.5079956054688
2010-04-13,89.5752944946289
2010-04-14,90.5919036865234
2010-04-15,90.6666793823242
2010-04-16,89.2239456176758
2010-04-19,89.5603637695312
2010-04-20,90.3601989746094
2010-04-21,90.1957244873047
2010-04-22,90.46484375
2010-04-23,91.0553817749023
2010-04-26,90.7114944458008
2010-04-27,88.5661926269531
2010-04-28,89.2389144897461
2010-04-29,90.3452224731445
2010-04-30,88.8128128051758
2010-05-03,89.963996887207
2010-05-04,87.848518371582
2010-05-05,87.3252487182617
2010-05-06,84.4248504638672
2010-05-07,83.1690673828125
2010-05-10,86.8318939208984
2010-05-11,86.5852355957031
2010-05-12,87.7961883544922
2010-05-13,86.7048110961914
2010-05-14,85.1350326538086
2010-05-17,85.1798934936523
2010-05-18,84.0212173461914
2010-05-19,83.5428085327148
2010-05-20,80.3882675170898
2010-05-21,81.5618743896484
2010-05-24,80.5153350830078
2010-05-25,80.5975799560547
2010-05-26,80.1116943359375
2010-05-27,82.7952880859375
2010-05-28,81.7562484741211
2010-06-01,80.3807907104492
2010-06-02,82.4738311767578
2010-06-03,82.7578887939453
2010-06-04,79.8500595092773
2010-06-07,78.8558502197266
2010-06-08,79.7005615234375
2010-06-09,79.2744827270508
2010-06-10,81.5918045043945
2010-06-11,81.9879608154297
2010-06-14,81.8608703613281
2010-06-15,83.7221832275391
2010-06-16,83.6922988891602
2010-06-17,83.8268508911133
2010-06-18,83.9177474975586
2010-06-21,83.6774139404297
2010-06-22,82.2953948974609
2010-06-23,82.0400619506836
2010-06-24,80.6806106567383
2010-06-25,81.0185928344727
2010-06-28,80.7632217407227
2010-06-29,78.2696380615234
2010-06-30,77.5260696411133
2010-07-01,77.1805877685547
2010-07-02,76.7600021362305
2010-07-06,77.2632064819336
2010-07-07,79.696662902832
2010-07-08,80.4853134155273
2010-07-09,81.0862121582031
2010-07-12,81.1387557983398
2010-07-13,82.3630294799805
2010-07-14,82.3554992675781
2010-07-15,82.3780364990234
2010-07-16,80.1098251342773
2010-07-19,80.5829544067383
2010-07-20,81.4767684936523
2010-07-21,80.4177169799805
2010-07-22,82.2127914428711
2010-07-23,82.9263153076172
2010-07-26,83.7900695800781
2010-07-27,83.7825469970703
2010-07-28,83.2417907714844
2010-07-29,82.8362426757812
2010-07-30,82.821159362793
2010-08-02,84.6913452148438
2010-08-03,84.2857971191406
2010-08-04,84.8490829467773
2010-08-05,84.7589569091797
2010-08-06,84.4134292602539
2010-08-09,84.864128112793
2010-08-10,84.4059295654297
2010-08-11,82.0926284790039
2010-08-12,81.5894012451172
2010-08-13,81.3490447998047
2010-08-16,81.3114929199219
2010-08-17,82.3104705810547
2010-08-18,82.4606628417969
2010-08-19,81.0260848999023
2010-08-20,80.7632217407227
2010-08-23,80.4552612304688
2010-08-24,79.2610244750977
2010-08-25,79.5690231323242
2010-08-26,79.0357666015625
2010-08-27,80.2600402832031
2010-08-30,79.0958404541016
2010-08-31,79.0958404541016
2010-09-01,81.4617385864258
2010-09-02,82.2203369140625
2010-09-03,83.2868423461914
2010-09-07,82.3479995727539
2010-09-08,82.9263153076172
2010-09-09,83.3093490600586
2010-09-10,83.7299728393555
2010-09-13,84.6613006591797
2010-09-14,84.6087493896484
2010-09-15,84.9317016601562
2010-09-16,84.9091644287109
2010-09-17,84.9408950805664
2010-09-20,86.2396621704102
2010-09-21,86.0659561157227
2010-09-22,85.6431045532227
2010-09-23,84.9484481811523
2010-09-24,86.7002563476562
2010-09-27,86.284912109375
2010-09-28,86.5869827270508
2010-09-29,86.4359970092773
2010-09-30,86.1792221069336
2010-10-01,86.5416564941406
2010-10-04,85.8923034667969
2010-10-05,87.6214599609375
2010-10-06,87.6139221191406
2010-10-07,87.5082168579102
2010-10-08,87.9990081787109
2010-10-11,88.0820693969727
2010-10-12,88.3539123535156
2010-10-13,89.0410690307617
2010-10-14,88.6937484741211
2010-10-15,88.8749160766602
2010-10-18,89.3128890991211
2010-10-19,88.1424713134766
2010-10-20,89.0033111572266
2010-10-21,89.1996231079102
2010-10-22,89.3657379150391
2010-10-25,89.6300277709961
2010-10-26,89.6451416015625
2010-10-27,89.3884124755859
2010-10-28,89.4035110473633
2010-10-29,89.4714660644531
2010-11-01,89.5016632080078
2010-11-02,90.2114562988281
2010-11-03,90.5738906860352
2010-11-04,92.3181762695312
2010-11-05,92.6655349731445
2010-11-08,92.4918518066406
2010-11-09,91.8273773193359
2010-11-10,92.1973876953125
2010-11-11,91.8500289916992
2010-11-12,90.7626800537109
2010-11-15,90.6343078613281
2010-11-16,89.2222595214844
2010-11-17,89.2675933837891
2010-11-18,90.5814743041992
2010-11-19,90.8306579589844
2010-11-22,90.7551193237305
2010-11-23,89.4412612915039
2010-11-24,90.7626800537109
2010-11-26,89.7055511474609
2010-11-29,89.9774017333984
2010-11-30,89.4714660644531
2010-12-01,91.3743057250977
2010-12-02,92.5447006225586
2010-12-03,92.7938766479492
2010-12-06,92.6957168579102
2010-12-07,92.7485885620117
2010-12-08,93.08837890625
2010-12-09,93.4508056640625
2010-12-10,93.9944763183594
2010-12-13,94.0548782348633
2010-12-14,94.1379623413086
2010-12-15,93.7075424194336
2010-12-16,94.251220703125
2010-12-17,94.352180480957
2010-12-20,94.5799102783203
2010-12-21,95.1795654296875
2010-12-22,95.4755859375
2010-12-23,95.3389587402344
2010-12-27,95.3768997192383
2010-12-28,95.5135803222656
2010-12-29,95.5818557739258
2010-12-30,95.4300537109375
2010-12-31,95.4528427124023
2011-01-03,96.4396209716797
2011-01-04,96.3865127563477
2011-01-05,96.8874740600586
2011-01-06,96.6976776123047
2011-01-07,96.5079345703125
2011-01-10,96.3865127563477
2011-01-11,96.7280502319336
2011-01-12,97.6009750366211
2011-01-13,97.4415893554688
2011-01-14,98.1475067138672
2011-01-18,98.3145217895508
2011-01-19,97.3505325317383
2011-01-20,97.2214508056641
2011-01-21,97.4415893554688
2011-01-24,97.9957275390625
2011-01-25,98.0488204956055
2011-01-26,98.4283981323242
2011-01-27,98.671272277832
2011-01-28,96.9482192993164
2011-01-31,97.676887512207
2011-02-01,99.2405548095703
2011-02-02,99.0508117675781
2011-02-03,99.2709503173828
2011-02-04,99.5517959594727
2011-02-07,100.174247741699
2011-02-08,100.629669189453
2011-02-09,100.401954650879
2011-02-10,100.439895629883
2011-02-11,101.039604187012
2011-02-14,101.282455444336
2011-02-15,100.96369934082
2011-02-16,101.60131072998
2011-02-17,101.904907226562
2011-02-18,102.11743927002
2011-02-22,100.067970275879
2011-02-23,99.4531326293945
2011-02-24,99.3847732543945
2011-02-25,100.447494506836
2011-02-28,101.069946289062
2011-03-01,99.3847732543945
2011-03-02,99.5973663330078
2011-03-03,101.312835693359
2011-03-04,100.553764343262
2011-03-07,99.7643280029297
2011-03-08,100.637283325195
2011-03-09,100.493041992188
2011-03-10,98.6333389282227
2011-03-11,99.316520690918
2011-03-14,98.7168426513672
2011-03-15,97.585807800293
2011-03-16,95.7792358398438
2011-03-17,97.0468902587891
2011-03-18,97.3998641967773
2011-03-21,98.9093170166016
2011-03-22,98.5662689208984
2011-03-23,98.8483276367188
2011-03-24,99.7936859130859
2011-03-25,100.098640441895
2011-03-28,99.8546524047852
2011-03-29,100.525566101074
2011-03-30,101.219314575195
2011-03-31,101.082099914551
2011-04-01,101.50902557373
2011-04-04,101.59285736084
2011-04-05,101.577598571777
2011-04-06,101.897819519043
2011-04-07,101.638603210449
2011-04-08,101.287925720215
2011-04-11,100.98299407959
2011-04-12,100.228225708008
2011-04-13,100.22061920166
2011-04-14,100.296821594238
2011-04-15,100.662757873535
2011-04-18,99.5344619750977
2011-04-19,100.106239318848
2011-04-20,101.470886230469
2011-04-21,101.989303588867
2011-04-25,101.882568359375
2011-04-26,102.759300231934
2011-04-27,103.430198669434
2011-04-28,103.765563964844
2011-04-29,104.009559631348
2011-05-02,103.849464416504
2011-05-03,103.475936889648
2011-05-04,102.789779663086
2011-05-05,101.85969543457
2011-05-06,102.309478759766
2011-05-09,102.705917358398
2011-05-10,103.582595825195
2011-05-11,102.492446899414
2011-05-12,102.980361938477
2011-05-13,102.1875
2011-05-16,101.53946685791
2011-05-17,101.524269104004
2011-05-18,102.431488037109
2011-05-19,102.675384521484
2011-05-20,101.85969543457
2011-05-23,100.678016662598
2011-05-24,100.594169616699
2011-05-25,100.929595947266
2011-05-26,101.394645690918
2011-05-27,101.783462524414
2011-05-31,102.843124389648
2011-06-01,100.533164978027
2011-06-02,100.426414489746
2011-06-03,99.4277191162109
2011-06-06,98.3756408691406
2011-06-07,98.3147277832031
2011-06-08,97.9030075073242
2011-06-09,98.6501235961914
2011-06-10,97.2778549194336
2011-06-13,97.354118347168
2011-06-14,98.5891571044922
2011-06-15,96.835693359375
2011-06-16,97.0491943359375
2011-06-17,97.3387908935547
2011-06-20,97.8367691040039
2011-06-21,99.1775512695312
2011-06-22,98.5799179077148
2011-06-23,98.2964401245117
2011-06-24,97.1548767089844
2011-06-27,98.0206146240234
2011-06-28,99.3001251220703
2011-06-29,100.150520324707
2011-06-30,101.108215332031
2011-07-01,102.602188110352
2011-07-05,102.517921447754
2011-07-06,102.640502929688
2011-07-07,103.705451965332
2011-07-08,102.969917297363
2011-07-11,101.108215332031
2011-07-12,100.671493530273
2011-07-13,101.008605957031
2011-07-14,100.311378479004
2011-07-15,100.893676757812
2011-07-18,100.066192626953
2011-07-19,101.690475463867
2011-07-20,101.629173278809
2011-07-21,103.038902282715
2011-07-22,103.107879638672
2011-07-25,102.533256530762
2011-07-26,102.150131225586
2011-07-27,100.058609008789
2011-07-28,99.7674560546875
2011-07-29,99.0856018066406
2011-08-01,98.6641845703125
2011-08-02,96.1435623168945
2011-08-03,96.6645431518555
2011-08-04,92.1366500854492
2011-08-05,91.9987335205078
2011-08-08,86.0074691772461
2011-08-09,90.0067749023438
2011-08-10,86.0304870605469
2011-08-11,89.8918228149414
2011-08-12,90.4971008300781
2011-08-15,92.4124374389648
2011-08-16,91.6233215332031
2011-08-17,91.6846160888672
2011-08-18,87.7313385009766
2011-08-19,86.298583984375
2011-08-22,86.3675689697266
2011-08-23,89.2099609375
2011-08-24,90.466423034668
2011-08-25,89.08740234375
2011-08-26,90.3821716308594
2011-08-29,92.9793853759766
2011-08-30,93.2245635986328
2011-08-31,93.638298034668
2011-09-01,92.6576232910156
2011-09-02,90.2902145385742
2011-09-06,89.6313705444336
2011-09-07,92.1596527099609
2011-09-08,91.2019271850586
2011-09-09,88.8115692138672
2011-09-12,89.3861846923828
2011-09-13,90.2059555053711
2011-09-14,91.4547729492188
2011-09-15,93.0330276489258
2011-09-16,93.5836410522461
2011-09-19,92.6518096923828
2011-09-20,92.5440368652344
2011-09-21,89.8178176879883
2011-09-22,86.9144973754883
2011-09-23,87.4381790161133
2011-09-26,89.5174713134766
2011-09-27,90.5186157226562
2011-09-28,88.6703567504883
2011-09-29,89.3711853027344
2011-09-30,87.1378479003906
2011-10-03,84.6580810546875
2011-10-04,86.5140609741211
2011-10-05,88.1158981323242
2011-10-06,89.7100067138672
2011-10-07,89.1092987060547
2011-10-10,92.0896530151367
2011-10-11,92.1820526123047
2011-10-12,92.9906692504883
2011-10-13,92.8058547973633
2011-10-14,94.3922729492188
2011-10-17,92.590202331543
2011-10-18,94.3999862670898
2011-10-19,93.2833251953125
2011-10-20,93.6914749145508
2011-10-21,95.4704132080078
2011-10-24,96.6409530639648
2011-10-25,94.7619171142578
2011-10-26,95.7246017456055
2011-10-27,99.0591430664062
2011-10-28,99.0360260009766
2011-10-31,96.6487197875977
2011-11-01,93.9533157348633
2011-11-02,95.4858169555664
2011-11-03,97.2262725830078
2011-11-04,96.6332855224609
2011-11-07,97.2339935302734
2011-11-08,98.4815673828125
2011-11-09,94.8466339111328
2011-11-10,95.7399749755859
2011-11-11,97.5420455932617
2011-11-14,96.6179122924805
2011-11-15,97.0953979492188
2011-11-16,95.5551452636719
2011-11-17,94.0380249023438
2011-11-18,93.9379348754883
2011-11-21,92.1512680053711
2011-11-22,91.7893142700195
2011-11-23,89.7638931274414
2011-11-25,89.5945205688477
2011-11-28,92.1897583007812
2011-11-29,92.4515914916992
2011-11-30,96.2559356689453
2011-12-01,96.2405242919922
2011-12-02,96.1558151245117
2011-12-05,97.2031631469727
2011-12-06,97.2339935302734
2011-12-07,97.5959320068359
2011-12-08,95.4550170898438
2011-12-09,97.0722732543945
2011-12-12,95.6552505493164
2011-12-13,94.7619171142578
2011-12-14,93.7530517578125
2011-12-15,94.0919570922852
2011-12-16,94.2314147949219
2011-12-19,93.2239532470703
2011-12-20,96.044921875
2011-12-21,96.2309112548828
2011-12-22,97.083381652832
2011-12-23,97.9513854980469
2011-12-27,98.0288619995117
2011-12-28,96.7424240112305
2011-12-29,97.7421493530273
2011-12-30,97.2616424560547
2012-01-03,98.811637878418
2012-01-04,98.9666213989258
2012-01-05,99.2301406860352
2012-01-06,98.9743881225586
2012-01-09,99.2146530151367
2012-01-10,100.07487487793
2012-01-11,100.12914276123
2012-01-12,100.369354248047
2012-01-13,99.8501052856445
2012-01-17,100.237632751465
2012-01-18,101.34587097168
2012-01-19,101.880638122559
2012-01-20,102.260383605957
2012-01-23,101.996879577637
2012-01-24,101.880638122559
2012-01-25,102.733116149902
2012-01-26,102.206130981445
2012-01-27,102.159599304199
2012-01-30,101.810852050781
2012-01-31,101.772117614746
2012-02-01,102.663360595703
2012-02-02,102.82608795166
2012-02-03,104.267601013184
2012-02-06,104.19783782959
2012-02-07,104.461357116699
2012-02-08,104.771339416504
2012-02-09,104.903106689453
2012-02-10,104.12809753418
2012-02-13,104.903106689453
2012-02-14,104.771339416504
2012-02-15,104.28311920166
2012-02-16,105.437812805176
2012-02-17,105.716819763184
2012-02-21,105.76335144043
2012-02-22,105.422340393066
2012-02-23,105.887344360352
2012-02-24,106.11986541748
2012-02-27,106.29810333252
2012-02-28,106.608062744141
2012-02-29,106.189605712891
2012-03-01,106.739814758301
2012-03-02,106.414329528809
2012-03-05,105.980308532715
2012-03-06,104.43034362793
2012-03-07,105.158836364746
2012-03-08,106.205062866211
2012-03-09,106.615821838379
2012-03-12,106.623588562012
2012-03-13,108.545562744141
2012-03-14,108.429321289062
2012-03-15,109.057067871094
2012-03-16,109.20809173584
2012-03-19,109.636154174805
2012-03-20,109.317070007324
2012-03-21,109.137985229492
2012-03-22,108.35179901123
2012-03-23,108.702117919922
2012-03-26,110.227752685547
2012-03-27,109.885238647461
2012-03-28,109.340385437012
2012-03-29,109.15357208252
2012-03-30,109.605026245117
2012-04-02,110.406768798828
2012-04-03,109.955307006836
2012-04-04,108.865562438965
2012-04-05,108.811080932617
2012-04-09,107.589027404785
2012-04-10,105.783157348633
2012-04-11,106.639404296875
2012-04-12,108.032707214355
2012-04-13,106.748382568359
2012-04-16,106.678314208984
2012-04-17,108.258438110352
2012-04-18,107.892585754395
2012-04-19,107.199821472168
2012-04-20,107.378845214844
2012-04-23,106.47590637207
2012-04-24,106.880676269531
2012-04-25,108.34407043457
2012-04-26,109.099098205566
2012-04-27,109.278137207031
2012-04-30,108.873344421387
2012-05-01,109.550559997559
2012-05-02,109.223602294922
2012-05-03,108.390762329102
2012-05-04,106.639404296875
2012-05-07,106.717216491699
2012-05-08,106.289093017578
2012-05-09,105.65860748291
2012-05-10,105.876541137695
2012-05-11,105.557395935059
2012-05-14,104.389801025391
2012-05-15,103.790481567383
2012-05-16,103.393478393555
2012-05-17,101.860054016113
2012-05-18,100.988258361816
2012-05-21,102.724090576172
2012-05-22,102.90308380127
2012-05-23,102.95760345459
2012-05-24,103.159980773926
2012-05-25,102.82527923584
2012-05-29,104.070693969727
2012-05-30,102.56063079834
2012-05-31,102.334869384766
2012-06-01,99.7583999633789
2012-06-04,99.7117004394531
2012-06-05,100.466735839844
2012-06-06,102.724090576172
2012-06-07,102.786376953125
2012-06-08,103.603645324707
2012-06-11,102.288185119629
2012-06-12,103.463562011719
2012-06-13,102.801956176758
2012-06-14,103.891654968262
2012-06-15,104.954170227051
2012-06-18,105.157592773438
2012-06-19,106.174758911133
2012-06-20,106.002647399902
2012-06-21,103.624092102051
2012-06-22,104.422149658203
2012-06-25,102.747756958008
2012-06-26,103.264144897461
2012-06-27,104.195251464844
2012-06-28,103.897888183594
2012-06-29,106.487739562988
2012-07-02,106.808532714844
2012-07-03,107.512718200684
2012-07-05,107.027626037598
2012-07-06,106.010437011719
2012-07-09,105.877479553223
2012-07-10,104.954170227051
2012-07-11,104.969848632812
2012-07-12,104.461296081543
2012-07-13,106.213897705078
2012-07-16,105.963539123535
2012-07-17,106.691184997559
2012-07-18,107.481399536133
2012-07-19,107.763076782227
2012-07-20,106.777236938477
2012-07-23,105.697486877441
2012-07-24,104.789886474609
2012-07-25,104.813369750977
2012-07-26,106.542533874512
2012-07-27,108.506401062012
2012-07-30,108.506401062012
2012-07-31,107.747451782227
2012-08-01,107.65357208252
2012-08-02,106.910247802734
2012-08-03,109.030616760254
2012-08-06,109.241851806641
2012-08-07,109.789558410645
2012-08-08,109.92259979248
2012-08-09,110.016471862793
2012-08-10,110.196411132812
2012-08-13,110.141662597656
2012-08-14,110.157272338867
2012-08-15,110.28247833252
2012-08-16,111.096183776855
2012-08-17,111.244850158691
2012-08-20,111.25267791748
2012-08-21,110.916259765625
2012-08-22,110.963226318359
2012-08-23,110.055572509766
2012-08-24,110.720649719238
2012-08-27,110.744125366211
2012-08-28,110.634574890137
2012-08-29,110.720649719238
2012-08-30,109.92259979248
2012-08-31,110.446807861328
2012-09-04,110.345069885254
2012-09-05,110.25114440918
2012-09-06,112.488906860352
2012-09-07,112.927085876465
2012-09-10,112.285491943359
2012-09-11,112.59846496582
2012-09-12,112.974021911621
2012-09-13,114.695350646973
2012-09-14,115.203926086426
2012-09-17,114.812705993652
2012-09-18,114.718765258789
2012-09-19,114.781410217285
2012-09-20,114.789253234863
2012-09-21,114.741249084473
2012-09-24,114.568199157715
2012-09-25,113.348983764648
2012-09-26,112.711822509766
2012-09-27,113.773750305176
2012-09-28,113.24666595459
2012-10-01,113.545593261719
2012-10-02,113.663612365723
2012-10-03,114.127716064453
2012-10-04,114.945762634277
2012-10-05,114.95361328125
2012-10-08,114.56029510498
2012-10-09,113.427627563477
2012-10-10,112.703910827637
2012-10-11,112.76692199707
2012-10-12,112.39720916748
2012-10-15,113.333290100098
2012-10-16,114.481674194336
2012-10-17,115.000839233398
2012-10-18,114.701942443848
2012-10-19,112.790504455566
2012-10-22,112.806205749512
2012-10-23,111.240837097168
2012-10-24,110.926239013672
2012-10-25,111.248764038086
2012-10-26,111.185859680176
2012-10-31,111.185859680176
2012-11-01,112.350028991699
2012-11-02,111.351028442383
2012-11-05,111.579147338867
2012-11-06,112.452293395996
2012-11-07,109.90364074707
2012-11-08,108.582206726074
2012-11-09,108.676574707031
2012-11-12,108.763092041016
2012-11-13,108.385566711426
2012-11-14,106.92244720459
2012-11-15,106.741523742676
2012-11-16,107.268539428711
2012-11-19,109.439613342285
2012-11-20,109.486793518066
2012-11-21,109.691314697266
2012-11-23,111.185859680176
2012-11-26,110.949851989746
2012-11-27,110.383499145508
2012-11-28,111.272361755371
2012-11-29,111.791534423828
2012-11-30,111.815093994141
2012-12-03,111.26448059082
2012-12-04,111.10718536377
2012-12-05,111.303840637207
2012-12-06,111.681381225586
2012-12-07,112.019622802734
2012-12-10,112.06681060791
2012-12-11,112.829811096191
2012-12-12,112.884880065918
2012-12-13,112.19270324707
2012-12-14,111.775772094727
2012-12-17,113.089393615723
2012-12-18,114.347946166992
2012-12-19,113.498435974121
2012-12-20,114.15128326416
2012-12-21,113.115142822266
2012-12-24,112.766593933105
2012-12-26,112.29126739502
2012-12-27,112.140777587891
2012-12-28,110.928726196289
2012-12-31,112.814117431641
2013-01-02,115.70556640625
2013-01-03,115.444122314453
2013-01-04,115.951126098633
2013-01-07,115.634284973145
2013-01-08,115.301559448242
2013-01-09,115.594696044922
2013-01-10,116.513580322266
2013-01-11,116.505676269531
2013-01-14,116.42643737793
2013-01-15,116.505676269531
2013-01-16,116.489845275879
2013-01-17,117.242408752441
2013-01-18,117.503829956055
2013-01-22,118.137535095215
2013-01-23,118.327697753906
2013-01-24,118.359375
2013-01-25,119.02481842041
2013-01-28,118.882247924805
2013-01-29,119.349594116211
2013-01-30,118.882247924805
2013-01-31,118.589088439941
2013-02-01,119.809066772461
2013-02-04,118.462371826172
2013-02-05,119.658569335938
2013-02-06,119.745658874512
2013-02-07,119.587295532227
2013-02-08,120.252639770508
2013-02-11,120.228889465332
2013-02-12,120.426963806152
2013-02-13,120.529907226562
2013-02-14,120.640838623047
2013-02-15,120.498245239258
2013-02-19,121.401313781738
2013-02-20,119.888252258301
2013-02-21,119.159439086914
2013-02-22,120.323974609375
2013-02-25,118.034561157227
2013-02-26,118.842590332031
2013-02-27,120.339805603027
2013-02-28,120.102157592773
2013-03-01,120.498245239258
2013-03-04,121.139945983887
2013-03-05,122.225196838379
2013-03-06,122.391540527344
2013-03-07,122.613380432129
2013-03-08,123.136268615723
2013-03-11,123.603591918945
2013-03-12,123.326316833496
2013-03-13,123.50057220459
2013-03-14,124.158088684082
2013-03-15,123.994209289551
2013-03-18,123.309936523438
2013-03-19,123.023445129395
2013-03-20,123.882797241211
2013-03-21,122.824478149414
2013-03-22,123.811187744141
2013-03-25,123.293998718262
2013-03-26,124.280609130859
2013-03-27,124.280609130859
2013-03-28,124.662544250488
2013-04-01,124.169204711914
2013-04-02,124.781967163086
2013-04-03,123.516761779785
2013-04-04,124.018051147461
2013-04-05,123.461074829102
2013-04-08,124.29655456543
2013-04-09,124.726219177246
2013-04-10,126.254035949707
2013-04-11,126.667724609375
2013-04-12,126.357467651367
2013-04-15,123.429206848145
2013-04-16,125.251396179199
2013-04-17,123.421264648438
2013-04-18,122.649482727051
2013-04-19,123.715675354004
2013-04-22,124.264747619629
2013-04-23,125.545822143555
2013-04-24,125.625366210938
2013-04-25,126.134628295898
2013-04-26,125.911834716797
2013-04-29,126.755317687988
2013-04-30,127.057655334473
2013-05-01,125.943664550781
2013-05-02,127.113288879395
2013-05-03,128.402328491211
2013-05-06,128.728668212891
2013-05-07,129.381134033203
2013-05-08,129.969940185547
2013-05-09,129.603881835938
2013-05-10,130.025588989258
2013-05-13,130.129058837891
2013-05-14,131.47380065918
2013-05-15,132.181945800781
2013-05-16,131.561309814453
2013-05-17,132.834457397461
2013-05-20,132.826461791992
2013-05-21,133.017440795898
2013-05-22,132.030807495117
2013-05-23,131.648895263672
2013-05-24,131.537384033203
2013-05-28,132.3251953125
2013-05-29,131.465835571289
2013-05-30,131.951217651367
2013-05-31,130.057403564453
2013-06-03,130.773590087891
2013-06-04,130.145004272461
2013-06-05,128.322799682617
2013-06-06,129.48454284668
2013-06-07,131.13166809082
2013-06-10,131.13166809082
2013-06-11,129.778961181641
2013-06-12,128.704742431641
2013-06-13,130.662170410156
2013-06-14,129.84260559082
2013-06-17,130.845184326172
2013-06-18,131.879623413086
2013-06-19,130.057403564453
2013-06-20,126.834846496582
2013-06-21,127.242004394531
2013-06-24,125.634216308594
2013-06-25,126.842063903809
2013-06-26,128.097900390625
2013-06-27,128.849822998047
2013-06-28,128.321868896484
2013-07-01,129.073822021484
2013-07-02,128.953826904297
2013-07-03,129.009826660156
2013-07-05,130.401626586914
2013-07-08,131.145553588867
2013-07-09,132.089477539062
2013-07-10,132.137557983398
2013-07-11,133.93733215332
2013-07-12,133.993225097656
2013-07-15,134.505157470703
2013-07-16,134.001251220703
2013-07-17,134.345230102539
2013-07-18,135.081115722656
2013-07-19,135.32112121582
2013-07-22,135.585113525391
2013-07-23,135.297149658203
2013-07-24,134.801162719727
2013-07-25,135.129150390625
2013-07-26,135.273132324219
2013-07-29,134.857192993164
2013-07-30,134.857192993164
2013-07-31,134.953109741211
2013-08-01,136.513031005859
2013-08-02,136.744995117188
2013-08-05,136.545028686523
2013-08-06,135.769104003906
2013-08-07,135.329132080078
2013-08-08,135.825057983398
2013-08-09,135.433090209961
2013-08-12,135.273132324219
2013-08-13,135.673080444336
2013-08-14,134.977127075195
2013-08-15,133.089401245117
2013-08-16,132.6494140625
2013-08-19,131.801483154297
2013-08-20,132.449447631836
2013-08-21,131.633575439453
2013-08-22,132.833419799805
2013-08-23,133.281341552734
2013-08-26,132.785415649414
2013-08-27,130.649597167969
2013-08-28,131.113555908203
2013-08-29,131.321594238281
2013-08-30,130.905609130859
2013-09-03,131.497589111328
2013-09-04,132.585403442383
2013-09-05,132.753433227539
2013-09-06,132.817413330078
2013-09-09,134.089263916016
2013-09-10,135.081115722656
2013-09-11,135.505096435547
2013-09-12,135.145156860352
2013-09-13,135.449142456055
2013-09-16,136.233001708984
2013-09-17,136.840957641602
2013-09-18,138.424774169922
2013-09-19,138.192794799805
2013-09-20,137.226593017578
2013-09-23,136.59162902832
2013-09-24,136.270050048828
2013-09-25,135.876205444336
2013-09-26,136.398712158203
2013-09-27,135.771743774414
2013-09-30,135.04833984375
2013-10-01,136.117324829102
2013-10-02,135.988677978516
2013-10-03,134.734786987305
2013-10-04,135.75569152832
2013-10-07,134.582046508789
2013-10-08,133.014633178711
2013-10-09,133.111068725586
2013-10-10,135.980743408203
2013-10-11,136.856872558594
2013-10-14,137.403442382812
2013-10-15,136.40673828125
2013-10-16,138.311813354492
2013-10-17,139.236145019531
2013-10-18,140.176620483398
2013-10-21,140.184646606445
2013-10-22,140.996505737305
2013-10-23,140.3212890625
2013-10-24,140.787551879883
2013-10-25,141.430557250977
2013-10-28,141.655609130859
2013-10-29,142.411209106445
2013-10-30,141.703857421875
2013-10-31,141.301940917969
2013-11-01,141.639602661133
2013-11-04,142.137924194336
2013-11-05,141.687759399414
2013-11-06,142.411209106445
2013-11-07,140.61067199707
2013-11-08,142.507629394531
2013-11-11,142.531784057617
2013-11-12,142.242385864258
2013-11-13,143.383819580078
2013-11-14,144.099243164062
2013-11-15,144.726196289062
2013-11-18,144.219787597656
2013-11-19,143.906265258789
2013-11-20,143.456100463867
2013-11-21,144.613647460938
2013-11-22,145.337036132812
2013-11-25,145.192398071289
2013-11-26,145.23258972168
2013-11-27,145.586227416992
2013-11-29,145.489822387695
2013-12-02,145.111968994141
2013-12-03,144.48503112793
2013-12-04,144.468963623047
2013-12-05,143.833953857422
2013-12-06,145.44157409668
2013-12-09,145.81135559082
2013-12-10,145.288833618164
2013-12-11,143.657135009766
2013-12-12,143.182891845703
2013-12-13,143.166763305664
2013-12-16,144.059051513672
2013-12-17,143.600875854492
2013-12-18,146.052505493164
2013-12-19,145.883697509766
2013-12-20,146.732299804688
2013-12-23,147.516174316406
2013-12-24,147.839447021484
2013-12-26,148.591079711914
2013-12-27,148.5830078125
2013-12-30,148.558685302734
2013-12-31,149.261840820312
2014-01-02,147.831405639648
2014-01-03,147.807098388672
2014-01-06,147.378784179688
2014-01-07,148.283920288086
2014-01-08,148.316268920898
2014-01-09,148.41325378418
2014-01-10,148.8173828125
2014-01-13,146.837356567383
2014-01-14,148.437545776367
2014-01-15,149.237594604492
2014-01-16,149.043609619141
2014-01-17,148.41325378418
2014-01-21,148.849639892578
2014-01-22,148.946655273438
2014-01-23,147.726303100586
2014-01-24,144.574401855469
2014-01-27,143.863235473633
2014-01-28,144.719924926758
2014-01-29,143.329864501953
2014-01-30,144.849227905273
2014-01-31,144.000625610352
2014-02-03,140.759826660156
2014-02-04,141.745834350586
2014-02-05,141.568023681641
2014-02-06,143.434875488281
2014-02-07,145.212921142578
2014-02-10,145.479537963867
2014-02-11,147.071716308594
2014-02-12,147.144454956055
2014-02-13,147.904113769531
2014-02-14,148.720321655273
2014-02-18,148.898147583008
2014-02-19,147.912185668945
2014-02-20,148.785034179688
2014-02-21,148.615325927734
2014-02-24,149.439666748047
2014-02-25,149.383087158203
2014-02-26,149.39111328125
2014-02-27,150.175155639648
2014-02-28,150.554946899414
2014-03-03,149.496215820312
2014-03-04,151.597457885742
2014-03-05,151.734802246094
2014-03-06,152.082366943359
2014-03-07,152.147064208984
2014-03-10,152.066253662109
2014-03-11,151.314559936523
2014-03-12,151.355026245117
2014-03-13,149.657836914062
2014-03-14,149.237594604492
2014-03-17,150.58723449707
2014-03-18,151.662109375
2014-03-19,150.853942871094
2014-03-20,151.734802246094
2014-03-21,151.146347045898
2014-03-24,150.521331787109
2014-03-25,151.23567199707
2014-03-26,150.147888183594
2014-03-27,149.831359863281
2014-03-28,150.570022583008
2014-03-31,151.803863525391
2014-04-01,152.81037902832
2014-04-02,153.321792602539
2014-04-03,153.118927001953
2014-04-04,151.308731079102
2014-04-07,149.636505126953
2014-04-08,150.253448486328
2014-04-09,151.868804931641
2014-04-10,148.678680419922
2014-04-11,147.339248657227
2014-04-14,148.500045776367
2014-04-15,149.522842407227
2014-04-16,151.08952331543
2014-04-17,151.300567626953
2014-04-21,151.828262329102
2014-04-22,152.518157958984
2014-04-23,152.160995483398
2014-04-24,152.469497680664
2014-04-25,151.219375610352
2014-04-28,151.698379516602
2014-04-29,152.404541015625
2014-04-30,152.859161376953
2014-05-01,152.875305175781
2014-05-02,152.656173706055
2014-05-05,152.948379516602
2014-05-06,151.6171875
2014-05-07,152.510055541992
2014-05-08,152.34765625
2014-05-09,152.575042724609
2014-05-12,154.060546875
2014-05-13,154.198532104492
2014-05-14,153.467910766602
2014-05-15,152.120407104492
2014-05-16,152.648132324219
2014-05-19,153.208206176758
2014-05-20,152.242202758789
2014-05-21,153.52473449707
2014-05-22,153.89811706543
2014-05-23,154.515090942383
2014-05-27,155.46484375
2014-05-28,155.351150512695
2014-05-29,156.154815673828
2014-05-30,156.406494140625
2014-06-02,156.5849609375
2014-06-03,156.503845214844
2014-06-04,156.820388793945
2014-06-05,157.843246459961
2014-06-06,158.59814453125
2014-06-09,158.760482788086
2014-06-10,158.776733398438
2014-06-11,158.224716186523
2014-06-12,157.104598999023
2014-06-13,157.583465576172
2014-06-16,157.713317871094
2014-06-17,158.151718139648
2014-06-18,159.312515258789
2014-06-19,159.490997314453
2014-06-20,159.814865112305
2014-06-23,159.765914916992
2014-06-24,158.803466796875
2014-06-25,159.521224975586
2014-06-26,159.407043457031
2014-06-27,159.71696472168
2014-06-30,159.635406494141
2014-07-01,160.703948974609
2014-07-02,160.867034912109
2014-07-03,161.658203125
2014-07-07,161.095443725586
2014-07-08,160.059524536133
2014-07-09,160.777313232422
2014-07-10,160.141098022461
2014-07-11,160.361328125
2014-07-14,161.168838500977
2014-07-15,160.867034912109
2014-07-16,161.462432861328
2014-07-17,159.627258300781
2014-07-18,161.258529663086
2014-07-21,160.956695556641
2014-07-22,161.658203125
2014-07-23,162.017059326172
2014-07-24,162.02522277832
2014-07-25,161.266708374023
2014-07-28,161.331939697266
2014-07-29,160.638641357422
2014-07-30,160.6630859375
2014-07-31,157.490264892578
2014-08-01,157.009094238281
2014-08-04,158.142852783203
2014-08-05,156.609390258789
2014-08-06,156.658386230469
2014-08-07,155.810134887695
2014-08-08,157.612640380859
2014-08-11,158.069381713867
2014-08-12,157.849136352539
2014-08-13,158.917663574219
2014-08-14,159.668060302734
2014-08-15,159.635406494141
2014-08-18,160.973037719727
2014-08-19,161.813140869141
2014-08-20,162.245452880859
2014-08-21,162.718505859375
2014-08-22,162.465637207031
2014-08-25,163.289459228516
2014-08-26,163.395477294922
2014-08-27,163.330215454102
2014-08-28,163.240509033203
2014-08-29,163.705444335938
2014-09-02,163.623794555664
2014-09-03,163.534118652344
2014-09-04,163.297607421875
2014-09-05,164.031661987305
2014-09-08,163.607574462891
2014-09-09,162.571701049805
2014-09-10,163.183410644531
2014-09-11,163.370956420898
2014-09-12,162.416687011719
2014-09-15,162.294387817383
2014-09-16,163.517852783203
2014-09-17,163.738067626953
2014-09-18,164.610748291016
2014-09-19,164.462478637695
2014-09-22,163.192367553711
2014-09-23,162.258163452148
2014-09-24,163.528305053711
2014-09-25,160.8896484375
2014-09-26,162.167999267578
2014-09-29,161.873001098633
2014-09-30,161.446960449219
2014-10-01,159.259002685547
2014-10-02,159.283599853516
2014-10-03,161.037200927734
2014-10-06,160.848678588867
2014-10-07,158.365753173828
2014-10-08,161.135498046875
2014-10-09,157.939651489258
2014-10-10,156.136901855469
2014-10-13,153.572036743164
2014-10-14,153.809661865234
2014-10-15,152.769027709961
2014-10-16,152.637924194336
2014-10-17,154.440673828125
2014-10-20,155.940216064453
2014-10-21,159.029525756836
2014-10-22,157.898666381836
2014-10-23,159.734237670898
2014-10-24,160.963455200195
2014-10-27,160.7421875
2014-10-28,162.585906982422
2014-10-29,162.340103149414
2014-10-30,163.380813598633
2014-10-31,165.249114990234
2014-11-03,165.339218139648
2014-11-04,164.765670776367
2014-11-05,165.806335449219
2014-11-06,166.470108032227
2014-11-07,166.62580871582
2014-11-10,167.150238037109
2014-11-11,167.314102172852
2014-11-12,167.133850097656
2014-11-13,167.322311401367
2014-11-14,167.363311767578
2014-11-17,167.469772338867
2014-11-18,168.436752319336
2014-11-19,168.166290283203
2014-11-20,168.461334228516
2014-11-21,169.362701416016
2014-11-24,169.837997436523
2014-11-25,169.715087890625
2014-11-26,170.149444580078
2014-11-28,169.788864135742
2014-12-01,168.608856201172
2014-12-02,169.698623657227
2014-12-03,170.354278564453
2014-12-04,170.165771484375
2014-12-05,170.444427490234
2014-12-08,169.305419921875
2014-12-09,169.190643310547
2014-12-10,166.478286743164
2014-12-11,167.322311401367
2014-12-12,164.618118286133
2014-12-15,163.487335205078
2014-12-16,162.176147460938
2014-12-17,165.355621337891
2014-12-18,169.44465637207
2014-12-19,170.165664672852
2014-12-22,170.948455810547
2014-12-23,171.179183959961
2014-12-24,171.195587158203
2014-12-26,171.747695922852
2014-12-29,171.978393554688
2014-12-30,171.055526733398
2014-12-31,169.358139038086
2015-01-02,169.267517089844
2015-01-05,166.21061706543
2015-01-06,164.645141601562
2015-01-07,166.696716308594
2015-01-08,169.654800415039
2015-01-09,168.29524230957
2015-01-12,166.976913452148
2015-01-13,166.507217407227
2015-01-14,165.501953125
2015-01-15,163.985885620117
2015-01-16,166.136428833008
2015-01-20,166.490768432617
2015-01-21,167.331207275391
2015-01-22,169.819595336914
2015-01-23,168.888458251953
2015-01-26,169.284027099609
2015-01-27,167.051055908203
2015-01-28,164.908737182617
2015-01-29,166.433120727539
2015-01-30,164.340194702148
2015-02-02,166.375442504883
2015-02-03,168.781356811523
2015-02-04,168.138717651367
2015-02-05,169.836090087891
2015-02-06,169.366455078125
2015-02-09,168.608337402344
2015-02-10,170.404632568359
2015-02-11,170.503494262695
2015-02-12,172.143173217773
2015-02-13,172.851760864258
2015-02-17,173.12370300293
2015-02-18,173.14013671875
2015-02-19,173.016555786133
2015-02-20,174.054809570312
2015-02-23,174.030075073242
2015-02-24,174.524459838867
2015-02-25,174.376129150391
2015-02-26,174.170150756836
2015-02-27,173.576889038086
2015-03-02,174.672805786133
2015-03-03,173.955917358398
2015-03-04,173.222503662109
2015-03-05,173.412124633789
2015-03-06,170.973159790039
2015-03-09,171.68180847168
2015-03-10,168.896759033203
2015-03-11,168.501235961914
2015-03-12,170.6435546875
2015-03-13,169.597137451172
2015-03-16,171.863006591797
2015-03-17,171.352127075195
2015-03-18,173.412124633789
2015-03-19,172.62109375
2015-03-20,174.144744873047
2015-03-23,173.805435180664
2015-03-24,172.828826904297
2015-03-25,170.296234130859
2015-03-26,169.890625
2015-03-27,170.279678344727
2015-03-30,172.357086181641
2015-03-31,170.850692749023
2015-04-01,170.246490478516
2015-04-02,170.858978271484
2015-04-06,172.009414672852
2015-04-07,171.554168701172
2015-04-08,172.133575439453
2015-04-09,172.895004272461
2015-04-10,173.83854675293
2015-04-13,173.052276611328
2015-04-14,173.383331298828
2015-04-15,174.161346435547
2015-04-16,174.111663818359
2015-04-17,172.108749389648
2015-04-20,173.681335449219
2015-04-21,173.474411010742
2015-04-22,174.326843261719
2015-04-23,174.765502929688
2015-04-24,175.171051025391
2015-04-27,174.442733764648
2015-04-28,174.997207641602
2015-04-29,174.277206420898
2015-04-30,172.530868530273
2015-05-01,174.401321411133
2015-05-04,174.89794921875
2015-05-05,172.895004272461
2015-05-06,172.183258056641
2015-05-07,172.870193481445
2015-05-08,175.146194458008
2015-05-11,174.310287475586
2015-05-12,173.788864135742
2015-05-13,173.821990966797
2015-05-14,175.634536743164
2015-05-15,175.824813842773
2015-05-18,176.371139526367
2015-05-19,176.313171386719
2015-05-20,176.189025878906
2015-05-21,176.702224731445
2015-05-22,176.280136108398
2015-05-26,174.384780883789
2015-05-27,176.040069580078
2015-05-28,175.841415405273
2015-05-29,174.748977661133
2015-06-01,175.104843139648
2015-06-02,174.931030273438
2015-06-03,175.394515991211
2015-06-04,173.912994384766
2015-06-05,173.61506652832
2015-06-08,172.547409057617
2015-06-09,172.522567749023
2015-06-10,174.591659545898
2015-06-11,175.154495239258
2015-06-12,173.813735961914
2015-06-15,173.068878173828
2015-06-16,174.012329101562
2015-06-17,174.293701171875
2015-06-18,176.106307983398
2015-06-19,175.32453918457
2015-06-22,176.222717285156
2015-06-23,176.347503662109
2015-06-24,175.066650390625
2015-06-25,174.534439086914
2015-06-26,174.501159667969
2015-06-29,170.841796875
2015-06-30,171.199432373047
2015-07-01,172.571670532227
2015-07-02,172.413665771484
2015-07-06,171.923004150391
2015-07-07,173.004180908203
2015-07-08,170.101593017578
2015-07-09,170.409332275391
2015-07-10,172.555053710938
2015-07-13,174.459625244141
2015-07-14,175.216400146484
2015-07-15,175.158187866211
2015-07-16,176.563690185547
2015-07-17,176.713394165039
2015-07-20,176.804885864258
2015-07-21,176.106307983398
2015-07-22,175.790252685547
2015-07-23,174.80061340332
2015-07-24,172.987487792969
2015-07-27,171.981216430664
2015-07-28,174.093643188477
2015-07-29,175.291229248047
2015-07-30,175.332855224609
2015-07-31,175.066650390625
2015-08-03,174.47624206543
2015-08-04,174.13525390625
2015-08-05,174.709091186523
2015-08-06,173.278594970703
2015-08-07,172.945922851562
2015-08-10,175.124969482422
2015-08-11,173.544692993164
2015-08-12,173.752716064453
2015-08-13,173.536407470703
2015-08-14,174.168502807617
2015-08-17,175.141586303711
2015-08-18,174.634231567383
2015-08-19,173.253662109375
2015-08-20,169.635848999023
2015-08-21,164.529449462891
2015-08-24,157.6015625
2015-08-25,155.746978759766
2015-08-26,161.726699829102
2015-08-27,165.727035522461
2015-08-28,165.7353515625
2015-08-31,164.396377563477
2015-09-01,159.489501953125
2015-09-02,162.516830444336
2015-09-03,162.633178710938
2015-09-04,160.171493530273
2015-09-08,164.196746826172
2015-09-09,162.00114440918
2015-09-10,162.882751464844
2015-09-11,163.622894287109
2015-09-14,163.015777587891
2015-09-15,165.053359985352
2015-09-16,166.483810424805
2015-09-17,166.109634399414
2015-09-18,163.395080566406
2015-09-21,164.239456176758
2015-09-22,162.107696533203
2015-09-23,161.848541259766
2015-09-24,161.26335144043
2015-09-25,161.221527099609
2015-09-28,157.17529296875
2015-09-29,157.267272949219
2015-09-30,160.201629638672
2015-10-01,160.619598388672
2015-10-02,163.018905639648
2015-10-05,165.919845581055
2015-10-06,165.351318359375
2015-10-07,166.705688476562
2015-10-08,168.210464477539
2015-10-09,168.310729980469
2015-10-12,168.469619750977
2015-10-13,167.407897949219
2015-10-14,166.605316162109
2015-10-15,169.163497924805
2015-10-16,169.932601928711
2015-10-19,170.016174316406
2015-10-20,169.798828125
2015-10-21,168.745483398438
2015-10-22,171.596237182617
2015-10-23,173.47721862793
2015-10-26,173.050903320312
2015-10-27,172.716430664062
2015-10-28,174.681060791016
2015-10-29,174.580764770508
2015-10-30,173.828353881836
2015-11-02,175.884902954102
2015-11-03,176.39485168457
2015-11-04,175.859786987305
2015-11-05,175.684234619141
2015-11-06,175.592239379883
2015-11-09,173.953720092773
2015-11-10,174.355026245117
2015-11-11,173.669448852539
2015-11-12,171.245147705078
2015-11-13,169.322311401367
2015-11-16,171.897171020508
2015-11-17,171.771835327148
2015-11-18,174.497131347656
2015-11-19,174.346633911133
2015-11-20,174.982040405273
2015-11-23,174.781341552734
2015-11-24,175.015411376953
2015-11-25,174.990371704102
2015-11-27,175.191009521484
2015-11-30,174.46369934082
2015-12-01,176.12727355957
2015-12-02,174.329956054688
2015-12-03,171.888763427734
2015-12-04,175.241119384766
2015-12-07,174.179397583008
2015-12-08,173.009048461914
2015-12-09,171.663131713867
2015-12-10,172.106185913086
2015-12-11,168.770584106445
2015-12-14,169.623275756836
2015-12-15,171.403991699219
2015-12-16,173.91194152832
2015-12-17,171.261840820312
2015-12-18,168.210830688477
2015-12-21,169.598419189453
2015-12-22,171.137390136719
2015-12-23,173.256637573242
2015-12-24,172.970703125
2015-12-28,172.575393676758
2015-12-29,174.41716003418
2015-12-30,173.180938720703
2015-12-31,171.448547363281
2016-01-04,169.051742553711
2016-01-05,169.337738037109
2016-01-06,167.201583862305
2016-01-07,163.190216064453
2016-01-08,161.398895263672
2016-01-11,161.55876159668
2016-01-12,162.862243652344
2016-01-13,158.800354003906
2016-01-14,161.407333374023
2016-01-15,157.942565917969
2016-01-19,158.152816772461
2016-01-20,156.126037597656
2016-01-21,157.000686645508
2016-01-22,160.221588134766
2016-01-25,157.79963684082
2016-01-26,159.95246887207
2016-01-27,158.211654663086
2016-01-28,159.035858154297
2016-01-29,162.912689208984
2016-02-01,162.853851318359
2016-02-02,159.918884277344
2016-02-03,160.877517700195
2016-02-04,161.129852294922
2016-02-05,158.060287475586
2016-02-08,155.932632446289
2016-02-09,155.941040039062
2016-02-10,155.806442260742
2016-02-11,153.779708862305
2016-02-12,156.950225830078
2016-02-16,159.599258422852
2016-02-17,162.206253051758
2016-02-18,161.541931152344
2016-02-19,161.466186523438
2016-02-22,163.804077148438
2016-02-23,161.735321044922
2016-02-24,162.475387573242
2016-02-25,164.443206787109
2016-02-26,164.064788818359
2016-02-29,162.778106689453
2016-03-01,166.604553222656
2016-03-02,167.353012084961
2016-03-03,168.008972167969
2016-03-04,168.555587768555
2016-03-07,168.690139770508
2016-03-08,166.84846496582
2016-03-09,167.672592163086
2016-03-10,167.80712890625
2016-03-11,170.514999389648
2016-03-14,170.296417236328
2016-03-15,170.018844604492
2016-03-16,171.002853393555
2016-03-17,172.08772277832
2016-03-18,172.763931274414
2016-03-21,173.009017944336
2016-03-22,172.916091918945
2016-03-23,171.774856567383
2016-03-24,171.698776245117
2016-03-28,171.800262451172
2016-03-29,173.389450073242
2016-03-30,174.150253295898
2016-03-31,173.727584838867
2016-04-01,174.910980224609
2016-04-04,174.344619750977
2016-04-05,172.603332519531
2016-04-06,174.488327026367
2016-04-07,172.400405883789
2016-04-08,172.865356445312
2016-04-11,172.459579467773
2016-04-12,174.065658569336
2016-04-13,175.823928833008
2016-04-14,175.832412719727
2016-04-15,175.637969970703
2016-04-18,176.872039794922
2016-04-19,177.429962158203
2016-04-20,177.599075317383
2016-04-21,176.643920898438
2016-04-22,176.643920898438
2016-04-25,176.339508056641
2016-04-26,176.601593017578
2016-04-27,176.965072631836
2016-04-28,175.358963012695
2016-04-29,174.412231445312
2016-05-02,175.798583984375
2016-05-03,174.268539428711
2016-05-04,173.296463012695
2016-05-05,173.262649536133
2016-05-06,173.896621704102
2016-05-09,174.040298461914
2016-05-10,176.204284667969
2016-05-11,174.555999755859
2016-05-12,174.606674194336
2016-05-13,173.085083007812
2016-05-16,174.792617797852
2016-05-17,173.161178588867
2016-05-18,173.211898803711
2016-05-19,172.611755371094
2016-05-20,173.702194213867
2016-05-23,173.46549987793
2016-05-24,175.714004516602
2016-05-25,176.905899047852
2016-05-26,176.956634521484
2016-05-27,177.717407226562
2016-05-31,177.37922668457
2016-06-01,177.742752075195
2016-06-02,178.283737182617
2016-06-03,177.751205444336
2016-06-06,178.655654907227
2016-06-07,178.934616088867
2016-06-08,179.51789855957
2016-06-09,179.272796630859
2016-06-10,177.573699951172
2016-06-13,176.204284667969
2016-06-14,175.857711791992
2016-06-15,175.612594604492
2016-06-16,176.13671875
2016-06-17,175.480697631836
2016-06-20,176.610809326172
2016-06-21,177.112152099609
2016-06-22,176.8232421875
2016-06-23,179.125961303711
2016-06-24,172.693710327148
2016-06-27,169.600784301758
2016-06-28,172.65966796875
2016-06-29,175.599685668945
2016-06-30,177.995849609375
2016-07-01,178.369674682617
2016-07-05,177.086700439453
2016-07-06,178.148727416992
2016-07-07,178.038330078125
2016-07-08,180.689392089844
2016-07-11,181.32666015625
2016-07-12,182.643707275391
2016-07-13,182.618225097656
2016-07-14,183.63786315918
2016-07-15,183.391403198242
2016-07-18,183.884292602539
2016-07-19,183.697341918945
2016-07-20,184.462112426758
2016-07-21,183.765365600586
2016-07-22,184.58952331543
2016-07-25,184.088226318359
2016-07-26,184.173187255859
2016-07-27,183.977752685547
2016-07-28,184.190139770508
2016-07-29,184.487533569336
2016-08-01,184.334625244141
2016-08-02,183.153518676758
2016-08-03,183.688842773438
2016-08-04,183.884292602539
2016-08-05,185.388244628906
2016-08-08,185.277786254883
2016-08-09,185.388244628906
2016-08-10,184.929412841797
2016-08-11,185.787567138672
2016-08-12,185.626174926758
2016-08-15,186.161499023438
2016-08-16,185.201354980469
2016-08-17,185.549667358398
2016-08-18,185.966033935547
2016-08-19,185.694183349609
2016-08-22,185.685653686523
2016-08-23,186.059524536133
2016-08-24,185.107833862305
2016-08-25,184.980361938477
2016-08-26,184.632034301758
2016-08-29,185.54118347168
2016-08-30,185.235290527344
2016-08-31,184.70849609375
2016-09-01,184.717025756836
2016-09-02,185.549667358398
2016-09-06,186.110504150391
2016-09-07,186.093490600586
2016-09-08,185.668640136719
2016-09-09,181.224700927734
2016-09-12,183.824813842773
2016-09-13,181.182235717773
2016-09-14,181.114212036133
2016-09-15,182.92414855957
2016-09-16,182.21696472168
2016-09-19,182.251174926758
2016-09-20,182.259658813477
2016-09-21,184.309265136719
2016-09-22,185.470718383789
2016-09-23,184.454437255859
2016-09-26,182.959945678711
2016-09-27,184.095779418945
2016-09-28,185.009567260742
2016-09-29,183.335708618164
2016-09-30,184.719161987305
2016-10-03,184.275161743164
2016-10-04,183.335708618164
2016-10-05,184.147064208984
2016-10-06,184.275161743164
2016-10-07,183.643142700195
2016-10-10,184.599670410156
2016-10-11,182.268249511719
2016-10-12,182.507400512695
2016-10-13,181.909545898438
2016-10-14,182.003479003906
2016-10-17,181.371551513672
2016-10-18,182.507400512695
2016-10-19,182.994140625
2016-10-20,182.652542114258
2016-10-21,182.737945556641
2016-10-24,183.515045166016
2016-10-25,182.900207519531
2016-10-26,182.532958984375
2016-10-27,182.046264648438
2016-10-28,181.508178710938
2016-10-31,181.516723632812
2016-11-01,180.201583862305
2016-11-02,179.11701965332
2016-11-03,178.297149658203
2016-11-04,178.100723266602
2016-11-07,182.029067993164
2016-11-08,182.84895324707
2016-11-09,184.787582397461
2016-11-10,185.24870300293
2016-11-11,184.821685791016
2016-11-14,184.966857910156
2016-11-15,186.410140991211
2016-11-16,186.059982299805
2016-11-17,187.016479492188
2016-11-18,186.598022460938
2016-11-21,188.007064819336
2016-11-22,188.374359130859
2016-11-23,188.476791381836
2016-11-25,189.177108764648
2016-11-28,188.288909912109
2016-11-29,188.656112670898
2016-11-30,188.203491210938
2016-12-01,187.511749267578
2016-12-02,187.605667114258
2016-12-05,188.733032226562
2016-12-06,189.330780029297
2016-12-07,191.807357788086
2016-12-08,192.277053833008
2016-12-09,193.438491821289
2016-12-12,193.21647644043
2016-12-13,194.505996704102
2016-12-14,192.900466918945
2016-12-15,193.694717407227
2016-12-16,193.315826416016
2016-12-19,193.736785888672
2016-12-20,194.484115600586
2016-12-21,193.942962646484
2016-12-22,193.607940673828
2016-12-23,193.891387939453
2016-12-27,194.372482299805
2016-12-28,192.76611328125
2016-12-29,192.72314453125
2016-12-30,192.018753051758
2017-01-03,193.487655639648
2017-01-04,194.638763427734
2017-01-05,194.484115600586
2017-01-06,195.179946899414
2017-01-09,194.535720825195
2017-01-10,194.535720825195
2017-01-11,195.08544921875
2017-01-12,194.595794677734
2017-01-13,195.042495727539
2017-01-17,194.355285644531
2017-01-18,194.784820556641
2017-01-19,194.063247680664
2017-01-20,194.776214599609
2017-01-23,194.269378662109
2017-01-24,195.515014648438
2017-01-25,197.207260131836
2017-01-26,197.001083374023
2017-01-27,196.691879272461
2017-01-30,195.472030639648
2017-01-31,195.454879760742
2017-02-01,195.532135009766
2017-02-02,195.661026000977
2017-02-03,197.009719848633
2017-02-06,196.657501220703
2017-02-07,196.666046142578
2017-02-08,196.923843383789
2017-02-09,198.092071533203
2017-02-10,198.873764038086
2017-02-13,199.956192016602
2017-02-14,200.755111694336
2017-02-15,201.803085327148
2017-02-16,201.631256103516
2017-02-17,201.949111938477
2017-02-21,203.151763916016
2017-02-22,202.971343994141
2017-02-23,203.108764648438
2017-02-24,203.36653137207
2017-02-27,203.684341430664
2017-02-28,203.134582519531
2017-03-01,205.977920532227
2017-03-02,204.680816650391
2017-03-03,204.809707641602
2017-03-06,204.199783325195
2017-03-07,203.589797973633
2017-03-08,203.211898803711
2017-03-09,203.469528198242
2017-03-10,204.182586669922
2017-03-13,204.28564453125
2017-03-14,203.503936767578
2017-03-15,205.264938354492
2017-03-16,204.861190795898
2017-03-17,204.501434326172
2017-03-20,204.277130126953
2017-03-21,201.654296875
2017-03-22,202.128860473633
2017-03-23,201.913223266602
2017-03-24,201.766510009766
2017-03-27,201.55940246582
2017-03-28,203.026123046875
2017-03-29,203.215896606445
2017-03-30,203.862945556641
2017-03-31,203.388488769531
2017-04-03,203.034759521484
2017-04-04,203.164108276367
2017-04-05,202.56022644043
2017-04-06,203.129669189453
2017-04-07,202.922607421875
2017-04-10,203.043395996094
2017-04-11,202.801788330078
2017-04-12,201.913223266602
2017-04-13,200.601715087891
2017-04-17,202.379043579102
2017-04-18,201.775100708008
2017-04-19,201.404113769531
2017-04-20,203.043395996094
2017-04-21,202.39631652832
2017-04-24,204.622222900391
2017-04-25,205.812835693359
2017-04-26,205.68342590332
2017-04-27,205.856002807617
2017-04-28,205.407348632812
2017-05-01,205.925018310547
2017-05-02,206.002655029297
2017-05-03,205.752471923828
2017-05-04,205.994018554688
2017-05-05,206.80500793457
2017-05-08,206.770538330078
2017-05-09,206.58073425293
2017-05-10,206.95166015625
2017-05-11,206.528915405273
2017-05-12,206.183807373047
2017-05-15,207.322708129883
2017-05-16,207.132873535156
2017-05-17,203.457504272461
2017-05-18,204.277130126953
2017-05-19,205.605819702148
2017-05-22,206.649765014648
2017-05-23,207.107055664062
2017-05-24,207.590148925781
2017-05-25,208.582305908203
2017-05-26,208.539199829102
2017-05-30,208.357971191406
2017-05-31,208.306259155273
2017-06-01,209.962738037109
2017-06-02,210.661575317383
2017-06-05,210.506317138672
2017-06-06,209.833312988281
2017-06-07,210.221588134766
2017-06-08,210.325073242188
2017-06-09,210.005889892578
2017-06-12,209.962738037109
2017-06-13,210.989440917969
2017-06-14,210.72200012207
2017-06-15,210.316452026367
2017-06-16,210.362487792969
2017-06-19,212.113754272461
2017-06-20,210.683227539062
2017-06-21,210.631210327148
2017-06-22,210.535827636719
2017-06-23,210.787231445312
2017-06-26,210.925933837891
2017-06-27,209.226715087891
2017-06-28,211.099395751953
2017-06-29,209.244049072266
2017-06-30,209.634140014648
2017-07-03,209.989639282227
2017-07-05,210.475158691406
2017-07-06,208.550445556641
2017-07-07,209.902923583984
2017-07-10,210.128387451172
2017-07-11,209.972290039062
2017-07-12,211.550216674805
2017-07-13,211.905670166016
2017-07-14,212.893981933594
2017-07-17,212.86799621582
2017-07-18,212.980712890625
2017-07-19,214.1337890625
2017-07-20,214.229141235352
2017-07-21,214.03840637207
2017-07-24,213.986373901367
2017-07-25,214.506561279297
2017-07-26,214.515258789062
2017-07-27,214.315841674805
2017-07-28,214.064453125
2017-07-31,213.94303894043
2017-08-01,214.419860839844
2017-08-02,214.52392578125
2017-08-03,214.107803344727
2017-08-04,214.497894287109
2017-08-07,214.896728515625
2017-08-08,214.367828369141
2017-08-09,214.359146118164
2017-08-10,211.333450317383
2017-08-11,211.645584106445
2017-08-14,213.743637084961
2017-08-15,213.717651367188
2017-08-16,214.090423583984
2017-08-17,210.752563476562
2017-08-18,210.423126220703
2017-08-21,210.587844848633
2017-08-22,212.789978027344
2017-08-23,212.026977539062
2017-08-24,211.532897949219
2017-08-25,212.026977539062
2017-08-28,212.035720825195
2017-08-29,212.278427124023
2017-08-30,213.284133911133
2017-08-31,214.567260742188
2017-09-01,214.870697021484
2017-09-05,213.327514648438
2017-09-06,214.055786132812
2017-09-07,214.029754638672
2017-09-08,213.778274536133
2017-09-11,216.058502197266
2017-09-12,216.786758422852
2017-09-13,216.890762329102
2017-09-14,216.821365356445
2017-09-15,217.11328125
2017-09-18,217.575042724609
2017-09-19,217.792877197266
2017-09-20,217.871215820312
2017-09-21,217.287536621094
2017-09-22,217.331100463867
2017-09-25,216.886779785156
2017-09-26,217.017425537109
2017-09-27,217.862579345703
2017-09-28,218.123962402344
2017-09-29,218.890686035156
2017-10-02,219.840377807617
2017-10-03,220.310821533203
2017-10-04,220.572250366211
2017-10-05,221.879150390625
2017-10-06,221.626495361328
2017-10-09,221.26057434082
2017-10-10,221.84423828125
2017-10-11,222.192840576172
2017-10-12,221.861755371094
2017-10-13,222.131790161133
2017-10-16,222.428009033203
2017-10-17,222.584884643555
2017-10-18,222.802703857422
2017-10-19,222.863708496094
2017-10-20,224.013824462891
2017-10-23,223.142486572266
2017-10-24,223.534576416016
2017-10-25,222.428009033203
2017-10-26,222.715591430664
2017-10-27,224.536514282227
2017-10-30,223.700103759766
2017-10-31,224.048614501953
2017-11-01,224.344863891602
2017-11-02,224.431976318359
2017-11-03,225.181335449219
2017-11-06,225.529800415039
2017-11-07,225.372955322266
2017-11-08,225.756317138672
2017-11-09,224.937347412109
2017-11-10,224.867599487305
2017-11-13,225.076766967773
2017-11-14,224.554000854492
2017-11-15,223.430084228516
2017-11-16,225.329391479492
2017-11-17,224.66716003418
2017-11-20,225.050567626953
2017-11-21,226.523056030273
2017-11-22,226.322631835938
2017-11-24,226.845474243164
2017-11-27,226.732131958008
2017-11-28,229.032302856445
2017-11-29,228.89289855957
2017-11-30,230.896881103516
2017-12-01,230.41764831543
2017-12-04,230.138824462891
2017-12-05,229.311126708984
2017-12-06,229.35466003418
2017-12-07,230.077911376953
2017-12-08,231.332565307617
2017-12-11,232.029541015625
2017-12-12,232.439010620117
2017-12-13,232.412872314453
2017-12-14,231.463195800781
2017-12-15,233.390686035156
2017-12-18,234.870697021484
2017-12-19,233.968719482422
2017-12-20,233.846099853516
2017-12-21,234.327621459961
2017-12-22,234.266418457031
2017-12-26,233.986206054688
2017-12-27,234.100006103516
2017-12-28,234.581680297852
2017-12-29,233.697189331055
2018-01-02,235.36979675293
2018-01-03,236.858581542969
2018-01-04,237.856918334961
2018-01-05,239.441925048828
2018-01-08,239.8798828125
2018-01-09,240.422775268555
2018-01-10,240.054992675781
2018-01-11,241.806411743164
2018-01-12,243.382751464844
2018-01-16,242.550750732422
2018-01-17,244.862701416016
2018-01-18,244.451126098633
2018-01-19,245.563247680664
2018-01-22,247.560012817383
2018-01-23,248.085418701172
2018-01-24,247.989105224609
2018-01-25,248.094055175781
2018-01-26,250.966537475586
2018-01-29,249.302612304688
2018-01-30,246.745529174805
2018-01-31,246.868148803711
2018-02-01,246.587982177734
2018-02-02,241.219711303711
2018-02-05,231.131286621094
2018-02-06,235.685028076172
2018-02-07,234.406539916992
2018-02-08,225.614227294922
2018-02-09,229.003295898438
2018-02-12,232.366058349609
2018-02-13,232.944061279297
2018-02-14,236.087936401367
2018-02-15,239.100479125977
2018-02-16,239.170516967773
2018-02-20,237.672988891602
2018-02-21,236.490783691406
2018-02-22,236.797317504883
2018-02-23,240.571655273438
2018-02-26,243.365234375
2018-02-27,240.32649230957
2018-02-28,237.891937255859
2018-03-01,234.432800292969
2018-03-02,235.64128112793
2018-03-05,238.364807128906
2018-03-06,238.969039916992
2018-03-07,238.88151550293
2018-03-08,240.03742980957
2018-03-09,244.214736938477
2018-03-12,243.908172607422
2018-03-13,242.331848144531
2018-03-14,241.088287353516
2018-03-15,240.82568359375
2018-03-16,241.086807250977
2018-03-19,237.824752807617
2018-03-20,238.22932434082
2018-03-21,237.771942138672
2018-03-22,231.828384399414
2018-03-23,226.887069702148
2018-03-26,233.094497680664
2018-03-27,229.129150390625
2018-03-28,228.452117919922
2018-03-29,231.371154785156
2018-04-02,226.377166748047
2018-04-03,229.278594970703
2018-04-04,231.731704711914
2018-04-05,233.560485839844
2018-04-06,228.355392456055
2018-04-09,229.480834960938
2018-04-10,233.129653930664
2018-04-11,231.907531738281
2018-04-12,233.815505981445
2018-04-13,233.129653930664
2018-04-16,235.046371459961
2018-04-17,237.561019897461
2018-04-18,237.736846923828
2018-04-19,236.418045043945
2018-04-20,234.413391113281
2018-04-23,234.378158569336
2018-04-24,231.221694946289
2018-04-25,231.793243408203
2018-04-26,234.149551391602
2018-04-27,234.369400024414
2018-04-30,232.566970825195
2018-05-01,232.980224609375
2018-05-02,231.415191650391
2018-05-03,230.905212402344
2018-05-04,233.894622802734
2018-05-07,234.685913085938
2018-05-08,234.685913085938
2018-05-09,236.954360961914
2018-05-10,239.170074462891
2018-05-11,239.899795532227
2018-05-14,240.014038085938
2018-05-15,238.361175537109
2018-05-16,239.363494873047
2018-05-17,239.161285400391
2018-05-18,238.563354492188
2018-05-21,240.356948852539
2018-05-22,239.688720703125
2018-05-23,240.348220825195
2018-05-24,239.855804443359
2018-05-25,239.284271240234
2018-05-29,236.532257080078
2018-05-30,239.688720703125
2018-05-31,238.220489501953
2018-06-01,240.559188842773
2018-06-04,241.702178955078
2018-06-05,241.878036499023
2018-06-06,243.900314331055
2018-06-07,243.873947143555
2018-06-08,244.59489440918
2018-06-11,244.920211791992
2018-06-12,245.236801147461
2018-06-13,244.454254150391
2018-06-14,245.069763183594
2018-06-15,244.757095336914
2018-06-18,244.253677368164
2018-06-19,243.317459106445
2018-06-20,243.732543945312
2018-06-21,242.204605102539
2018-06-22,242.646224975586
2018-06-25,239.343048095703
2018-06-26,239.873092651367
2018-06-27,237.885818481445
2018-06-28,239.245971679688
2018-06-29,239.590393066406
2018-07-02,240.102645874023
2018-07-03,239.2548828125
2018-07-05,241.206634521484
2018-07-06,243.246826171875
2018-07-09,245.437057495117
2018-07-10,246.320251464844
2018-07-11,244.518600463867
2018-07-12,246.735290527344
2018-07-13,246.929733276367
2018-07-16,246.708923339844
2018-07-17,247.706848144531
2018-07-18,248.227935791016
2018-07-19,247.291793823242
2018-07-20,247.009185791016
2018-07-23,247.468505859375
2018-07-24,248.713775634766
2018-07-25,250.833389282227
2018-07-26,250.241668701172
2018-07-27,248.545913696289
2018-07-30,247.247650146484
2018-07-31,248.466430664062
2018-08-01,248.051284790039
2018-08-02,249.402557373047
2018-08-03,250.471267700195
2018-08-06,251.389755249023
2018-08-07,252.219863891602
2018-08-08,252.11393737793
2018-08-09,251.769592285156
2018-08-10,250.082641601562
2018-08-13,249.146499633789
2018-08-14,250.736221313477
2018-08-15,248.863861083984
2018-08-16,250.877517700195
2018-08-17,251.760696411133
2018-08-20,252.299468994141
2018-08-21,252.891189575195
2018-08-22,252.741104125977
2018-08-23,252.405426025391
2018-08-24,253.92448425293
2018-08-27,255.92936706543
2018-08-28,256.053009033203
2018-08-29,257.430847167969
2018-08-30,256.388610839844
2018-08-31,256.397491455078
2018-09-04,255.955856323242
2018-09-05,255.266967773438
2018-09-06,254.498596191406
2018-09-07,254.004028320312
2018-09-10,254.445602416992
2018-09-11,255.284530639648
2018-09-12,255.34651184082
2018-09-13,256.856597900391
2018-09-14,256.90087890625
2018-09-17,255.540634155273
2018-09-18,256.927398681641
2018-09-19,257.201232910156
2018-09-20,259.285461425781
2018-09-21,259.048553466797
2018-09-24,258.187957763672
2018-09-25,257.948394775391
2018-09-26,257.176544189453
2018-09-27,257.895172119141
2018-09-28,257.921813964844
2018-10-01,258.817993164062
2018-10-02,258.6669921875
2018-10-03,258.808990478516
2018-10-04,256.786224365234
2018-10-05,255.348937988281
2018-10-08,255.348937988281
2018-10-09,254.976379394531
2018-10-10,246.903060913086
2018-10-11,241.464614868164
2018-10-12,244.818145751953
2018-10-15,243.443023681641
2018-10-16,248.766143798828
2018-10-17,248.810470581055
2018-10-18,245.217361450195
2018-10-19,245.084289550781
2018-10-22,243.984237670898
2018-10-23,242.742111206055
2018-10-24,235.387390136719
2018-10-25,239.610443115234
2018-10-26,235.396240234375
2018-10-29,234.092086791992
2018-10-30,237.561004638672
2018-10-31,240.098373413086
2018-11-01,242.653381347656
2018-11-02,241.216171264648
2018-11-05,242.546981811523
2018-11-06,244.081787109375
2018-11-07,249.307312011719
2018-11-08,248.854843139648
2018-11-09,246.423950195312
2018-11-12,241.819534301758
2018-11-13,241.366973876953
2018-11-14,239.716827392578
2018-11-15,242.218734741211
2018-11-16,242.848556518555
2018-11-19,238.74089050293
2018-11-20,234.322799682617
2018-11-21,235.121231079102
2018-11-23,233.55094909668
2018-11-26,237.321411132812
2018-11-27,238.11994934082
2018-11-28,243.602661132812
2018-11-29,243.070343017578
2018-11-30,244.55192565918
2018-12-03,247.79020690918
2018-12-04,239.761199951172
2018-12-06,239.397552490234
2018-12-07,233.834838867188
2018-12-10,234.278442382812
2018-12-11,234.331634521484
2018-12-12,235.511581420898
2018-12-13,235.431716918945
2018-12-14,231.084548950195
2018-12-17,226.551040649414
2018-12-18,226.302642822266
2018-12-19,222.91357421875
2018-12-20,219.285003662109
2018-12-21,214.791961669922
2018-12-24,209.116516113281
2018-12-26,219.68212890625
2018-12-27,221.368743896484
2018-12-28,221.083129882812
2018-12-31,223.019577026367
2019-01-02,223.251617431641
2019-01-03,217.924163818359
2019-01-04,225.223693847656
2019-01-07,226.999526977539
2019-01-08,229.132278442383
2019-01-09,230.203140258789
2019-01-10,231.015167236328
2019-01-11,231.104400634766
2019-01-14,229.694442749023
2019-01-15,232.326889038086
2019-01-16,232.88916015625
2019-01-17,234.655960083008
2019-01-18,237.779312133789
2019-01-22,234.566772460938
2019-01-23,235.057556152344
2019-01-24,235.182479858398
2019-01-25,237.172470092773
2019-01-28,235.369903564453
2019-01-29,235.057556152344
2019-01-30,238.77864074707
2019-01-31,240.875717163086
2019-02-01,240.991806030273
2019-02-04,242.687301635742
2019-02-05,243.70458984375
2019-02-06,243.383316040039
2019-02-07,241.063171386719
2019-02-08,241.357604980469
2019-02-11,241.49153137207
2019-02-12,244.596939086914
2019-02-13,245.391143798828
2019-02-14,244.846755981445
2019-02-15,247.514953613281
2019-02-19,247.943237304688
2019-02-20,248.442977905273
2019-02-21,247.559616088867
2019-02-22,249.094436645508
2019-02-25,249.433547973633
2019-02-26,249.255035400391
2019-02-27,249.148010253906
2019-02-28,248.683898925781
2019-03-01,250.236709594727
2019-03-04,249.326354980469
2019-03-05,248.987396240234
2019-03-06,247.479248046875
2019-03-07,245.40901184082
2019-03-08,244.918182373047
2019-03-11,248.469802856445
2019-03-12,249.406723022461
2019-03-13,251.057632446289
2019-03-14,250.89697265625
2019-03-15,252.136642456055
2019-03-18,253.050796508789
2019-03-19,253.113555908203
2019-03-20,252.351669311523
2019-03-21,255.201919555664
2019-03-22,250.29020690918
2019-03-25,250.101974487305
2019-03-26,251.966278076172
2019-03-27,250.648788452148
2019-03-28,251.598846435547
2019-03-29,253.185256958008
2019-04-01,256.187774658203
2019-04-02,256.313293457031
2019-04-03,256.716674804688
2019-04-04,257.397796630859
2019-04-05,258.643707275391
2019-04-08,258.840881347656
2019-04-09,257.514343261719
2019-04-10,258.392730712891
2019-04-11,258.321105957031
2019-04-12,260.068817138672
2019-04-15,259.898529052734
2019-04-16,260.068817138672
2019-04-17,259.432403564453
2019-04-18,259.943328857422
2019-04-22,260.167358398438
2019-04-23,262.506652832031
2019-04-24,261.924133300781
2019-04-25,261.762756347656
2019-04-26,262.981750488281
2019-04-29,263.39404296875
2019-04-30,263.528442382812
2019-05-01,261.547546386719
2019-05-02,260.982971191406
2019-05-03,263.537322998047
2019-05-06,262.452911376953
2019-05-07,258.070068359375
2019-05-08,257.711456298828
2019-05-09,256.931793212891
2019-05-10,258.222412109375
2019-05-13,251.73323059082
2019-05-14,254.009826660156
2019-05-15,255.497695922852
2019-05-16,257.863891601562
2019-05-17,256.196807861328
2019-05-20,254.502792358398
2019-05-21,256.797241210938
2019-05-22,256.008544921875
2019-05-23,252.880523681641
2019-05-24,253.454071044922
2019-05-28,251.096893310547
2019-05-29,249.411773681641
2019-05-30,250.092971801758
2019-05-31,246.723007202148
2019-06-03,246.095596313477
2019-06-04,251.437454223633
2019-06-05,253.615463256836
2019-06-06,255.264602661133
2019-06-07,257.819183349609
2019-06-10,259.002166748047
2019-06-11,258.939422607422
2019-06-12,258.482391357422
2019-06-13,259.548950195312
2019-06-14,259.262176513672
2019-06-17,259.360687255859
2019-06-18,262.076507568359
2019-06-19,262.668060302734
2019-06-20,265.177612304688
2019-06-21,264.792205810547
2019-06-24,264.468048095703
2019-06-25,261.874053955078
2019-06-26,261.612884521484
2019-06-27,262.54052734375
2019-06-28,263.891571044922
2019-07-01,266.287292480469
2019-07-02,266.980743408203
2019-07-03,269.115356445312
2019-07-05,268.809143066406
2019-07-08,267.332092285156
2019-07-09,267.665283203125
2019-07-10,268.944213867188
2019-07-11,269.574645996094
2019-07-12,270.781585693359
2019-07-15,270.871612548828
2019-07-16,269.997985839844
2019-07-17,268.16064453125
2019-07-18,269.142425537109
2019-07-19,267.647338867188
2019-07-22,268.3046875
2019-07-23,270.223114013672
2019-07-24,271.493011474609
2019-07-25,270.196105957031
2019-07-26,272.006439208984
2019-07-29,271.511077880859
2019-07-30,270.844635009766
2019-07-31,267.881439208984
2019-08-01,265.548706054688
2019-08-02,263.54931640625
2019-08-05,255.623550415039
2019-08-06,259.208190917969
2019-08-07,259.361267089844
2019-08-08,264.449981689453
2019-08-09,262.648620605469
2019-08-12,259.451354980469
2019-08-13,263.486206054688
2019-08-14,255.695617675781
2019-08-15,256.371154785156
2019-08-16,260.153839111328
2019-08-19,263.288116455078
2019-08-20,261.270629882812
2019-08-21,263.396240234375
2019-08-22,263.315093994141
2019-08-23,256.551177978516
2019-08-26,259.388244628906
2019-08-27,258.370574951172
2019-08-28,260.189819335938
2019-08-29,263.513275146484
2019-08-30,263.396240234375
2019-09-03,261.855987548828
2019-09-04,264.828186035156
2019-09-05,268.232727050781
2019-09-06,268.439788818359
2019-09-09,268.574920654297
2019-09-10,268.511840820312
2019-09-11,270.421295166016
2019-09-12,271.358001708984
2019-09-13,271.177795410156
2019-09-16,270.340148925781
2019-09-17,271.024780273438
2019-09-18,271.186798095703
2019-09-19,271.168792724609
2019-09-20,269.887542724609
2019-09-23,269.824249267578
2019-09-24,267.70703125
2019-09-25,269.290466308594
2019-09-26,268.729370117188
2019-09-27,267.281707763672
2019-09-30,268.521301269531
2019-10-01,265.327331542969
2019-10-02,260.640380859375
2019-10-03,262.775726318359
2019-10-04,266.331695556641
2019-10-07,265.182556152344
2019-10-08,261.065643310547
2019-10-09,263.544799804688
2019-10-10,265.327331542969
2019-10-11,268.078002929688
2019-10-14,267.779357910156
2019-10-15,270.430541992188
2019-10-16,269.99609375
2019-10-17,270.792449951172
2019-10-18,269.607147216797
2019-10-21,271.434844970703
2019-10-22,270.548126220703
2019-10-23,271.335327148438
2019-10-24,271.778656005859
2019-10-25,272.891571044922
2019-10-28,274.429748535156
2019-10-29,274.348327636719
2019-10-30,275.189849853516
2019-10-31,274.456939697266
2019-11-01,276.999359130859
2019-11-04,278.1123046875
2019-11-05,277.804779052734
2019-11-06,277.868072509766
2019-11-07,278.845275878906
2019-11-08,279.532867431641
2019-11-11,278.999114990234
2019-11-12,279.587219238281
2019-11-13,279.677581787109
2019-11-14,280.084838867188
2019-11-15,282.111633300781
2019-11-18,282.319732666016
2019-11-19,282.238311767578
2019-11-20,281.188690185547
2019-11-21,280.736328125
2019-11-22,281.360534667969
2019-11-25,283.541198730469
2019-11-26,284.183654785156
2019-11-27,285.450347900391
2019-11-29,284.391754150391
2019-12-02,281.975921630859
2019-12-03,280.084838867188
2019-12-04,281.813049316406
2019-12-05,282.319732666016
2019-12-06,284.898376464844
2019-12-09,284.002716064453
2019-12-10,283.685974121094
2019-12-11,284.491302490234
2019-12-12,286.943328857422
2019-12-13,287.115264892578
2019-12-16,289.087768554688
2019-12-17,289.151031494141
2019-12-18,289.169128417969
2019-12-19,290.354400634766
2019-12-20,291.62744140625
2019-12-23,292.072906494141
2019-12-24,292.082000732422
2019-12-26,293.637023925781
2019-12-27,293.564086914062
2019-12-30,291.945648193359
2019-12-31,292.654937744141
2020-01-02,295.391723632812
2020-01-03,293.155059814453
2020-01-06,294.273376464844
2020-01-07,293.445983886719
2020-01-08,295.009857177734
2020-01-09,297.010314941406
2020-01-10,296.155548095703
2020-01-13,298.192321777344
2020-01-14,297.737731933594
2020-01-15,298.410522460938
2020-01-16,300.892883300781
2020-01-17,301.829345703125
2020-01-21,301.238311767578
2020-01-22,301.274688720703
2020-01-23,301.620300292969
2020-01-24,298.937866210938
2020-01-27,294.146087646484
2020-01-28,297.228424072266
2020-01-29,296.98291015625
2020-01-30,297.946716308594
2020-01-31,292.536773681641
2020-02-03,294.709838867188
2020-02-04,299.201538085938
2020-02-05,302.656707763672
2020-02-06,303.675201416016
2020-02-07,302.056701660156
2020-02-10,304.311614990234
2020-02-11,304.838989257812
2020-02-12,306.803009033203
2020-02-13,306.475677490234
2020-02-14,306.966735839844
2020-02-18,306.175689697266
2020-02-19,307.639526367188
2020-02-20,306.375610351562
2020-02-21,303.220611572266
2020-02-24,293.164154052734
2020-02-25,284.280609130859
2020-02-26,283.234893798828
2020-02-27,270.514465332031
2020-02-28,269.377807617188
2020-03-02,281.043579101562
2020-03-03,272.996643066406
2020-03-04,284.471527099609
2020-03-05,275.015228271484
2020-03-06,270.468872070312
2020-03-09,249.346801757812
2020-03-10,262.249237060547
2020-03-11,249.464996337891
2020-03-12,225.596893310547
2020-03-13,244.882339477539
2020-03-16,218.086349487305
2020-03-17,229.861312866211
2020-03-18,218.222747802734
2020-03-19,218.686447143555
2020-03-20,209.262359619141
2020-03-23,203.91194152832
2020-03-24,222.386993408203
2020-03-25,225.716125488281
2020-03-26,238.895660400391
2020-03-27,231.780014038086
2020-03-30,239.307174682617
2020-03-31,235.740234375
2020-04-01,225.130828857422
2020-04-02,230.325805664062
2020-04-03,226.996643066406
2020-04-06,242.243072509766
2020-04-07,242.490142822266
2020-04-08,250.630111694336
2020-04-09,254.444046020508
2020-04-13,252.120880126953
2020-04-14,259.556671142578
2020-04-15,254.041595458984
2020-04-16,255.267181396484
2020-04-17,262.163269042969
2020-04-20,257.544525146484
2020-04-21,249.724670410156
2020-04-22,255.267181396484
2020-04-23,255.24885559082
2020-04-24,258.806701660156
2020-04-27,262.538238525391
2020-04-28,261.331085205078
2020-04-29,268.172210693359
2020-04-30,265.675323486328
2020-05-01,258.641998291016
2020-05-04,259.355407714844
2020-05-05,261.751678466797
2020-05-06,259.977386474609
2020-05-07,263.114471435547
2020-05-08,267.468078613281
2020-05-11,267.522918701172
2020-05-12,262.190734863281
2020-05-13,257.5537109375
2020-05-14,260.635986328125
2020-05-15,261.834075927734
2020-05-18,269.809387207031
2020-05-19,267.038208007812
2020-05-20,271.574615478516
2020-05-21,269.699676513672
2020-05-22,270.211791992188
2020-05-26,273.540954589844
2020-05-27,277.611083984375
2020-05-28,277.098876953125
2020-05-29,278.333587646484
2020-06-01,279.458526611328
2020-06-02,281.772552490234
2020-06-03,285.522369384766
2020-06-04,284.7724609375
2020-06-05,292.071044921875
2020-06-08,295.601470947266
2020-06-09,293.397216796875
2020-06-10,291.759948730469
2020-06-11,274.940338134766
2020-06-12,278.23291015625
2020-06-15,280.830444335938
2020-06-16,286.235748291016
2020-06-17,285.046813964844
2020-06-18,285.156494140625
2020-06-19,283.52685546875
2020-06-22,285.345794677734
2020-06-23,286.659423828125
2020-06-24,279.347045898438
2020-06-25,282.341918945312
2020-06-26,275.635833740234
2020-06-29,279.686920166016
2020-06-30,283.269653320312
2020-07-01,285.253814697266
2020-07-02,286.82470703125
2020-07-06,291.252563476562
2020-07-07,288.248687744141
2020-07-08,290.453338623047
2020-07-09,288.799774169922
2020-07-10,291.748596191406
2020-07-13,289.222381591797
2020-07-14,292.970489501953
2020-07-15,295.662048339844
2020-07-16,294.688323974609
2020-07-17,295.542663574219
2020-07-20,297.931121826172
2020-07-21,298.56494140625
2020-07-22,300.264373779297
2020-07-23,296.681640625
2020-07-24,294.77099609375
2020-07-27,296.920562744141
2020-07-28,295.037384033203
2020-07-29,298.665954589844
2020-07-30,297.600402832031
2020-07-31,299.952056884766
2020-08-03,302.037353515625
2020-08-04,303.203979492188
2020-08-05,305.087188720703
2020-08-06,307.12646484375
2020-08-07,307.347045898438
2020-08-10,308.265625
2020-08-11,305.721069335938
2020-08-12,309.983581542969
2020-08-13,309.423156738281
2020-08-14,309.432342529297
2020-08-17,310.415344238281
2020-08-18,311.085876464844
2020-08-19,309.790618896484
2020-08-20,310.755187988281
2020-08-21,311.857482910156
2020-08-24,315.017700195312
2020-08-25,316.119964599609
2020-08-26,319.289306640625
2020-08-27,319.987396240234
2020-08-28,322.054290771484
2020-08-31,320.8876953125
2020-09-01,323.909942626953
2020-09-02,328.595092773438
2020-09-03,317.286682128906
2020-09-04,314.696075439453
2020-09-08,306.097747802734
2020-09-09,312.142242431641
2020-09-10,306.722473144531
2020-09-11,306.878540039062
2020-09-14,310.920532226562
2020-09-15,312.491394042969
2020-09-16,311.251281738281
2020-09-17,308.513732910156
2020-09-18,304.961944580078
2020-09-21,301.567810058594
2020-09-22,304.639099121094
2020-09-23,297.574188232422
2020-09-24,298.367370605469
2020-09-25,303.191070556641
2020-09-28,308.226837158203
2020-09-29,306.548248291016
2020-09-30,308.872497558594
2020-10-01,310.855438232422
2020-10-02,307.904083251953
2020-10-05,313.364105224609
2020-10-06,308.909362792969
2020-10-07,314.286407470703
2020-10-08,317.071838378906
2020-10-09,319.903289794922
2020-10-12,325.049835205078
2020-10-13,322.928497314453
2020-10-14,320.899322509766
2020-10-15,320.502655029297
2020-10-16,320.309051513672
2020-10-19,315.439331054688
2020-10-20,316.702911376953
2020-10-21,316.103363037109
2020-10-22,317.837371826172
2020-10-23,318.916412353516
2020-10-26,313.022857666016
2020-10-27,311.943756103516
2020-10-28,301.281860351562
2020-10-29,304.343994140625
2020-10-30,301.171264648438
2020-11-02,304.546813964844
2020-11-03,309.923889160156
2020-11-04,316.850463867188
2020-11-05,323.029937744141
2020-11-06,322.956176757812
2020-11-09,327.014343261719
2020-11-10,326.534729003906
2020-11-11,328.960418701172
2020-11-12,325.769195556641
2020-11-13,330.279327392578
2020-11-16,334.402008056641
2020-11-17,332.603515625
2020-11-18,328.600708007812
2020-11-19,329.984161376953
2020-11-20,327.724548339844
2020-11-23,329.689056396484
2020-11-24,335.001556396484
2020-11-25,334.485015869141
2020-11-27,335.416595458984
2020-11-30,333.931640625
2020-12-01,337.584045410156
2020-12-02,338.294189453125
2020-12-03,338.202026367188
2020-12-04,341.116516113281
2020-12-07,340.415466308594
2020-12-08,341.411651611328
2020-12-09,338.349548339844
2020-12-10,338.238830566406
2020-12-11,337.842193603516
2020-12-14,336.329620361328
2020-12-15,340.876647949219
2020-12-16,341.411651611328
2020-12-17,343.320861816406
2020-12-18,341.949981689453
2020-12-21,340.727294921875
2020-12-22,340.153045654297
2020-12-23,340.458679199219
2020-12-24,341.783203125
2020-12-28,344.719451904297
2020-12-29,344.061676025391
2020-12-30,344.552581787109
2020-12-31,346.303161621094
2021-01-04,341.588684082031
2021-01-05,343.941375732422
2021-01-06,345.997650146484
2021-01-07,351.138275146484
2021-01-08,353.138885498047
2021-01-11,350.758483886719
2021-01-12,350.832458496094
2021-01-13,351.777374267578
2021-01-14,350.545440673828
2021-01-15,347.989013671875
2021-01-19,350.721374511719
2021-01-20,355.574890136719
2021-01-21,355.899078369141
2021-01-22,354.639404296875
2021-01-25,356.038055419922
2021-01-26,355.482391357422
2021-01-27,346.794189453125
2021-01-28,349.776672363281
2021-01-29,342.774291992188
2021-02-01,348.479919433594
2021-02-02,353.407592773438
2021-02-03,353.685363769531
2021-02-04,357.705261230469
2021-02-05,359.113159179688
2021-02-08,361.706695556641
2021-02-09,361.4658203125
2021-02-10,361.308441162109
2021-02-11,361.891906738281
2021-02-12,363.679626464844
2021-02-16,363.364562988281
2021-02-17,363.447998046875
2021-02-18,361.901123046875
2021-02-19,361.262084960938
2021-02-22,358.483367919922
2021-02-23,358.918609619141
2021-02-24,362.873779296875
2021-02-25,354.129974365234
2021-02-26,352.305297851562
2021-03-01,360.84521484375
2021-03-02,358.029449462891
2021-03-03,353.287139892578
2021-03-04,348.915374755859
2021-03-05,355.334136962891
2021-03-08,353.565032958984
2021-03-09,358.613006591797
2021-03-10,360.84521484375
2021-03-11,364.503967285156
2021-03-12,364.994812011719
2021-03-15,367.171508789062
2021-03-16,366.708404541016
2021-03-17,367.958801269531
2021-03-18,362.605194091797
2021-03-19,361.934204101562
2021-03-22,364.82421875
2021-03-23,361.952758789062
2021-03-24,360.112731933594
2021-03-25,362.138610839844
2021-03-26,367.974517822266
2021-03-29,367.788543701172
2021-03-30,366.812927246094
2021-03-31,368.299713134766
2021-04-01,372.277008056641
2021-04-05,377.620269775391
2021-04-06,377.397277832031
2021-04-07,377.834136962891
2021-04-08,379.627655029297
2021-04-09,382.387542724609
2021-04-12,382.527008056641
2021-04-13,383.660675048828
2021-04-14,382.350402832031
2021-04-15,386.457824707031
2021-04-16,387.74951171875
2021-04-19,385.844421386719
2021-04-20,383.019439697266
2021-04-21,386.643585205078
2021-04-22,383.1123046875
2021-04-23,387.266174316406
2021-04-26,388.074645996094
2021-04-27,387.991088867188
2021-04-28,387.879547119141
2021-04-29,390.351409912109
2021-04-30,387.786651611328
2021-05-03,388.622955322266
2021-05-04,386.225494384766
2021-05-05,386.346252441406
2021-05-06,389.431427001953
2021-05-07,392.265747070312
2021-05-10,388.381378173828
2021-05-11,384.915222167969
2021-05-12,376.737548828125
2021-05-13,381.263122558594
2021-05-14,387.117553710938
2021-05-17,386.132507324219
2021-05-18,382.805694580078
2021-05-19,381.802032470703
2021-05-20,385.909515380859
2021-05-21,385.593536376953
2021-05-24,389.524353027344
2021-05-25,388.66015625
2021-05-26,389.431427001953
2021-05-27,389.635955810547
2021-05-28,390.332794189453
2021-06-01,389.988983154297
2021-06-02,390.602294921875
2021-06-03,389.152648925781
2021-06-04,392.711791992188
2021-06-07,392.330780029297
2021-06-08,392.414428710938
2021-06-09,391.828979492188
2021-06-10,393.650329589844
2021-06-11,394.300811767578
2021-06-14,395.183715820312
2021-06-15,394.458801269531
2021-06-16,392.256500244141
2021-06-17,392.126373291016
2021-06-18,386.836456298828
2021-06-21,392.374328613281
2021-06-22,394.472045898438
2021-06-23,393.996612548828
2021-06-24,396.327392578125
2021-06-25,397.735198974609
2021-06-28,398.536926269531
2021-06-29,398.751403808594
2021-06-30,399.087066650391
2021-07-01,401.296600341797
2021-07-02,404.363922119141
2021-07-06,403.627410888672
2021-07-07,405.053802490234
2021-07-08,401.753479003906
2021-07-09,406.042175292969
2021-07-12,407.496520996094
2021-07-13,406.107391357422
2021-07-14,406.713256835938
2021-07-15,405.324249267578
2021-07-16,402.14501953125
2021-07-19,396.206207275391
2021-07-20,401.883972167969
2021-07-21,405.137817382812
2021-07-22,405.986175537109
2021-07-23,410.162902832031
2021-07-26,411.169830322266
2021-07-27,409.2958984375
2021-07-28,409.128021240234
2021-07-29,410.824890136719
2021-07-30,408.829742431641
2021-08-02,407.971984863281
2021-08-03,411.291046142578
2021-08-04,409.267913818359
2021-08-05,411.859802246094
2021-08-06,412.540344238281
2021-08-09,412.204742431641
2021-08-10,412.717468261719
2021-08-11,413.742980957031
2021-08-12,414.983001708984
2021-08-13,415.738311767578
2021-08-16,416.717102050781
2021-08-17,413.985443115234
2021-08-18,409.454467773438
2021-08-19,410.088226318359
2021-08-20,413.351409912109
2021-08-23,416.987518310547
2021-08-24,417.649444580078
2021-08-25,418.52587890625
2021-08-26,416.055145263672
2021-08-27,419.775146484375
2021-08-30,421.621063232422
2021-08-31,420.996459960938
2021-09-01,421.220123291016
2021-09-02,422.51611328125
2021-09-03,422.413482666016
2021-09-07,420.903228759766
2021-09-08,420.390472412109
2021-09-09,418.591003417969
2021-09-10,415.290618896484
2021-09-13,416.353454589844
2021-09-14,414.106719970703
2021-09-15,417.565521240234
2021-09-16,416.903625488281
2021-09-17,412.842529296875
2021-09-20,405.958648681641
2021-09-21,405.5751953125
2021-09-22,409.531555175781
2021-09-23,414.507293701172
2021-09-24,415.190124511719
2021-09-27,414.002258300781
2021-09-28,405.659362792969
2021-09-29,406.342163085938
2021-09-30,401.375701904297
2021-10-01,406.145782470703
2021-10-04,400.908020019531
2021-10-05,405.079528808594
2021-10-06,406.763031005859
2021-10-07,410.279754638672
2021-10-08,409.531555175781
2021-10-11,406.566619873047
2021-10-12,405.565826416016
2021-10-13,407.024871826172
2021-10-14,413.871337890625
2021-10-15,417.023254394531
2021-10-18,418.257843017578
2021-10-19,421.484710693359
2021-10-20,423.140197753906
2021-10-21,424.243835449219
2021-10-22,423.804229736328
2021-10-25,426.076934814453
2021-10-26,426.460418701172
2021-10-27,424.571136474609
2021-10-28,428.667846679688
2021-10-29,429.537719726562
2021-11-01,430.276580810547
2021-11-02,432.016235351562
2021-11-03,434.65380859375
2021-11-04,436.7021484375
2021-11-05,438.217224121094
2021-11-08,438.591400146484
2021-11-09,437.1416015625
2021-11-10,433.624908447266
2021-11-11,433.765228271484
2021-11-12,437.038726806641
2021-11-15,437.188446044922
2021-11-16,438.918640136719
2021-11-17,437.852478027344
2021-11-18,439.339599609375
2021-11-19,438.554046630859
2021-11-22,437.3193359375
2021-11-23,437.899261474609
2021-11-24,439.068420410156
2021-11-26,429.275726318359
2021-11-29,434.541534423828
2021-11-30,426.086273193359
2021-12-01,421.353820800781
2021-12-02,427.807403564453
2021-12-03,424.084869384766
2021-12-06,429.107452392578
2021-12-07,437.983428955078
2021-12-08,439.143188476562
2021-12-09,436.178283691406
2021-12-10,440.284271240234
2021-12-13,436.384033203125
2021-12-14,433.381744384766
2021-12-15,440.153381347656
2021-12-16,436.271911621094
2021-12-17,431.628631591797
2021-12-20,427.039001464844
2021-12-21,434.622741699219
2021-12-22,438.968322753906
2021-12-23,441.69970703125
2021-12-27,447.950714111328
2021-12-28,447.584747314453
2021-12-29,448.157196044922
2021-12-30,446.918243408203
2021-12-31,445.791839599609
2022-01-03,448.373016357422
2022-01-04,448.222869873047
2022-01-05,439.616058349609
2022-01-06,439.203063964844
2022-01-07,437.466613769531
2022-01-10,436.922302246094
2022-01-11,440.901885986328
2022-01-12,442.093902587891
2022-01-13,436.00244140625
2022-01-14,436.180847167969
2022-01-18,428.456237792969
2022-01-19,424.007354736328
2022-01-20,419.314331054688
2022-01-21,411.082946777344
2022-01-24,412.828735351562
2022-01-25,407.78857421875
2022-01-26,406.765380859375
2022-01-27,404.756896972656
2022-01-28,414.809173583984
2022-01-31,422.280303955078
2022-02-01,425.133605957031
2022-02-02,429.263458251953
2022-02-03,419.173583984375
2022-02-04,421.144592285156
2022-02-07,419.793060302734
2022-02-08,423.2470703125
2022-02-09,429.441650390625
2022-02-10,421.726531982422
2022-02-11,413.41064453125
2022-02-14,412.059112548828
2022-02-15,418.704284667969
2022-02-16,419.173583984375
2022-02-17,410.219390869141
2022-02-18,407.563293457031
2022-02-22,403.189392089844
2022-02-23,396.037384033203
2022-02-24,401.997436523438
2022-02-25,410.867095947266
2022-02-28,409.81591796875
2022-03-01,403.57421875
2022-03-02,410.998474121094
2022-03-03,408.952270507812
2022-03-04,405.629730224609
2022-03-07,393.672088623047
2022-03-08,390.687438964844
2022-03-09,401.161956787109
2022-03-10,399.350616455078
2022-03-11,394.272766113281
2022-03-14,391.391326904297
2022-03-15,399.998260498047
2022-03-16,408.867828369141
2022-03-17,413.983154296875
2022-03-18,418.517425537109
2022-03-21,418.395111083984
2022-03-22,423.290863037109
2022-03-23,417.839599609375
2022-03-24,424.138244628906
2022-03-25,426.209503173828
2022-03-28,429.241241455078
2022-03-29,434.55126953125
2022-03-30,431.867919921875
2022-03-31,425.220947265625
2022-04-01,426.426086425781
2022-04-04,430.079162597656
2022-04-05,424.646697998047
2022-04-06,420.400451660156
2022-04-07,422.518768310547
2022-04-08,421.389099121094
2022-04-11,414.186553955078
2022-04-12,412.651947021484
2022-04-13,417.378204345703
2022-04-14,412.181060791016
2022-04-18,412.350646972656
2022-04-19,419.007019042969
2022-04-20,418.696319580078
2022-04-21,412.435394287109
2022-04-22,401.118499755859
2022-04-25,403.444030761719
2022-04-26,391.759979248047
2022-04-27,392.861541748047
2022-04-28,402.784942626953
2022-04-29,387.899780273438
2022-05-02,390.234680175781
2022-05-03,392.023559570312
2022-05-04,403.961791992188
2022-05-05,389.603881835938
2022-05-06,387.2783203125
2022-05-09,374.878753662109
2022-05-10,375.744903564453
2022-05-11,369.775787353516
2022-05-12,369.389801025391
2022-05-13,378.221130371094
2022-05-16,376.686431884766
2022-05-17,384.434997558594
2022-05-18,368.937744140625
2022-05-19,366.67822265625
2022-05-20,366.838256835938
2022-05-23,373.701934814453
2022-05-24,370.849090576172
2022-05-25,374.125549316406
2022-05-26,381.601043701172
2022-05-27,390.969085693359
2022-05-31,388.775299072266
2022-06-01,385.630645751953
2022-06-02,392.974487304688
2022-06-03,386.525146484375
2022-06-06,387.702026367188
2022-06-07,391.420867919922
2022-06-08,387.165344238281
2022-06-09,377.95751953125
2022-06-10,366.998291015625
2022-06-13,353.064117431641
2022-06-14,352.000183105469
2022-06-15,357.018402099609
2022-06-16,345.202484130859
2022-06-17,345.946746826172
2022-06-21,354.655364990234
2022-06-22,354.012481689453
2022-06-23,357.482666015625
2022-06-24,368.848480224609
2022-06-27,367.439544677734
2022-06-28,359.931701660156
2022-06-29,359.638519287109
2022-06-30,356.716766357422
2022-07-01,360.489624023438
2022-07-05,361.17041015625
2022-07-06,362.39013671875
2022-07-07,367.817687988281
2022-07-08,367.515106201172
2022-07-11,363.316864013672
2022-07-12,360.101928710938
2022-07-13,358.210754394531
2022-07-14,357.340789794922
2022-07-15,364.167938232422
2022-07-18,361.160980224609
2022-07-19,370.919189453125
2022-07-20,373.283142089844
2022-07-21,377.084350585938
2022-07-22,373.585754394531
2022-07-25,374.039581298828
2022-07-26,369.614349365234
2022-07-27,379.2119140625
2022-07-28,383.968017578125
2022-07-29,389.56591796875
2022-08-01,388.412200927734
2022-08-02,385.849822998047
2022-08-03,391.891998291016
2022-08-04,391.627197265625
2022-08-05,390.96533203125
2022-08-08,390.511505126953
2022-08-09,388.960754394531
2022-08-10,397.130432128906
2022-08-11,397.130432128906
2022-08-12,403.853485107422
2022-08-15,405.517700195312
2022-08-16,406.311950683594
2022-08-17,403.427978515625
2022-08-18,404.600433349609
2022-08-19,399.163421630859
2022-08-22,390.851898193359
2022-08-23,389.906311035156
2022-08-24,391.154449462891
2022-08-25,396.676605224609
2022-08-26,383.249450683594
2022-08-29,380.71533203125
2022-08-30,376.535919189453
2022-08-31,373.6708984375
2022-09-01,374.843383789062
2022-09-02,370.890808105469
2022-09-06,369.491424560547
2022-09-07,376.129333496094
2022-09-08,378.587860107422
2022-09-09,384.469299316406
2022-09-12,388.601470947266
2022-09-13,371.704010009766
2022-09-14,373.122406005859
2022-09-15,368.886260986328
2022-09-16,366.072052001953
2022-09-19,368.910980224609
2022-09-20,364.676361083984
2022-09-21,358.315032958984
2022-09-22,355.305236816406
2022-09-23,349.352142333984
2022-09-26,345.896209716797
2022-09-27,345.013153076172
2022-09-28,351.801788330078
2022-09-29,344.452972412109
2022-09-30,339.126495361328
2022-10-03,348.079833984375
2022-10-04,358.865692138672
2022-10-05,358.030181884766
2022-10-06,354.336791992188
2022-10-07,344.452972412109
2022-10-10,341.822906494141
2022-10-11,339.658233642578
2022-10-12,338.537780761719
2022-10-13,347.472198486328
2022-10-14,339.553771972656
2022-10-17,348.279266357422
2022-10-18,352.371429443359
2022-10-19,349.874389648438
2022-10-20,346.940490722656
2022-10-21,355.371765136719
2022-10-24,359.720153808594
2022-10-25,365.464477539062
2022-10-26,362.7109375
2022-10-27,360.774078369141
2022-10-28,369.357116699219
2022-10-31,366.689147949219
2022-11-01,365.084625244141
2022-11-02,355.92236328125
2022-11-03,352.257446289062
2022-11-04,357.327575683594
2022-11-07,360.745635986328
2022-11-08,362.692016601562
2022-11-09,355.219848632812
2022-11-10,374.740600585938
2022-11-11,378.367553710938
2022-11-14,375.148895263672
2022-11-15,378.348480224609
2022-11-16,375.462158203125
2022-11-17,374.313323974609
2022-11-18,376.012847900391
2022-11-21,374.645599365234
2022-11-22,379.687225341797
2022-11-23,382.079864501953
2022-11-25,381.994445800781
2022-11-28,375.898956298828
2022-11-29,375.253295898438
2022-11-30,387.073974609375
2022-12-01,386.789154052734
2022-12-02,386.342926025391
2022-12-05,379.392944335938
2022-12-06,373.924072265625
2022-12-07,373.287963867188
2022-12-08,376.212249755859
2022-12-09,373.401824951172
2022-12-12,378.785278320312
2022-12-13,381.652648925781
2022-12-14,379.212554931641
2022-12-15,369.936340332031
2022-12-16,365.568786621094
2022-12-19,362.468963623047
2022-12-20,362.964904785156
2022-12-21,368.392120361328
2022-12-22,363.136596679688
2022-12-23,365.225463867188
2022-12-27,363.785186767578
2022-12-28,359.264068603516
2022-12-29,365.731018066406
2022-12-30,364.767639160156
2023-01-03,363.231964111328
2023-01-04,366.036254882812
2023-01-05,361.8583984375
2023-01-06,370.156585693359
2023-01-09,369.946838378906
2023-01-10,372.541229248047
2023-01-11,377.253082275391
2023-01-12,378.626586914062
2023-01-13,380.095458984375
2023-01-17,379.399169921875
2023-01-18,373.4091796875
2023-01-19,370.690887451172
2023-01-20,377.596466064453
2023-01-23,382.127044677734
2023-01-24,381.716979980469
2023-01-25,381.859954833984
2023-01-26,386.056793212891
2023-01-27,386.943786621094
2023-01-30,382.088958740234
2023-01-31,387.706939697266
2023-02-01,391.827331542969
2023-02-02,397.531219482422
2023-02-03,393.305816650391
2023-02-06,390.902160644531
2023-02-07,396.0146484375
2023-02-08,391.684295654297
2023-02-09,388.288757324219
2023-02-10,389.194854736328
2023-02-13,393.763549804688
2023-02-14,393.582397460938
2023-02-15,394.860473632812
2023-02-16,389.423767089844
2023-02-17,388.450927734375
2023-02-21,380.658142089844
2023-02-22,380.133636474609
2023-02-23,382.155639648438
2023-02-24,378.073333740234
2023-02-27,379.361022949219
2023-02-28,377.958892822266
2023-03-01,376.509063720703
2023-03-02,379.437347412109
2023-03-03,385.522644042969
2023-03-06,385.789733886719
2023-03-07,379.876068115234
2023-03-08,380.496032714844
2023-03-09,373.475982666016
2023-03-10,368.086883544922
2023-03-13,367.562255859375
2023-03-14,373.638153076172
2023-03-15,371.30126953125
2023-03-16,377.815765380859
2023-03-17,373.398040771484
2023-03-20,376.988586425781
2023-03-21,381.938629150391
2023-03-22,375.427886962891
2023-03-23,376.44287109375
2023-03-24,378.913024902344
2023-03-27,379.621551513672
2023-03-28,378.769500732422
2023-03-29,384.274780273438
2023-03-30,386.524841308594
2023-03-31,391.972778320312
2023-04-03,393.466461181641
2023-04-04,391.283416748047
2023-04-05,390.258911132812
2023-04-06,391.781280517578
2023-04-10,392.183380126953
2023-04-11,392.288696289062
2023-04-12,390.689788818359
2023-04-13,395.879241943359
2023-04-14,394.912170410156
2023-04-17,396.329162597656
2023-04-18,396.587646484375
2023-04-19,396.520660400391
2023-04-20,394.356781005859
2023-04-21,394.663238525391
2023-04-24,395.075012207031
2023-04-25,388.803527832031
2023-04-26,387.156768798828
2023-04-27,394.864288330078
2023-04-28,398.234497070312
2023-05-01,397.832366943359
2023-05-02,393.361114501953
2023-05-03,390.661041259766
2023-05-04,387.893951416016
2023-05-05,395.075012207031
2023-05-08,395.180236816406
2023-05-09,393.447204589844
2023-05-10,395.285552978516
2023-05-11,394.596221923828
2023-05-12,394.079193115234
2023-05-15,395.438781738281
2023-05-16,392.796142578125
2023-05-17,397.564300537109
2023-05-18,401.394134521484
2023-05-19,400.81005859375
2023-05-22,400.972869873047
2023-05-23,396.472808837891
2023-05-24,393.600463867188
2023-05-25,397.009002685547
2023-05-26,402.150512695312
2023-05-30,402.3037109375
2023-05-31,400.072845458984
2023-06-01,403.873931884766
2023-06-02,409.714447021484
2023-06-05,408.929260253906
2023-06-06,409.819732666016
2023-06-07,408.402679443359
2023-06-08,410.872955322266
2023-06-09,411.610137939453
2023-06-12,415.344268798828
2023-06-13,418.082580566406
2023-06-14,418.580413818359
2023-06-15,423.769897460938
2023-06-16,422.326385498047
2023-06-20,420.135314941406
2023-06-21,417.982635498047
2023-06-22,419.491424560547
2023-06-23,416.320068359375
2023-06-26,414.619049072266
2023-06-27,419.164672851562
2023-06-28,419.376098632812
2023-06-29,421.029083251953
2023-06-30,425.997467041016
2023-07-03,426.487579345703
2023-07-05,425.853332519531
2023-07-06,422.518615722656
2023-07-07,421.451934814453
2023-07-10,422.518615722656
2023-07-11,425.209442138672
2023-07-12,428.630645751953
2023-07-13,432.032623291016
2023-07-14,431.763580322266
2023-07-17,433.262664794922
2023-07-18,436.482147216797
2023-07-19,437.452728271484
2023-07-20,434.550445556641
2023-07-21,434.550445556641
2023-07-24,436.491821289062
2023-07-25,437.683410644531
2023-07-26,437.750671386719
2023-07-27,434.848449707031
2023-07-28,439.105712890625
2023-07-31,439.941741943359
2023-08-01,438.682861328125
2023-08-02,432.580413818359
2023-08-03,431.340698242188
2023-08-04,429.389831542969
2023-08-07,433.137817382812
2023-08-08,431.254211425781
2023-08-09,428.371154785156
2023-08-10,428.524932861328
2023-08-11,428.275054931641
2023-08-14,430.63916015625
2023-08-15,425.622741699219
2023-08-16,422.499420166016
2023-08-17,419.279998779297
2023-08-18,419.481842041016
2023-08-21,422.211151123047
2023-08-22,421.067504882812
2023-08-23,425.757232666016
2023-08-24,419.856658935547
2023-08-25,422.816558837891
2023-08-28,425.497741699219
2023-08-29,431.648254394531
2023-08-30,433.426116943359
2023-08-31,432.791870117188
2023-09-01,433.59912109375
2023-09-05,431.72509765625
2023-09-06,428.822875976562
2023-09-07,427.506286621094
2023-09-08,428.150177001953
2023-09-11,430.965972900391
2023-09-12,428.601867675781
2023-09-13,429.101623535156
2023-09-14,432.801452636719
2023-09-15,427.586944580078
2023-09-18,427.837677001953
2023-09-19,426.950439453125
2023-09-20,423.025329589844
2023-09-21,416.033386230469
2023-09-22,415.097900390625
2023-09-25,416.843505859375
2023-09-26,410.719543457031
2023-09-27,410.883514404297
2023-09-28,413.265502929688
2023-09-29,412.262634277344
2023-10-02,412.098602294922
2023-10-03,406.582305908203
2023-10-04,409.542999267578
2023-10-05,409.388671875
2023-10-06,414.249267578125
2023-10-09,416.9013671875
2023-10-10,419.0712890625
2023-10-11,420.787902832031
2023-10-12,418.222534179688
2023-10-13,416.139465332031
2023-10-16,420.517913818359
2023-10-17,420.498565673828
2023-10-18,414.895324707031
2023-10-19,411.249969482422
2023-10-20,406.196472167969
2023-10-23,405.492492675781
2023-10-24,408.549652099609
2023-10-25,402.68603515625
2023-10-26,397.864013671875
2023-10-27,396.060607910156
2023-10-30,400.795806884766
2023-10-31,403.31298828125
2023-11-01,407.614196777344
2023-11-02,415.425872802734
2023-11-03,419.215881347656
2023-11-06,420.180328369141
2023-11-07,421.376190185547
2023-11-08,421.684783935547
2023-11-09,418.396179199219
2023-11-10,424.925201416016
2023-11-13,424.520172119141
2023-11-14,432.756103515625
2023-11-15,433.672332763672
2023-11-16,434.202728271484
2023-11-17,434.742767333984
2023-11-20,438.089324951172
2023-11-21,437.134552001953
2023-11-22,438.822204589844
2023-11-24,439.092224121094
2023-11-27,438.301483154297
2023-11-28,438.735443115234
2023-11-29,438.4267578125
2023-11-30,440.153076171875
2023-12-01,442.756958007812
2023-12-04,440.432769775391
2023-12-05,440.346008300781
2023-12-06,438.571472167969
2023-12-07,441.91796875
2023-12-08,443.817810058594
2023-12-11,445.544097900391
2023-12-12,447.578979492188
2023-12-13,453.751068115234
2023-12-14,455.207366943359
2023-12-15,454.457916259766
2023-12-18,457.014251708984
2023-12-19,459.793334960938
2023-12-20,453.421813964844
2023-12-21,457.721130371094
2023-12-22,458.641021728516
2023-12-26,460.577606201172
2023-12-27,461.410400390625
2023-12-28,461.584747314453
2023-12-29,460.248413085938
2024-01-02,457.672698974609
2024-01-03,453.935089111328
2024-01-04,452.472869873047
2024-01-05,453.092620849609
2024-01-08,459.561004638672
2024-01-09,458.863739013672
2024-01-10,461.458801269531
2024-01-11,461.255493164062
2024-01-12,461.575042724609
2024-01-16,459.880462646484
2024-01-17,457.324096679688
2024-01-18,461.390991210938
2024-01-19,467.142822265625
2024-01-22,468.130493164062
2024-01-23,469.495758056641
2024-01-24,470.009033203125
2024-01-25,472.565368652344
2024-01-26,471.965026855469
2024-01-29,475.702667236328
2024-01-30,475.334716796875
2024-01-31,467.578552246094
2024-02-01,473.698303222656
2024-02-02,478.68505859375
2024-02-05,476.942108154297
2024-02-06,478.326843261719
2024-02-07,482.316253662109
2024-02-08,482.529296875
2024-02-09,485.318054199219
2024-02-12,485.10498046875
2024-02-13,478.423645019531
2024-02-14,482.771392822266
2024-02-15,486.102325439453
2024-02-16,483.681610107422
2024-02-20,481.018768310547
2024-02-21,481.454467773438
2024-02-22,491.418395996094
2024-02-23,491.75732421875
2024-02-26,489.956207275391
2024-02-27,490.866455078125
2024-02-28,490.217712402344
2024-02-29,491.980010986328
2024-03-01,496.598907470703
2024-03-04,496.066253662109
2024-03-05,491.108551025391
2024-03-06,493.597106933594
2024-03-07,498.496765136719
2024-03-08,495.504699707031
2024-03-11,495.078582763672
2024-03-12,500.404357910156
2024-03-13,499.619995117188
2024-03-14,498.632263183594
2024-03-15,495.208374023438
2024-03-18,498.151550292969
2024-03-19,500.919769287109
2024-03-20,505.552978515625
2024-03-21,507.223693847656
2024-03-22,506.262115478516
2024-03-25,504.863403320312
2024-03-26,503.930877685547
2024-03-27,508.165802001953
2024-03-28,508.068756103516
2024-04-01,507.184753417969
2024-04-02,503.960021972656
2024-04-03,504.513671875
2024-04-04,498.355499267578
2024-04-05,503.561767578125
2024-04-08,503.843383789062
2024-04-09,504.42626953125
2024-04-10,499.375457763672
2024-04-11,503.144134521484
2024-04-12,496.199188232422
2024-04-15,489.982757568359
2024-04-16,489.089080810547
2024-04-17,486.194549560547
2024-04-18,485.194122314453
2024-04-19,480.959136962891
2024-04-22,485.388366699219
2024-04-23,491.148315429688
2024-04-24,490.915191650391
2024-04-25,489.050231933594
2024-04-26,493.683441162109
2024-04-29,495.431823730469
2024-04-30,487.583557128906
2024-05-01,486.000305175781
2024-05-02,490.546112060547
2024-05-03,496.626556396484
2024-05-06,501.755157470703
2024-05-07,502.308807373047
2024-05-08,502.357421875
2024-05-09,505.251861572266
2024-05-10,505.902709960938
2024-05-13,505.970642089844
2024-05-14,508.292083740234
2024-05-15,514.586242675781
2024-05-16,513.527648925781
2024-05-17,514.265808105469
2024-05-20,514.858215332031
2024-05-21,516.120910644531
2024-05-22,514.634765625
2024-05-23,510.875823974609
2024-05-24,514.256042480469
2024-05-28,514.615356445312
2024-05-29,511.011901855469
2024-05-30,507.621917724609
2024-05-31,512.245300292969
2024-06-03,512.663024902344
2024-06-04,513.236267089844
2024-06-05,519.335998535156
2024-06-06,519.326354980469
2024-06-07,518.695007324219
2024-06-10,520.297607421875
2024-06-11,521.550598144531
2024-06-12,525.834167480469
2024-06-13,526.892944335938
2024-06-14,527.213500976562
2024-06-17,531.409545898438
2024-06-18,532.759643554688
2024-06-20,531.312377929688
2024-06-21,530.60009765625
2024-06-24,528.875366210938
2024-06-25,530.911926269531
2024-06-26,531.574584960938
2024-06-27,532.41259765625
2024-06-28,530.317443847656
2024-07-01,531.408935546875
2024-07-02,534.985229492188
2024-07-03,537.37255859375
2024-07-05,540.471313476562
2024-07-08,541.095031738281
2024-07-09,541.621215820312
2024-07-10,546.980712890625
2024-07-11,542.264343261719
2024-07-12,545.684631347656
2024-07-15,547.185363769531
2024-07-16,550.430297851562
2024-07-17,542.712646484375
2024-07-18,538.541870117188
2024-07-19,534.965637207031
2024-07-22,540.481079101562
2024-07-23,539.63330078125
2024-07-24,527.403869628906
2024-07-25,524.655883789062
2024-07-26,530.531860351562
2024-07-29,530.843688964844
2024-07-30,528.154174804688
2024-07-31,536.739196777344
2024-08-01,529.138427734375
2024-08-02,519.286743164062
2024-08-05,504.163208007812
2024-08-06,508.811309814453
2024-08-07,505.410461425781
2024-08-08,517.094177246094
2024-08-09,519.374389648438
2024-08-12,519.647277832031
2024-08-13,528.193237304688
2024-08-14,529.859497070312
2024-08-15,538.94140625
2024-08-16,540.149658203125
2024-08-19,545.314331054688
2024-08-20,544.427673339844
2024-08-21,546.298522949219
2024-08-22,542.010925292969
2024-08-23,547.769958496094
2024-08-26,546.464233398438
2024-08-27,547.214599609375
2024-08-28,544.037841796875
2024-08-29,544.086547851562
2024-08-30,549.280395507812
2024-09-03,537.976745605469
2024-09-04,536.875549316406
2024-09-05,535.56982421875
2024-09-06,526.556030273438
2024-09-09,532.451599121094
2024-09-10,534.770690917969
2024-09-11,540.2568359375
2024-09-12,544.807678222656
2024-09-13,547.653015136719
2024-09-16,548.4619140625
2024-09-17,548.685913085938
2024-09-18,547.058776855469
2024-09-19,556.393859863281
2024-09-20,555.432067871094
2024-09-23,556.820129394531
2024-09-24,558.413269042969
2024-09-25,557.181640625
2024-09-26,559.390686035156
2024-09-27,558.579345703125
2024-09-30,560.81787109375
2024-10-01,555.793762207031
2024-10-02,556.0283203125
2024-10-03,555.011901855469
2024-10-04,560.055358886719
2024-10-07,554.992309570312
2024-10-08,560.241027832031
2024-10-09,564.121520996094
2024-10-10,563.13427734375
2024-10-11,566.506469726562
2024-10-14,571.139526367188
2024-10-15,566.702026367188
2024-10-16,569.165100097656
2024-10-17,569.214050292969
2024-10-18,571.403503417969
2024-10-21,570.465148925781
2024-10-22,570.162231445312
2024-10-23,564.952392578125
2024-10-24,566.174255371094
2024-10-25,565.978576660156
2024-10-28,567.728393554688
2024-10-29,568.647155761719
2024-10-30,566.9267578125
2024-10-31,555.813354492188
2024-11-01,558.1591796875
2024-11-04,556.956848144531
2024-11-05,563.691467285156
2024-11-06,577.707946777344
2024-11-07,582.174926757812
2024-11-08,584.696716308594
2024-11-11,585.253967285156
2024-11-12,583.435729980469
2024-11-13,583.719299316406
2024-11-14,579.965881347656
2024-11-15,572.537414550781
2024-11-18,574.883239746094
2024-11-19,576.984619140625
2024-11-20,577.180236816406
2024-11-21,580.278747558594
2024-11-22,582.077209472656
2024-11-25,584.051635742188
2024-11-26,587.101257324219
2024-11-27,585.322265625
2024-11-29,588.958312988281
2024-12-02,590.013977050781
2024-12-03,590.287780761719
2024-12-04,593.953186035156
2024-12-05,592.975646972656
2024-12-06,594.099670410156
2024-12-09,591.040466308594
2024-12-10,589.202697753906
2024-12-11,593.757690429688
2024-12-12,590.698303222656
2024-12-13,590.580932617188
2024-12-16,593.102783203125
2024-12-17,590.6591796875
2024-12-18,573.055419921875
2024-12-19,572.879333496094
2024-12-20,579.76025390625
2024-12-23,583.232116699219
2024-12-24,589.714782714844
2024-12-26,589.753967285156
2024-12-27,583.545959472656
2024-12-30,576.886657714844
